account_age_days,followers_count,following_count,posts_count,followers_to_following_ratio,posts_per_day,bio_length,has_external_url,sentiment_score,content_diversity,suspicious_content_score,spam_pattern_matches,mention_count,mention_ratio,avg_mentions_per_post,hashtag_stuffing_ratio,link_post_ratio,duplicate_post_ratio,deberta_phishing_score,deberta_spam_confidence,nlp_phishing_score,nlp_spam_confidence,nlp_threat_class,nlp_high_risk_count,engagement_rate,posting_regularity,activity_score,time_zone_consistency,network_isolation_score,mutual_connection_ratio,clustering_coefficient,reciprocity,network_score,profile_pic_score,is_default_image,is_stock_photo,is_ai_generated,Sentiment,Country,Account.Type,Gender,Thread.Entry.Type,Twitter.Verified,word_sex,word_good,word_woman,word_new,word_like,name_2_w,links_twitter,links_youtube,links_facebook,links_instagram,links_other,is_threat
365,23,8,3792,2.875,10.389041095890411,0,0,0.5,1.0,0.0,0,0,0.0,0.0,0.0,0.0,0.0,0.0,0.0,0.0,0.0,0,0,0,0.5,0.5,0.5,0.5,0.5,0.5,0.5,0.5,0.5,1,0,0,neutral,Unknown,individual,unknown,original,no,0,0,0,0,0,0,0,0,0,0,0,1
365,322,8,407226,40.25,1115.6876712328767,0,0,0.5,1.0,0.0,0,0,0.0,0.0,0.0,0.0,0.0,0.0,0.0,0.0,0.0,0,0,0,0.5,0.5,0.5,0.5,0.5,0.5,0.5,0.5,0.5,1,0,0,neutral,Unknown,individual,unknown,original,no,0,0,0,0,0,0,0,0,0,0,0,1
365,171,86,15668,1.9883720930232558,42.92602739726028,0,0,0.5,1.0,0.0,0,0,0.0,0.0,0.0,0.0,0.0,0.0,0.0,0.0,0.0,0,0,0,0.5,0.5,0.5,0.5,0.5,0.5,0.5,0.5,0.5,1,0,0,neutral,Unknown,individual,unknown,original,no,0,0,0,0,0,0,0,0,0,0,0,1
365,3374,9,5087,374.8888888888889,13.936986301369863,0,0,0.5,1.0,0.0,0,0,0.0,0.0,0.0,0.0,0.0,0.0,0.0,0.0,0.0,0,0,0,0.5,0.5,0.5,0.4,0.5,0.5,0.5,0.4600000000000001,0.5,1,0,0,neutral,Unknown,individual,unknown,original,no,0,0,0,0,0,0,0,0,0,0,0,1
365,7,2,2813,3.5,7.706849315068493,0,0,0.5,1.0,0.0,0,0,0.0,0.0,0.0,0.0,0.0,0.0,0.0,0.0,0.0,0,0,0,0.5,0.5,0.5,0.5,0.5,0.5,0.5,0.5,0.5,1,0,0,neutral,Unknown,individual,unknown,original,no,0,0,0,0,0,0,0,0,0,0,0,1
365,3968,15,17685,264.53333333333336,48.45205479452055,0,0,0.5,1.0,0.0,0,0,0.0,0.0,0.0,0.0,0.0,0.0,0.0,0.0,0.0,0,0,0,0.5,0.5,0.5,0.4,0.5,0.5,0.5,0.4600000000000001,0.5,1,0,0,neutral,Unknown,individual,unknown,original,no,0,0,0,0,0,0,0,0,0,0,0,1
365,277,25,3046,11.08,8.345205479452055,0,0,0.5,1.0,0.0,0,0,0.0,0.0,0.0,0.0,0.0,0.0,0.0,0.0,0.0,0,0,0,0.5,0.5,0.5,0.5,0.5,0.5,0.5,0.5,0.5,1,0,0,neutral,Unknown,individual,unknown,original,no,0,0,0,0,0,0,0,0,0,0,0,1
365,55,1,1961,55.0,5.372602739726028,0,0,0.5,1.0,0.0,0,0,0.0,0.0,0.0,0.0,0.0,0.0,0.0,0.0,0.0,0,0,0,0.5,0.5,0.5,0.5,0.5,0.5,0.5,0.5,0.5,1,0,0,neutral,Unknown,individual,unknown,original,no,0,0,0,0,0,0,0,0,0,0,0,1
365,177,0,9166,0.0,25.112328767123287,0,0,0.5,1.0,0.0,0,0,0.0,0.0,0.0,0.0,0.0,0.0,0.0,0.0,0.0,0,0,0,0.5,0.5,0.5,0.3,0.5,0.5,0.5,0.42000000000000004,0.5,1,0,0,neutral,Unknown,individual,unknown,original,no,0,0,0,0,0,0,0,0,0,0,0,1
365,106,1,10279,106.0,28.161643835616438,0,0,0.5,1.0,0.0,0,0,0.0,0.0,0.0,0.0,0.0,0.0,0.0,0.0,0.0,0,0,0,0.5,0.5,0.5,0.4,0.5,0.5,0.5,0.4600000000000001,0.5,1,0,0,neutral,Unknown,individual,unknown,original,no,0,0,0,0,0,0,0,0,0,0,0,1
365,15,1,1246,15.0,3.4136986301369863,0,0,0.5,1.0,0.0,0,0,0.0,0.0,0.0,0.0,0.0,0.0,0.0,0.0,0.0,0,0,0,0.5,0.5,0.5,0.5,0.5,0.5,0.5,0.5,0.5,1,0,0,neutral,Unknown,individual,unknown,original,no,0,0,0,0,0,0,0,0,0,0,0,1
365,13,7,1951,1.8571428571428572,5.345205479452055,0,0,0.5,1.0,0.0,0,0,0.0,0.0,0.0,0.0,0.0,0.0,0.0,0.0,0.0,0,0,0,0.5,0.5,0.5,0.5,0.5,0.5,0.5,0.5,0.5,1,0,0,neutral,Unknown,individual,unknown,original,no,0,0,0,0,0,0,0,0,0,0,0,1
365,101,81,23227,1.2469135802469136,63.635616438356166,0,0,0.5,1.0,0.0,0,0,0.0,0.0,0.0,0.0,0.0,0.0,0.0,0.0,0.0,0,0,0,0.5,0.5,0.5,0.5,0.5,0.5,0.5,0.5,0.5,1,0,0,neutral,Unknown,individual,unknown,original,no,0,0,0,0,0,0,0,0,0,0,0,1
365,22,1,445,22.0,1.2191780821917808,0,0,0.5,1.0,0.0,0,0,0.0,0.0,0.0,0.0,0.0,0.0,0.0,0.0,0.0,0,0,0,0.5,0.5,0.5,0.5,0.5,0.5,0.5,0.5,0.5,1,0,0,neutral,Unknown,individual,unknown,original,no,0,0,0,0,0,0,0,0,0,0,0,1
365,19,0,2513,0.0,6.884931506849315,0,0,0.5,1.0,0.0,0,0,0.0,0.0,0.0,0.0,0.0,0.0,0.0,0.0,0.0,0,0,0,0.5,0.5,0.5,0.3,0.5,0.5,0.5,0.42000000000000004,0.5,1,0,0,neutral,Unknown,individual,unknown,original,no,0,0,0,0,0,0,0,0,0,0,0,1
365,3274,9,19812,363.77777777777777,54.27945205479452,0,0,0.5,1.0,0.0,0,0,0.0,0.0,0.0,0.0,0.0,0.0,0.0,0.0,0.0,0,0,0,0.5,0.5,0.5,0.4,0.5,0.5,0.5,0.4600000000000001,0.5,1,0,0,neutral,Unknown,individual,unknown,original,no,0,0,0,0,0,0,0,0,0,0,0,1
365,8,24,2505,0.3333333333333333,6.863013698630137,0,0,0.5,1.0,0.0,0,0,0.0,0.0,0.0,0.0,0.0,0.0,0.0,0.0,0.0,0,0,0,0.5,0.5,0.5,0.5,0.5,0.5,0.5,0.5,0.5,1,0,0,neutral,Unknown,individual,unknown,original,no,0,0,0,0,0,0,0,0,0,0,0,1
365,436,1,3267,436.0,8.95068493150685,0,0,0.5,1.0,0.0,0,0,0.0,0.0,0.0,0.0,0.0,0.0,0.0,0.0,0.0,0,0,0,0.5,0.5,0.5,0.4,0.5,0.5,0.5,0.4600000000000001,0.5,1,0,0,neutral,Unknown,individual,unknown,original,no,0,0,0,0,0,0,0,0,0,0,0,1
365,36,3,8462,12.0,23.183561643835617,0,0,0.5,1.0,0.0,0,0,0.0,0.0,0.0,0.0,0.0,0.0,0.0,0.0,0.0,0,0,0,0.5,0.5,0.5,0.5,0.5,0.5,0.5,0.5,0.5,1,0,0,neutral,Unknown,individual,unknown,original,no,0,0,0,0,0,0,0,0,0,0,0,1
365,56,2,9421,28.0,25.81095890410959,0,0,0.5,1.0,0.0,0,0,0.0,0.0,0.0,0.0,0.0,0.0,0.0,0.0,0.0,0,0,0,0.5,0.5,0.5,0.5,0.5,0.5,0.5,0.5,0.5,1,0,0,neutral,Unknown,individual,unknown,original,no,0,0,0,0,0,0,0,0,0,0,0,1
365,9109,7,39977,1301.2857142857142,109.52602739726028,0,0,0.5,1.0,0.0,0,0,0.0,0.0,0.0,0.0,0.0,0.0,0.0,0.0,0.0,0,0,0,0.5,0.5,0.5,0.4,0.5,0.5,0.5,0.4600000000000001,0.5,1,0,0,neutral,Unknown,individual,unknown,original,no,0,0,0,0,0,0,0,0,0,0,0,1
365,31,2,4003,15.5,10.967123287671233,0,0,0.5,1.0,0.0,0,0,0.0,0.0,0.0,0.0,0.0,0.0,0.0,0.0,0.0,0,0,0,0.5,0.5,0.5,0.5,0.5,0.5,0.5,0.5,0.5,1,0,0,neutral,Unknown,individual,unknown,original,no,0,0,0,0,0,0,0,0,0,0,0,1
365,14,1,6400,14.0,17.534246575342465,0,0,0.5,1.0,0.0,0,0,0.0,0.0,0.0,0.0,0.0,0.0,0.0,0.0,0.0,0,0,0,0.5,0.5,0.5,0.5,0.5,0.5,0.5,0.5,0.5,1,0,0,neutral,Unknown,individual,unknown,original,no,0,0,0,0,0,0,0,0,0,0,0,1
365,14,8,345,1.75,0.9452054794520548,0,0,0.5,1.0,0.0,0,0,0.0,0.0,0.0,0.0,0.0,0.0,0.0,0.0,0.0,0,0,0,0.5,0.5,0.5,0.5,0.5,0.5,0.5,0.5,0.5,1,0,0,neutral,Unknown,individual,unknown,original,no,0,0,0,0,0,0,0,0,0,0,0,1
365,257,4,3690,64.25,10.10958904109589,0,0,0.5,1.0,0.0,0,0,0.0,0.0,0.0,0.0,0.0,0.0,0.0,0.0,0.0,0,0,0,0.5,0.5,0.5,0.5,0.5,0.5,0.5,0.5,0.5,1,0,0,neutral,Unknown,individual,unknown,original,no,0,0,0,0,0,0,0,0,0,0,0,1
365,240,227,3444,1.0572687224669604,9.435616438356165,0,0,0.5,1.0,0.0,0,0,0.0,0.0,0.0,0.0,0.0,0.0,0.0,0.0,0.0,0,0,0,0.5,0.5,0.5,0.5,0.5,0.5,0.5,0.5,0.5,1,0,0,neutral,Unknown,individual,unknown,original,no,0,0,0,0,0,0,0,0,0,0,0,1
365,1760,0,581,0.0,1.5917808219178082,0,0,0.5,1.0,0.0,0,0,0.0,0.0,0.0,0.0,0.0,0.0,0.0,0.0,0.0,0,0,0,0.5,0.5,0.5,0.3,0.5,0.5,0.5,0.42000000000000004,0.5,1,0,0,neutral,Unknown,individual,unknown,original,no,0,0,0,0,0,0,0,0,0,0,0,1
365,1,2,2543,0.5,6.967123287671233,0,0,0.5,1.0,0.0,0,0,0.0,0.0,0.0,0.0,0.0,0.0,0.0,0.0,0.0,0,0,0,0.5,0.5,0.5,0.5,0.5,0.5,0.5,0.5,0.5,1,0,0,neutral,Unknown,individual,unknown,original,no,0,0,0,0,0,0,0,0,0,0,0,1
365,115,0,9882,0.0,27.073972602739726,0,0,0.5,1.0,0.0,0,0,0.0,0.0,0.0,0.0,0.0,0.0,0.0,0.0,0.0,0,0,0,0.5,0.5,0.5,0.3,0.5,0.5,0.5,0.42000000000000004,0.5,1,0,0,neutral,Unknown,individual,unknown,original,no,0,0,0,0,0,0,0,0,0,0,0,1
365,25,0,8460,0.0,23.17808219178082,0,0,0.5,1.0,0.0,0,0,0.0,0.0,0.0,0.0,0.0,0.0,0.0,0.0,0.0,0,0,0,0.5,0.5,0.5,0.3,0.5,0.5,0.5,0.42000000000000004,0.5,1,0,0,neutral,Unknown,individual,unknown,original,no,0,0,0,0,0,0,0,0,0,0,0,1
365,26,3,215353,8.666666666666666,590.0082191780822,0,0,0.5,1.0,0.0,0,0,0.0,0.0,0.0,0.0,0.0,0.0,0.0,0.0,0.0,0,0,0,0.5,0.5,0.5,0.5,0.5,0.5,0.5,0.5,0.5,1,0,0,neutral,Unknown,individual,unknown,original,no,0,0,0,0,0,0,0,0,0,0,0,1
365,419,3,754,139.66666666666666,2.0657534246575344,0,0,0.5,1.0,0.0,0,0,0.0,0.0,0.0,0.0,0.0,0.0,0.0,0.0,0.0,0,0,0,0.5,0.5,0.5,0.4,0.5,0.5,0.5,0.4600000000000001,0.5,1,0,0,neutral,Unknown,individual,unknown,original,no,0,0,0,0,0,0,0,0,0,0,0,1
365,9,0,5624,0.0,15.408219178082192,0,0,0.5,1.0,0.0,0,0,0.0,0.0,0.0,0.0,0.0,0.0,0.0,0.0,0.0,0,0,0,0.5,0.5,0.5,0.3,0.5,0.5,0.5,0.42000000000000004,0.5,1,0,0,neutral,Unknown,individual,unknown,original,no,0,0,0,0,0,0,0,0,0,0,0,1
365,141,24,1076,5.875,2.947945205479452,0,0,0.5,1.0,0.0,0,0,0.0,0.0,0.0,0.0,0.0,0.0,0.0,0.0,0.0,0,0,0,0.5,0.5,0.5,0.5,0.5,0.5,0.5,0.5,0.5,1,0,0,neutral,Unknown,individual,unknown,original,no,0,0,0,0,0,0,0,0,0,0,0,1
365,53,10,30813,5.3,84.41917808219178,0,0,0.5,1.0,0.0,0,0,0.0,0.0,0.0,0.0,0.0,0.0,0.0,0.0,0.0,0,0,0,0.5,0.5,0.5,0.5,0.5,0.5,0.5,0.5,0.5,1,0,0,neutral,Unknown,individual,unknown,original,no,0,0,0,0,0,0,0,0,0,0,0,1
365,89,2,8537,44.5,23.389041095890413,0,0,0.5,1.0,0.0,0,0,0.0,0.0,0.0,0.0,0.0,0.0,0.0,0.0,0.0,0,0,0,0.5,0.5,0.5,0.5,0.5,0.5,0.5,0.5,0.5,1,0,0,neutral,Unknown,individual,unknown,original,no,0,0,0,0,0,0,0,0,0,0,0,1
365,5,0,6685,0.0,18.315068493150687,0,0,0.5,1.0,0.0,0,0,0.0,0.0,0.0,0.0,0.0,0.0,0.0,0.0,0.0,0,0,0,0.5,0.5,0.5,0.3,0.5,0.5,0.5,0.42000000000000004,0.5,1,0,0,neutral,Unknown,individual,unknown,original,no,0,0,0,0,0,0,0,0,0,0,0,1
365,11553,0,33101,0.0,90.68767123287671,0,0,0.5,1.0,0.0,0,0,0.0,0.0,0.0,0.0,0.0,0.0,0.0,0.0,0.0,0,0,0,0.5,0.5,0.5,0.3,0.5,0.5,0.5,0.42000000000000004,0.5,1,0,0,neutral,Unknown,individual,unknown,original,no,0,0,0,0,0,0,0,0,0,0,0,1
365,121,264,7415,0.4583333333333333,20.315068493150687,0,0,0.5,1.0,0.0,0,0,0.0,0.0,0.0,0.0,0.0,0.0,0.0,0.0,0.0,0,0,0,0.5,0.5,0.5,0.5,0.5,0.5,0.5,0.5,0.5,1,0,0,neutral,Unknown,individual,unknown,original,no,0,0,0,0,0,0,0,0,0,0,0,1
365,63,0,241,0.0,0.6602739726027397,0,0,0.5,1.0,0.0,0,0,0.0,0.0,0.0,0.0,0.0,0.0,0.0,0.0,0.0,0,0,0,0.5,0.5,0.5,0.3,0.5,0.5,0.5,0.42000000000000004,0.5,1,0,0,neutral,Unknown,individual,unknown,original,no,0,0,0,0,0,0,0,0,0,0,0,1
365,2060,8,3540,257.5,9.698630136986301,0,0,0.5,1.0,0.0,0,0,0.0,0.0,0.0,0.0,0.0,0.0,0.0,0.0,0.0,0,0,0,0.5,0.5,0.5,0.4,0.5,0.5,0.5,0.4600000000000001,0.5,1,0,0,neutral,Unknown,individual,unknown,original,no,0,0,0,0,0,0,0,0,0,0,0,1
365,80,5,20463,16.0,56.06301369863014,0,0,0.5,1.0,0.0,0,0,0.0,0.0,0.0,0.0,0.0,0.0,0.0,0.0,0.0,0,0,0,0.5,0.5,0.5,0.5,0.5,0.5,0.5,0.5,0.5,1,0,0,neutral,Unknown,individual,unknown,original,no,0,0,0,0,0,0,0,0,0,0,0,1
365,11,0,3073,0.0,8.419178082191781,0,0,0.5,1.0,0.0,0,0,0.0,0.0,0.0,0.0,0.0,0.0,0.0,0.0,0.0,0,0,0,0.5,0.5,0.5,0.3,0.5,0.5,0.5,0.42000000000000004,0.5,1,0,0,neutral,Unknown,individual,unknown,original,no,0,0,0,0,0,0,0,0,0,0,0,1
365,11,1,21498,11.0,58.8986301369863,0,0,0.5,1.0,0.0,0,0,0.0,0.0,0.0,0.0,0.0,0.0,0.0,0.0,0.0,0,0,0,0.5,0.5,0.5,0.5,0.5,0.5,0.5,0.5,0.5,1,0,0,neutral,Unknown,individual,unknown,original,no,0,0,0,0,0,0,0,0,0,0,0,1
365,9,3,18069,3.0,49.50410958904109,0,0,0.5,1.0,0.0,0,0,0.0,0.0,0.0,0.0,0.0,0.0,0.0,0.0,0.0,0,0,0,0.5,0.5,0.5,0.5,0.5,0.5,0.5,0.5,0.5,1,0,0,neutral,Unknown,individual,unknown,original,no,0,0,0,0,0,0,0,0,0,0,0,1
365,3177,1,11681,3177.0,32.0027397260274,0,0,0.5,1.0,0.0,0,0,0.0,0.0,0.0,0.0,0.0,0.0,0.0,0.0,0.0,0,0,0,0.5,0.5,0.5,0.4,0.5,0.5,0.5,0.4600000000000001,0.5,1,0,0,neutral,Unknown,individual,unknown,original,no,0,0,0,0,0,0,0,0,0,0,0,1
365,13,2,17828,6.5,48.843835616438355,0,0,0.5,1.0,0.0,0,0,0.0,0.0,0.0,0.0,0.0,0.0,0.0,0.0,0.0,0,0,0,0.5,0.5,0.5,0.5,0.5,0.5,0.5,0.5,0.5,1,0,0,neutral,Unknown,individual,unknown,original,no,0,0,0,0,0,0,0,0,0,0,0,1
365,338,1,13773,338.0,37.73424657534247,0,0,0.5,1.0,0.0,0,0,0.0,0.0,0.0,0.0,0.0,0.0,0.0,0.0,0.0,0,0,0,0.5,0.5,0.5,0.4,0.5,0.5,0.5,0.4600000000000001,0.5,1,0,0,neutral,Unknown,individual,unknown,original,no,0,0,0,0,0,0,0,0,0,0,0,1
365,39,15,14006,2.6,38.37260273972603,0,0,0.5,1.0,0.0,0,0,0.0,0.0,0.0,0.0,0.0,0.0,0.0,0.0,0.0,0,0,0,0.5,0.5,0.5,0.5,0.5,0.5,0.5,0.5,0.5,1,0,0,neutral,Unknown,individual,unknown,original,no,0,0,0,0,0,0,0,0,0,0,0,1
365,43,0,44386,0.0,121.6054794520548,0,0,0.5,1.0,0.0,0,0,0.0,0.0,0.0,0.0,0.0,0.0,0.0,0.0,0.0,0,0,0,0.5,0.5,0.5,0.3,0.5,0.5,0.5,0.42000000000000004,0.5,1,0,0,neutral,Unknown,individual,unknown,original,no,0,0,0,0,0,0,0,0,0,0,0,1
365,30,4,38659,7.5,105.91506849315068,0,0,0.5,1.0,0.0,0,0,0.0,0.0,0.0,0.0,0.0,0.0,0.0,0.0,0.0,0,0,0,0.5,0.5,0.5,0.5,0.5,0.5,0.5,0.5,0.5,1,0,0,neutral,Unknown,individual,unknown,original,no,0,0,0,0,0,0,0,0,0,0,0,1
365,17861,0,44123,0.0,120.88493150684931,0,0,0.5,1.0,0.0,0,0,0.0,0.0,0.0,0.0,0.0,0.0,0.0,0.0,0.0,0,0,0,0.5,0.5,0.5,0.3,0.5,0.5,0.5,0.42000000000000004,0.5,1,0,0,neutral,Unknown,individual,unknown,original,no,0,0,0,0,0,0,0,0,0,0,0,1
365,1127,0,657,0.0,1.8,0,0,0.5,1.0,0.0,0,0,0.0,0.0,0.0,0.0,0.0,0.0,0.0,0.0,0.0,0,0,0,0.5,0.5,0.5,0.3,0.5,0.5,0.5,0.42000000000000004,0.5,1,0,0,neutral,Unknown,individual,unknown,original,no,0,0,0,0,0,0,0,0,0,0,0,1
365,595,9,19777,66.11111111111111,54.18356164383562,0,0,0.5,1.0,0.0,0,0,0.0,0.0,0.0,0.0,0.0,0.0,0.0,0.0,0.0,0,0,0,0.5,0.5,0.5,0.5,0.5,0.5,0.5,0.5,0.5,1,0,0,neutral,Unknown,individual,unknown,original,no,0,0,0,0,0,0,0,0,0,0,0,1
365,161,0,321,0.0,0.8794520547945206,0,0,0.5,1.0,0.0,0,0,0.0,0.0,0.0,0.0,0.0,0.0,0.0,0.0,0.0,0,0,0,0.5,0.5,0.5,0.3,0.5,0.5,0.5,0.42000000000000004,0.5,1,0,0,neutral,Unknown,individual,unknown,original,no,0,0,0,0,0,0,0,0,0,0,0,1
365,4,10,2254,0.4,6.175342465753425,0,0,0.5,1.0,0.0,0,0,0.0,0.0,0.0,0.0,0.0,0.0,0.0,0.0,0.0,0,0,0,0.5,0.5,0.5,0.5,0.5,0.5,0.5,0.5,0.5,1,0,0,neutral,Unknown,individual,unknown,original,no,0,0,0,0,0,0,0,0,0,0,0,1
365,2189,3061,17837,0.715125775890232,48.868493150684934,0,0,0.5,1.0,0.0,0,0,0.0,0.0,0.0,0.0,0.0,0.0,0.0,0.0,0.0,0,0,0,0.5,0.5,0.5,0.5,0.5,0.5,0.5,0.5,0.5,1,0,0,neutral,Unknown,individual,unknown,original,no,0,0,0,0,0,0,0,0,0,0,0,1
365,20,0,5265,0.0,14.424657534246576,0,0,0.5,1.0,0.0,0,0,0.0,0.0,0.0,0.0,0.0,0.0,0.0,0.0,0.0,0,0,0,0.5,0.5,0.5,0.3,0.5,0.5,0.5,0.42000000000000004,0.5,1,0,0,neutral,Unknown,individual,unknown,original,no,0,0,0,0,0,0,0,0,0,0,0,1
365,7,2,591797,3.5,1621.3616438356164,0,0,0.5,1.0,0.0,0,0,0.0,0.0,0.0,0.0,0.0,0.0,0.0,0.0,0.0,0,0,0,0.5,0.5,0.5,0.5,0.5,0.5,0.5,0.5,0.5,1,0,0,neutral,Unknown,individual,unknown,original,no,0,0,0,0,0,0,0,0,0,0,0,1
365,44,0,161,0.0,0.4410958904109589,0,0,0.5,1.0,0.0,0,0,0.0,0.0,0.0,0.0,0.0,0.0,0.0,0.0,0.0,0,0,0,0.5,0.5,0.5,0.3,0.5,0.5,0.5,0.42000000000000004,0.5,1,0,0,neutral,Unknown,individual,unknown,original,no,0,0,0,0,0,0,0,0,0,0,0,1
365,26,1,3441,26.0,9.427397260273972,0,0,0.5,1.0,0.0,0,0,0.0,0.0,0.0,0.0,0.0,0.0,0.0,0.0,0.0,0,0,0,0.5,0.5,0.5,0.5,0.5,0.5,0.5,0.5,0.5,1,0,0,neutral,Unknown,individual,unknown,original,no,0,0,0,0,0,0,0,0,0,0,0,1
365,24,0,23872,0.0,65.40273972602739,0,0,0.5,1.0,0.0,0,0,0.0,0.0,0.0,0.0,0.0,0.0,0.0,0.0,0.0,0,0,0,0.5,0.5,0.5,0.3,0.5,0.5,0.5,0.42000000000000004,0.5,1,0,0,neutral,Unknown,individual,unknown,original,no,0,0,0,0,0,0,0,0,0,0,0,1
365,4,2,18209,2.0,49.88767123287671,0,0,0.5,1.0,0.0,0,0,0.0,0.0,0.0,0.0,0.0,0.0,0.0,0.0,0.0,0,0,0,0.5,0.5,0.5,0.5,0.5,0.5,0.5,0.5,0.5,1,0,0,neutral,Unknown,individual,unknown,original,no,0,0,0,0,0,0,0,0,0,0,0,1
365,57,1,1549,57.0,4.243835616438356,0,0,0.5,1.0,0.0,0,0,0.0,0.0,0.0,0.0,0.0,0.0,0.0,0.0,0.0,0,0,0,0.5,0.5,0.5,0.5,0.5,0.5,0.5,0.5,0.5,1,0,0,neutral,Unknown,individual,unknown,original,no,0,0,0,0,0,0,0,0,0,0,0,1
365,1407,9,1598,156.33333333333334,4.3780821917808215,0,0,0.5,1.0,0.0,0,0,0.0,0.0,0.0,0.0,0.0,0.0,0.0,0.0,0.0,0,0,0,0.5,0.5,0.5,0.4,0.5,0.5,0.5,0.4600000000000001,0.5,1,0,0,neutral,Unknown,individual,unknown,original,no,0,0,0,0,0,0,0,0,0,0,0,1
365,574,0,4423,0.0,12.117808219178082,0,0,0.5,1.0,0.0,0,0,0.0,0.0,0.0,0.0,0.0,0.0,0.0,0.0,0.0,0,0,0,0.5,0.5,0.5,0.3,0.5,0.5,0.5,0.42000000000000004,0.5,1,0,0,neutral,Unknown,individual,unknown,original,no,0,0,0,0,0,0,0,0,0,0,0,1
365,4869,3,11243,1623.0,30.802739726027397,0,0,0.5,1.0,0.0,0,0,0.0,0.0,0.0,0.0,0.0,0.0,0.0,0.0,0.0,0,0,0,0.5,0.5,0.5,0.4,0.5,0.5,0.5,0.4600000000000001,0.5,1,0,0,neutral,Unknown,individual,unknown,original,no,0,0,0,0,0,0,0,0,0,0,0,1
365,197,52,18081,3.7884615384615383,49.536986301369865,0,0,0.5,1.0,0.0,0,0,0.0,0.0,0.0,0.0,0.0,0.0,0.0,0.0,0.0,0,0,0,0.5,0.5,0.5,0.5,0.5,0.5,0.5,0.5,0.5,1,0,0,neutral,Unknown,individual,unknown,original,no,0,0,0,0,0,0,0,0,0,0,0,1
365,20,1,2346,20.0,6.427397260273972,0,0,0.5,1.0,0.0,0,0,0.0,0.0,0.0,0.0,0.0,0.0,0.0,0.0,0.0,0,0,0,0.5,0.5,0.5,0.5,0.5,0.5,0.5,0.5,0.5,1,0,0,neutral,Unknown,individual,unknown,original,no,0,0,0,0,0,0,0,0,0,0,0,1
365,49,23,4376,2.130434782608696,11.98904109589041,0,0,0.5,1.0,0.0,0,0,0.0,0.0,0.0,0.0,0.0,0.0,0.0,0.0,0.0,0,0,0,0.5,0.5,0.5,0.5,0.5,0.5,0.5,0.5,0.5,1,0,0,neutral,Unknown,individual,unknown,original,no,0,0,0,0,0,0,0,0,0,0,0,1
365,1101,0,14961,0.0,40.989041095890414,0,0,0.5,1.0,0.0,0,0,0.0,0.0,0.0,0.0,0.0,0.0,0.0,0.0,0.0,0,0,0,0.5,0.5,0.5,0.3,0.5,0.5,0.5,0.42000000000000004,0.5,1,0,0,neutral,Unknown,individual,unknown,original,no,0,0,0,0,0,0,0,0,0,0,0,1
365,62,3,3299,20.666666666666668,9.038356164383561,0,0,0.5,1.0,0.0,0,0,0.0,0.0,0.0,0.0,0.0,0.0,0.0,0.0,0.0,0,0,0,0.5,0.5,0.5,0.5,0.5,0.5,0.5,0.5,0.5,1,0,0,neutral,Unknown,individual,unknown,original,no,0,0,0,0,0,0,0,0,0,0,0,1
365,620,0,42010,0.0,115.0958904109589,0,0,0.5,1.0,0.0,0,0,0.0,0.0,0.0,0.0,0.0,0.0,0.0,0.0,0.0,0,0,0,0.5,0.5,0.5,0.3,0.5,0.5,0.5,0.42000000000000004,0.5,1,0,0,neutral,Unknown,individual,unknown,original,no,0,0,0,0,0,0,0,0,0,0,0,1
365,48,0,56622,0.0,155.12876712328767,0,0,0.5,1.0,0.0,0,0,0.0,0.0,0.0,0.0,0.0,0.0,0.0,0.0,0.0,0,0,0,0.5,0.5,0.5,0.3,0.5,0.5,0.5,0.42000000000000004,0.5,1,0,0,neutral,Unknown,individual,unknown,original,no,0,0,0,0,0,0,0,0,0,0,0,1
365,9283,1,4855,9283.0,13.301369863013699,0,0,0.5,1.0,0.0,0,0,0.0,0.0,0.0,0.0,0.0,0.0,0.0,0.0,0.0,0,0,0,0.5,0.5,0.5,0.4,0.5,0.5,0.5,0.4600000000000001,0.5,1,0,0,neutral,Unknown,individual,unknown,original,no,0,0,0,0,0,0,0,0,0,0,0,1
365,4,1,1006,4.0,2.756164383561644,0,0,0.5,1.0,0.0,0,0,0.0,0.0,0.0,0.0,0.0,0.0,0.0,0.0,0.0,0,0,0,0.5,0.5,0.5,0.5,0.5,0.5,0.5,0.5,0.5,1,0,0,neutral,Unknown,individual,unknown,original,no,0,0,0,0,0,0,0,0,0,0,0,1
365,134,7,5851,19.142857142857142,16.03013698630137,0,0,0.5,1.0,0.0,0,0,0.0,0.0,0.0,0.0,0.0,0.0,0.0,0.0,0.0,0,0,0,0.5,0.5,0.5,0.5,0.5,0.5,0.5,0.5,0.5,1,0,0,neutral,Unknown,individual,unknown,original,no,0,0,0,0,0,0,0,0,0,0,0,1
365,33,0,28977,0.0,79.3890410958904,0,0,0.5,1.0,0.0,0,0,0.0,0.0,0.0,0.0,0.0,0.0,0.0,0.0,0.0,0,0,0,0.5,0.5,0.5,0.3,0.5,0.5,0.5,0.42000000000000004,0.5,1,0,0,neutral,Unknown,individual,unknown,original,no,0,0,0,0,0,0,0,0,0,0,0,1
365,77,1,27038,77.0,74.07671232876713,0,0,0.5,1.0,0.0,0,0,0.0,0.0,0.0,0.0,0.0,0.0,0.0,0.0,0.0,0,0,0,0.5,0.5,0.5,0.5,0.5,0.5,0.5,0.5,0.5,1,0,0,neutral,Unknown,individual,unknown,original,no,0,0,0,0,0,0,0,0,0,0,0,1
365,898,17,3307,52.8235294117647,9.06027397260274,0,0,0.5,1.0,0.0,0,0,0.0,0.0,0.0,0.0,0.0,0.0,0.0,0.0,0.0,0,0,0,0.5,0.5,0.5,0.5,0.5,0.5,0.5,0.5,0.5,1,0,0,neutral,Unknown,individual,unknown,original,no,0,0,0,0,0,0,0,0,0,0,0,1
365,11,45,1972,0.24444444444444444,5.402739726027397,0,0,0.5,1.0,0.0,0,0,0.0,0.0,0.0,0.0,0.0,0.0,0.0,0.0,0.0,0,0,0,0.5,0.5,0.5,0.5,0.5,0.5,0.5,0.5,0.5,1,0,0,neutral,Unknown,individual,unknown,original,no,0,0,0,0,0,0,0,0,0,0,0,1
365,18,0,878,0.0,2.4054794520547946,0,0,0.5,1.0,0.0,0,0,0.0,0.0,0.0,0.0,0.0,0.0,0.0,0.0,0.0,0,0,0,0.5,0.5,0.5,0.3,0.5,0.5,0.5,0.42000000000000004,0.5,1,0,0,neutral,Unknown,individual,unknown,original,no,0,0,0,0,0,0,0,0,0,0,0,1
365,435,0,28404,0.0,77.81917808219178,0,0,0.5,1.0,0.0,0,0,0.0,0.0,0.0,0.0,0.0,0.0,0.0,0.0,0.0,0,0,0,0.5,0.5,0.5,0.3,0.5,0.5,0.5,0.42000000000000004,0.5,1,0,0,neutral,Unknown,individual,unknown,original,no,0,0,0,0,0,0,0,0,0,0,0,1
365,35,7,767,5.0,2.1013698630136988,0,0,0.5,1.0,0.0,0,0,0.0,0.0,0.0,0.0,0.0,0.0,0.0,0.0,0.0,0,0,0,0.5,0.5,0.5,0.5,0.5,0.5,0.5,0.5,0.5,1,0,0,neutral,Unknown,individual,unknown,original,no,0,0,0,0,0,0,0,0,0,0,0,1
365,256,1,9963,256.0,27.295890410958904,0,0,0.5,1.0,0.0,0,0,0.0,0.0,0.0,0.0,0.0,0.0,0.0,0.0,0.0,0,0,0,0.5,0.5,0.5,0.4,0.5,0.5,0.5,0.4600000000000001,0.5,1,0,0,neutral,Unknown,individual,unknown,original,no,0,0,0,0,0,0,0,0,0,0,0,1
365,8,1,2656,8.0,7.276712328767124,0,0,0.5,1.0,0.0,0,0,0.0,0.0,0.0,0.0,0.0,0.0,0.0,0.0,0.0,0,0,0,0.5,0.5,0.5,0.5,0.5,0.5,0.5,0.5,0.5,1,0,0,neutral,Unknown,individual,unknown,original,no,0,0,0,0,0,0,0,0,0,0,0,1
365,155,23,6039,6.739130434782608,16.545205479452054,0,0,0.5,1.0,0.0,0,0,0.0,0.0,0.0,0.0,0.0,0.0,0.0,0.0,0.0,0,0,0,0.5,0.5,0.5,0.5,0.5,0.5,0.5,0.5,0.5,1,0,0,neutral,Unknown,individual,unknown,original,no,0,0,0,0,0,0,0,0,0,0,0,1
365,15541,59,4886,263.40677966101697,13.386301369863014,0,0,0.5,1.0,0.0,0,0,0.0,0.0,0.0,0.0,0.0,0.0,0.0,0.0,0.0,0,0,0,0.5,0.5,0.5,0.4,0.5,0.5,0.5,0.4600000000000001,0.5,1,0,0,neutral,Unknown,individual,unknown,original,no,0,0,0,0,0,0,0,0,0,0,0,1
365,226,3,17486,75.33333333333333,47.90684931506849,0,0,0.5,1.0,0.0,0,0,0.0,0.0,0.0,0.0,0.0,0.0,0.0,0.0,0.0,0,0,0,0.5,0.5,0.5,0.5,0.5,0.5,0.5,0.5,0.5,1,0,0,neutral,Unknown,individual,unknown,original,no,0,0,0,0,0,0,0,0,0,0,0,1
365,18,2,105,9.0,0.2876712328767123,0,0,0.5,1.0,0.0,0,0,0.0,0.0,0.0,0.0,0.0,0.0,0.0,0.0,0.0,0,0,0,0.5,0.5,0.5,0.5,0.5,0.5,0.5,0.5,0.5,1,0,0,neutral,Unknown,individual,unknown,original,no,0,0,0,0,0,0,0,0,0,0,0,1
365,31,0,3812,0.0,10.443835616438356,0,0,0.5,1.0,0.0,0,0,0.0,0.0,0.0,0.0,0.0,0.0,0.0,0.0,0.0,0,0,0,0.5,0.5,0.5,0.3,0.5,0.5,0.5,0.42000000000000004,0.5,1,0,0,neutral,Unknown,individual,unknown,original,no,0,0,0,0,0,0,0,0,0,0,0,1
365,19,1,9092,19.0,24.90958904109589,0,0,0.5,1.0,0.0,0,0,0.0,0.0,0.0,0.0,0.0,0.0,0.0,0.0,0.0,0,0,0,0.5,0.5,0.5,0.5,0.5,0.5,0.5,0.5,0.5,1,0,0,neutral,Unknown,individual,unknown,original,no,0,0,0,0,0,0,0,0,0,0,0,1
365,2174,0,1074,0.0,2.9424657534246577,0,0,0.5,1.0,0.0,0,0,0.0,0.0,0.0,0.0,0.0,0.0,0.0,0.0,0.0,0,0,0,0.5,0.5,0.5,0.3,0.5,0.5,0.5,0.42000000000000004,0.5,1,0,0,neutral,Unknown,individual,unknown,original,no,0,0,0,0,0,0,0,0,0,0,0,1
365,763,390,31079,1.9564102564102563,85.14794520547945,0,0,0.5,1.0,0.0,0,0,0.0,0.0,0.0,0.0,0.0,0.0,0.0,0.0,0.0,0,0,0,0.5,0.5,0.5,0.5,0.5,0.5,0.5,0.5,0.5,1,0,0,neutral,Unknown,individual,unknown,original,no,0,0,0,0,0,0,0,0,0,0,0,1
365,446,1018,33063,0.4381139489194499,90.58356164383562,0,0,0.5,1.0,0.0,0,0,0.0,0.0,0.0,0.0,0.0,0.0,0.0,0.0,0.0,0,0,0,0.5,0.5,0.5,0.5,0.5,0.5,0.5,0.5,0.5,1,0,0,neutral,Unknown,individual,unknown,original,no,0,0,0,0,0,0,0,0,0,0,0,1
365,54,1,7164,54.0,19.627397260273973,0,0,0.5,1.0,0.0,0,0,0.0,0.0,0.0,0.0,0.0,0.0,0.0,0.0,0.0,0,0,0,0.5,0.5,0.5,0.5,0.5,0.5,0.5,0.5,0.5,1,0,0,neutral,Unknown,individual,unknown,original,no,0,0,0,0,0,0,0,0,0,0,0,1
365,21,3,5557,7.0,15.224657534246575,0,0,0.5,1.0,0.0,0,0,0.0,0.0,0.0,0.0,0.0,0.0,0.0,0.0,0.0,0,0,0,0.5,0.5,0.5,0.5,0.5,0.5,0.5,0.5,0.5,1,0,0,neutral,Unknown,individual,unknown,original,no,0,0,0,0,0,0,0,0,0,0,0,1
365,134712,4876,14399,27.627563576702215,39.44931506849315,0,0,0.5,1.0,0.0,0,0,0.0,0.0,0.0,0.0,0.0,0.0,0.0,0.0,0.0,0,0,0,0.5,0.5,0.5,0.5,0.5,0.5,0.5,0.5,0.5,1,0,0,neutral,Unknown,individual,unknown,original,no,0,0,0,0,0,0,0,0,0,0,0,1
365,87,2,3861,43.5,10.578082191780823,0,0,0.5,1.0,0.0,0,0,0.0,0.0,0.0,0.0,0.0,0.0,0.0,0.0,0.0,0,0,0,0.5,0.5,0.5,0.5,0.5,0.5,0.5,0.5,0.5,1,0,0,neutral,Unknown,individual,unknown,original,no,0,0,0,0,0,0,0,0,0,0,0,1
365,108,0,398,0.0,1.0904109589041096,0,0,0.5,1.0,0.0,0,0,0.0,0.0,0.0,0.0,0.0,0.0,0.0,0.0,0.0,0,0,0,0.5,0.5,0.5,0.3,0.5,0.5,0.5,0.42000000000000004,0.5,1,0,0,neutral,Unknown,individual,unknown,original,no,0,0,0,0,0,0,0,0,0,0,0,1
365,85,2,4246,42.5,11.632876712328768,0,0,0.5,1.0,0.0,0,0,0.0,0.0,0.0,0.0,0.0,0.0,0.0,0.0,0.0,0,0,0,0.5,0.5,0.5,0.5,0.5,0.5,0.5,0.5,0.5,1,0,0,neutral,Unknown,individual,unknown,original,no,0,0,0,0,0,0,0,0,0,0,0,1
365,686,1,5956,686.0,16.317808219178083,0,0,0.5,1.0,0.0,0,0,0.0,0.0,0.0,0.0,0.0,0.0,0.0,0.0,0.0,0,0,0,0.5,0.5,0.5,0.4,0.5,0.5,0.5,0.4600000000000001,0.5,1,0,0,neutral,Unknown,individual,unknown,original,no,0,0,0,0,0,0,0,0,0,0,0,1
365,7,1,1260,7.0,3.452054794520548,0,0,0.5,1.0,0.0,0,0,0.0,0.0,0.0,0.0,0.0,0.0,0.0,0.0,0.0,0,0,0,0.5,0.5,0.5,0.5,0.5,0.5,0.5,0.5,0.5,1,0,0,neutral,Unknown,individual,unknown,original,no,0,0,0,0,0,0,0,0,0,0,0,1
365,18,0,18490,0.0,50.657534246575345,0,0,0.5,1.0,0.0,0,0,0.0,0.0,0.0,0.0,0.0,0.0,0.0,0.0,0.0,0,0,0,0.5,0.5,0.5,0.3,0.5,0.5,0.5,0.42000000000000004,0.5,1,0,0,neutral,Unknown,individual,unknown,original,no,0,0,0,0,0,0,0,0,0,0,0,1
365,333,5,3443,66.6,9.432876712328767,0,0,0.5,1.0,0.0,0,0,0.0,0.0,0.0,0.0,0.0,0.0,0.0,0.0,0.0,0,0,0,0.5,0.5,0.5,0.5,0.5,0.5,0.5,0.5,0.5,1,0,0,neutral,Unknown,individual,unknown,original,no,0,0,0,0,0,0,0,0,0,0,0,1
365,20995,4,6765,5248.75,18.534246575342465,0,0,0.5,1.0,0.0,0,0,0.0,0.0,0.0,0.0,0.0,0.0,0.0,0.0,0.0,0,0,0,0.5,0.5,0.5,0.4,0.5,0.5,0.5,0.4600000000000001,0.5,1,0,0,neutral,Unknown,individual,unknown,original,no,0,0,0,0,0,0,0,0,0,0,0,1
365,5447,3,5498,1815.6666666666667,15.063013698630137,0,0,0.5,1.0,0.0,0,0,0.0,0.0,0.0,0.0,0.0,0.0,0.0,0.0,0.0,0,0,0,0.5,0.5,0.5,0.4,0.5,0.5,0.5,0.4600000000000001,0.5,1,0,0,neutral,Unknown,individual,unknown,original,no,0,0,0,0,0,0,0,0,0,0,0,1
365,92,1,5078,92.0,13.912328767123288,0,0,0.5,1.0,0.0,0,0,0.0,0.0,0.0,0.0,0.0,0.0,0.0,0.0,0.0,0,0,0,0.5,0.5,0.5,0.5,0.5,0.5,0.5,0.5,0.5,1,0,0,neutral,Unknown,individual,unknown,original,no,0,0,0,0,0,0,0,0,0,0,0,1
365,49,1,20806,49.0,57.0027397260274,0,0,0.5,1.0,0.0,0,0,0.0,0.0,0.0,0.0,0.0,0.0,0.0,0.0,0.0,0,0,0,0.5,0.5,0.5,0.5,0.5,0.5,0.5,0.5,0.5,1,0,0,neutral,Unknown,individual,unknown,original,no,0,0,0,0,0,0,0,0,0,0,0,1
365,2650,3968,141273,0.6678427419354839,387.0493150684932,0,0,0.5,1.0,0.0,0,0,0.0,0.0,0.0,0.0,0.0,0.0,0.0,0.0,0.0,0,0,0,0.5,0.5,0.5,0.5,0.5,0.5,0.5,0.5,0.5,1,0,0,neutral,Unknown,individual,unknown,original,no,0,0,0,0,0,0,0,0,0,0,0,1
365,11,0,25525,0.0,69.93150684931507,0,0,0.5,1.0,0.0,0,0,0.0,0.0,0.0,0.0,0.0,0.0,0.0,0.0,0.0,0,0,0,0.5,0.5,0.5,0.3,0.5,0.5,0.5,0.42000000000000004,0.5,1,0,0,neutral,Unknown,individual,unknown,original,no,0,0,0,0,0,0,0,0,0,0,0,1
365,27,2,949,13.5,2.6,0,0,0.5,1.0,0.0,0,0,0.0,0.0,0.0,0.0,0.0,0.0,0.0,0.0,0.0,0,0,0,0.5,0.5,0.5,0.5,0.5,0.5,0.5,0.5,0.5,1,0,0,neutral,Unknown,individual,unknown,original,no,0,0,0,0,0,0,0,0,0,0,0,1
365,11,0,23930,0.0,65.56164383561644,0,0,0.5,1.0,0.0,0,0,0.0,0.0,0.0,0.0,0.0,0.0,0.0,0.0,0.0,0,0,0,0.5,0.5,0.5,0.3,0.5,0.5,0.5,0.42000000000000004,0.5,1,0,0,neutral,Unknown,individual,unknown,original,no,0,0,0,0,0,0,0,0,0,0,0,1
365,863,0,13387,0.0,36.676712328767124,0,0,0.5,1.0,0.0,0,0,0.0,0.0,0.0,0.0,0.0,0.0,0.0,0.0,0.0,0,0,0,0.5,0.5,0.5,0.3,0.5,0.5,0.5,0.42000000000000004,0.5,1,0,0,neutral,Unknown,individual,unknown,original,no,0,0,0,0,0,0,0,0,0,0,0,1
365,805,18,6488,44.72222222222222,17.775342465753425,0,0,0.5,1.0,0.0,0,0,0.0,0.0,0.0,0.0,0.0,0.0,0.0,0.0,0.0,0,0,0,0.5,0.5,0.5,0.5,0.5,0.5,0.5,0.5,0.5,1,0,0,neutral,Unknown,individual,unknown,original,no,0,0,0,0,0,0,0,0,0,0,0,1
365,10,0,2747,0.0,7.526027397260274,0,0,0.5,1.0,0.0,0,0,0.0,0.0,0.0,0.0,0.0,0.0,0.0,0.0,0.0,0,0,0,0.5,0.5,0.5,0.3,0.5,0.5,0.5,0.42000000000000004,0.5,1,0,0,neutral,Unknown,individual,unknown,original,no,0,0,0,0,0,0,0,0,0,0,0,1
365,13,4,3486,3.25,9.550684931506849,0,0,0.5,1.0,0.0,0,0,0.0,0.0,0.0,0.0,0.0,0.0,0.0,0.0,0.0,0,0,0,0.5,0.5,0.5,0.5,0.5,0.5,0.5,0.5,0.5,1,0,0,neutral,Unknown,individual,unknown,original,no,0,0,0,0,0,0,0,0,0,0,0,1
365,32,1,7158,32.0,19.610958904109587,0,0,0.5,1.0,0.0,0,0,0.0,0.0,0.0,0.0,0.0,0.0,0.0,0.0,0.0,0,0,0,0.5,0.5,0.5,0.5,0.5,0.5,0.5,0.5,0.5,1,0,0,neutral,Unknown,individual,unknown,original,no,0,0,0,0,0,0,0,0,0,0,0,1
365,18144,2,3739,9072.0,10.243835616438357,0,0,0.5,1.0,0.0,0,0,0.0,0.0,0.0,0.0,0.0,0.0,0.0,0.0,0.0,0,0,0,0.5,0.5,0.5,0.4,0.5,0.5,0.5,0.4600000000000001,0.5,1,0,0,neutral,Unknown,individual,unknown,original,no,0,0,0,0,0,0,0,0,0,0,0,1
365,243,0,10640,0.0,29.15068493150685,0,0,0.5,1.0,0.0,0,0,0.0,0.0,0.0,0.0,0.0,0.0,0.0,0.0,0.0,0,0,0,0.5,0.5,0.5,0.3,0.5,0.5,0.5,0.42000000000000004,0.5,1,0,0,neutral,Unknown,individual,unknown,original,no,0,0,0,0,0,0,0,0,0,0,0,1
365,6,0,175,0.0,0.4794520547945205,0,0,0.5,1.0,0.0,0,0,0.0,0.0,0.0,0.0,0.0,0.0,0.0,0.0,0.0,0,0,0,0.5,0.5,0.5,0.3,0.5,0.5,0.5,0.42000000000000004,0.5,1,0,0,neutral,Unknown,individual,unknown,original,no,0,0,0,0,0,0,0,0,0,0,0,1
365,21,0,250327,0.0,685.827397260274,0,0,0.5,1.0,0.0,0,0,0.0,0.0,0.0,0.0,0.0,0.0,0.0,0.0,0.0,0,0,0,0.5,0.5,0.5,0.3,0.5,0.5,0.5,0.42000000000000004,0.5,1,0,0,neutral,Unknown,individual,unknown,original,no,0,0,0,0,0,0,0,0,0,0,0,1
365,32,11,409,2.909090909090909,1.1205479452054794,0,0,0.5,1.0,0.0,0,0,0.0,0.0,0.0,0.0,0.0,0.0,0.0,0.0,0.0,0,0,0,0.5,0.5,0.5,0.5,0.5,0.5,0.5,0.5,0.5,1,0,0,neutral,Unknown,individual,unknown,original,no,0,0,0,0,0,0,0,0,0,0,0,1
365,6,7,1326,0.8571428571428571,3.632876712328767,0,0,0.5,1.0,0.0,0,0,0.0,0.0,0.0,0.0,0.0,0.0,0.0,0.0,0.0,0,0,0,0.5,0.5,0.5,0.5,0.5,0.5,0.5,0.5,0.5,1,0,0,neutral,Unknown,individual,unknown,original,no,0,0,0,0,0,0,0,0,0,0,0,1
365,70,0,5912,0.0,16.197260273972603,0,0,0.5,1.0,0.0,0,0,0.0,0.0,0.0,0.0,0.0,0.0,0.0,0.0,0.0,0,0,0,0.5,0.5,0.5,0.3,0.5,0.5,0.5,0.42000000000000004,0.5,1,0,0,neutral,Unknown,individual,unknown,original,no,0,0,0,0,0,0,0,0,0,0,0,1
365,5,0,1763,0.0,4.83013698630137,0,0,0.5,1.0,0.0,0,0,0.0,0.0,0.0,0.0,0.0,0.0,0.0,0.0,0.0,0,0,0,0.5,0.5,0.5,0.3,0.5,0.5,0.5,0.42000000000000004,0.5,1,0,0,neutral,Unknown,individual,unknown,original,no,0,0,0,0,0,0,0,0,0,0,0,1
365,2150,1,56809,2150.0,155.64109589041095,0,0,0.5,1.0,0.0,0,0,0.0,0.0,0.0,0.0,0.0,0.0,0.0,0.0,0.0,0,0,0,0.5,0.5,0.5,0.4,0.5,0.5,0.5,0.4600000000000001,0.5,1,0,0,neutral,Unknown,individual,unknown,original,no,0,0,0,0,0,0,0,0,0,0,0,1
365,483,2,1723,241.5,4.720547945205479,0,0,0.5,1.0,0.0,0,0,0.0,0.0,0.0,0.0,0.0,0.0,0.0,0.0,0.0,0,0,0,0.5,0.5,0.5,0.4,0.5,0.5,0.5,0.4600000000000001,0.5,1,0,0,neutral,Unknown,individual,unknown,original,no,0,0,0,0,0,0,0,0,0,0,0,1
365,22,2,3209,11.0,8.791780821917808,0,0,0.5,1.0,0.0,0,0,0.0,0.0,0.0,0.0,0.0,0.0,0.0,0.0,0.0,0,0,0,0.5,0.5,0.5,0.5,0.5,0.5,0.5,0.5,0.5,1,0,0,neutral,Unknown,individual,unknown,original,no,0,0,0,0,0,0,0,0,0,0,0,1
365,123,2,37384,61.5,102.42191780821918,0,0,0.5,1.0,0.0,0,0,0.0,0.0,0.0,0.0,0.0,0.0,0.0,0.0,0.0,0,0,0,0.5,0.5,0.5,0.5,0.5,0.5,0.5,0.5,0.5,1,0,0,neutral,Unknown,individual,unknown,original,no,0,0,0,0,0,0,0,0,0,0,0,1
365,1080,1,13547,1080.0,37.11506849315069,0,0,0.5,1.0,0.0,0,0,0.0,0.0,0.0,0.0,0.0,0.0,0.0,0.0,0.0,0,0,0,0.5,0.5,0.5,0.4,0.5,0.5,0.5,0.4600000000000001,0.5,1,0,0,neutral,Unknown,individual,unknown,original,no,0,0,0,0,0,0,0,0,0,0,0,1
365,112,0,5249,0.0,14.38082191780822,0,0,0.5,1.0,0.0,0,0,0.0,0.0,0.0,0.0,0.0,0.0,0.0,0.0,0.0,0,0,0,0.5,0.5,0.5,0.3,0.5,0.5,0.5,0.42000000000000004,0.5,1,0,0,neutral,Unknown,individual,unknown,original,no,0,0,0,0,0,0,0,0,0,0,0,1
365,2554,0,31796,0.0,87.11232876712329,0,0,0.5,1.0,0.0,0,0,0.0,0.0,0.0,0.0,0.0,0.0,0.0,0.0,0.0,0,0,0,0.5,0.5,0.5,0.3,0.5,0.5,0.5,0.42000000000000004,0.5,1,0,0,neutral,Unknown,individual,unknown,original,no,0,0,0,0,0,0,0,0,0,0,0,1
365,1589,9,10823,176.55555555555554,29.65205479452055,0,0,0.5,1.0,0.0,0,0,0.0,0.0,0.0,0.0,0.0,0.0,0.0,0.0,0.0,0,0,0,0.5,0.5,0.5,0.4,0.5,0.5,0.5,0.4600000000000001,0.5,1,0,0,neutral,Unknown,individual,unknown,original,no,0,0,0,0,0,0,0,0,0,0,0,1
365,106,10,8631,10.6,23.646575342465752,0,0,0.5,1.0,0.0,0,0,0.0,0.0,0.0,0.0,0.0,0.0,0.0,0.0,0.0,0,0,0,0.5,0.5,0.5,0.5,0.5,0.5,0.5,0.5,0.5,1,0,0,neutral,Unknown,individual,unknown,original,no,0,0,0,0,0,0,0,0,0,0,0,1
365,2887,1,1352,2887.0,3.7041095890410958,0,0,0.5,1.0,0.0,0,0,0.0,0.0,0.0,0.0,0.0,0.0,0.0,0.0,0.0,0,0,0,0.5,0.5,0.5,0.4,0.5,0.5,0.5,0.4600000000000001,0.5,1,0,0,neutral,Unknown,individual,unknown,original,no,0,0,0,0,0,0,0,0,0,0,0,1
365,3890,2,31651,1945.0,86.71506849315068,0,0,0.5,1.0,0.0,0,0,0.0,0.0,0.0,0.0,0.0,0.0,0.0,0.0,0.0,0,0,0,0.5,0.5,0.5,0.4,0.5,0.5,0.5,0.4600000000000001,0.5,1,0,0,neutral,Unknown,individual,unknown,original,no,0,0,0,0,0,0,0,0,0,0,0,1
365,28,3,2853,9.333333333333334,7.816438356164384,0,0,0.5,1.0,0.0,0,0,0.0,0.0,0.0,0.0,0.0,0.0,0.0,0.0,0.0,0,0,0,0.5,0.5,0.5,0.5,0.5,0.5,0.5,0.5,0.5,1,0,0,neutral,Unknown,individual,unknown,original,no,0,0,0,0,0,0,0,0,0,0,0,1
365,792,4,8765,198.0,24.013698630136986,0,0,0.5,1.0,0.0,0,0,0.0,0.0,0.0,0.0,0.0,0.0,0.0,0.0,0.0,0,0,0,0.5,0.5,0.5,0.4,0.5,0.5,0.5,0.4600000000000001,0.5,1,0,0,neutral,Unknown,individual,unknown,original,no,0,0,0,0,0,0,0,0,0,0,0,1
365,636,1,4609,636.0,12.627397260273973,0,0,0.5,1.0,0.0,0,0,0.0,0.0,0.0,0.0,0.0,0.0,0.0,0.0,0.0,0,0,0,0.5,0.5,0.5,0.4,0.5,0.5,0.5,0.4600000000000001,0.5,1,0,0,neutral,Unknown,individual,unknown,original,no,0,0,0,0,0,0,0,0,0,0,0,1
365,79,22,1514,3.590909090909091,4.147945205479452,0,0,0.5,1.0,0.0,0,0,0.0,0.0,0.0,0.0,0.0,0.0,0.0,0.0,0.0,0,0,0,0.5,0.5,0.5,0.5,0.5,0.5,0.5,0.5,0.5,1,0,0,neutral,Unknown,individual,unknown,original,no,0,0,0,0,0,0,0,0,0,0,0,1
365,158,0,102,0.0,0.27945205479452057,0,0,0.5,1.0,0.0,0,0,0.0,0.0,0.0,0.0,0.0,0.0,0.0,0.0,0.0,0,0,0,0.5,0.5,0.5,0.3,0.5,0.5,0.5,0.42000000000000004,0.5,1,0,0,neutral,Unknown,individual,unknown,original,no,0,0,0,0,0,0,0,0,0,0,0,1
365,37,13,6085,2.8461538461538463,16.671232876712327,0,0,0.5,1.0,0.0,0,0,0.0,0.0,0.0,0.0,0.0,0.0,0.0,0.0,0.0,0,0,0,0.5,0.5,0.5,0.5,0.5,0.5,0.5,0.5,0.5,1,0,0,neutral,Unknown,individual,unknown,original,no,0,0,0,0,0,0,0,0,0,0,0,1
365,646,11,8430,58.72727272727273,23.095890410958905,0,0,0.5,1.0,0.0,0,0,0.0,0.0,0.0,0.0,0.0,0.0,0.0,0.0,0.0,0,0,0,0.5,0.5,0.5,0.5,0.5,0.5,0.5,0.5,0.5,1,0,0,neutral,Unknown,individual,unknown,original,no,0,0,0,0,0,0,0,0,0,0,0,1
365,1474,54,532439,27.296296296296298,1458.7369863013698,0,0,0.5,1.0,0.0,0,0,0.0,0.0,0.0,0.0,0.0,0.0,0.0,0.0,0.0,0,0,0,0.5,0.5,0.5,0.5,0.5,0.5,0.5,0.5,0.5,1,0,0,neutral,Unknown,individual,unknown,original,no,0,0,0,0,0,0,0,0,0,0,0,1
365,716,1,15572,716.0,42.66301369863014,0,0,0.5,1.0,0.0,0,0,0.0,0.0,0.0,0.0,0.0,0.0,0.0,0.0,0.0,0,0,0,0.5,0.5,0.5,0.4,0.5,0.5,0.5,0.4600000000000001,0.5,1,0,0,neutral,Unknown,individual,unknown,original,no,0,0,0,0,0,0,0,0,0,0,0,1
365,82,2,1218,41.0,3.336986301369863,0,0,0.5,1.0,0.0,0,0,0.0,0.0,0.0,0.0,0.0,0.0,0.0,0.0,0.0,0,0,0,0.5,0.5,0.5,0.5,0.5,0.5,0.5,0.5,0.5,1,0,0,neutral,Unknown,individual,unknown,original,no,0,0,0,0,0,0,0,0,0,0,0,1
365,1258,1,2123,1258.0,5.816438356164384,0,0,0.5,1.0,0.0,0,0,0.0,0.0,0.0,0.0,0.0,0.0,0.0,0.0,0.0,0,0,0,0.5,0.5,0.5,0.4,0.5,0.5,0.5,0.4600000000000001,0.5,1,0,0,neutral,Unknown,individual,unknown,original,no,0,0,0,0,0,0,0,0,0,0,0,1
365,485,1,495,485.0,1.356164383561644,0,0,0.5,1.0,0.0,0,0,0.0,0.0,0.0,0.0,0.0,0.0,0.0,0.0,0.0,0,0,0,0.5,0.5,0.5,0.4,0.5,0.5,0.5,0.4600000000000001,0.5,1,0,0,neutral,Unknown,individual,unknown,original,no,0,0,0,0,0,0,0,0,0,0,0,1
365,3,0,176,0.0,0.4821917808219178,0,0,0.5,1.0,0.0,0,0,0.0,0.0,0.0,0.0,0.0,0.0,0.0,0.0,0.0,0,0,0,0.5,0.5,0.5,0.3,0.5,0.5,0.5,0.42000000000000004,0.5,1,0,0,neutral,Unknown,individual,unknown,original,no,0,0,0,0,0,0,0,0,0,0,0,1
365,6571,7,8396,938.7142857142857,23.002739726027396,0,0,0.5,1.0,0.0,0,0,0.0,0.0,0.0,0.0,0.0,0.0,0.0,0.0,0.0,0,0,0,0.5,0.5,0.5,0.4,0.5,0.5,0.5,0.4600000000000001,0.5,1,0,0,neutral,Unknown,individual,unknown,original,no,0,0,0,0,0,0,0,0,0,0,0,1
365,9,0,9044,0.0,24.778082191780822,0,0,0.5,1.0,0.0,0,0,0.0,0.0,0.0,0.0,0.0,0.0,0.0,0.0,0.0,0,0,0,0.5,0.5,0.5,0.3,0.5,0.5,0.5,0.42000000000000004,0.5,1,0,0,neutral,Unknown,individual,unknown,original,no,0,0,0,0,0,0,0,0,0,0,0,1
365,19,0,8014,0.0,21.956164383561642,0,0,0.5,1.0,0.0,0,0,0.0,0.0,0.0,0.0,0.0,0.0,0.0,0.0,0.0,0,0,0,0.5,0.5,0.5,0.3,0.5,0.5,0.5,0.42000000000000004,0.5,1,0,0,neutral,Unknown,individual,unknown,original,no,0,0,0,0,0,0,0,0,0,0,0,1
365,104,1,3138,104.0,8.597260273972603,0,0,0.5,1.0,0.0,0,0,0.0,0.0,0.0,0.0,0.0,0.0,0.0,0.0,0.0,0,0,0,0.5,0.5,0.5,0.4,0.5,0.5,0.5,0.4600000000000001,0.5,1,0,0,neutral,Unknown,individual,unknown,original,no,0,0,0,0,0,0,0,0,0,0,0,1
365,39,2,1173,19.5,3.213698630136986,0,0,0.5,1.0,0.0,0,0,0.0,0.0,0.0,0.0,0.0,0.0,0.0,0.0,0.0,0,0,0,0.5,0.5,0.5,0.5,0.5,0.5,0.5,0.5,0.5,1,0,0,neutral,Unknown,individual,unknown,original,no,0,0,0,0,0,0,0,0,0,0,0,1
365,11,0,1360,0.0,3.7260273972602738,0,0,0.5,1.0,0.0,0,0,0.0,0.0,0.0,0.0,0.0,0.0,0.0,0.0,0.0,0,0,0,0.5,0.5,0.5,0.3,0.5,0.5,0.5,0.42000000000000004,0.5,1,0,0,neutral,Unknown,individual,unknown,original,no,0,0,0,0,0,0,0,0,0,0,0,1
365,3413,1,5204,3413.0,14.257534246575343,0,0,0.5,1.0,0.0,0,0,0.0,0.0,0.0,0.0,0.0,0.0,0.0,0.0,0.0,0,0,0,0.5,0.5,0.5,0.4,0.5,0.5,0.5,0.4600000000000001,0.5,1,0,0,neutral,Unknown,individual,unknown,original,no,0,0,0,0,0,0,0,0,0,0,0,1
365,2524,4,10335,631.0,28.315068493150687,0,0,0.5,1.0,0.0,0,0,0.0,0.0,0.0,0.0,0.0,0.0,0.0,0.0,0.0,0,0,0,0.5,0.5,0.5,0.4,0.5,0.5,0.5,0.4600000000000001,0.5,1,0,0,neutral,Unknown,individual,unknown,original,no,0,0,0,0,0,0,0,0,0,0,0,1
365,20988,29,21889,723.7241379310345,59.96986301369863,0,0,0.5,1.0,0.0,0,0,0.0,0.0,0.0,0.0,0.0,0.0,0.0,0.0,0.0,0,0,0,0.5,0.5,0.5,0.4,0.5,0.5,0.5,0.4600000000000001,0.5,1,0,0,neutral,Unknown,individual,unknown,original,no,0,0,0,0,0,0,0,0,0,0,0,1
365,34,0,1700,0.0,4.657534246575342,0,0,0.5,1.0,0.0,0,0,0.0,0.0,0.0,0.0,0.0,0.0,0.0,0.0,0.0,0,0,0,0.5,0.5,0.5,0.3,0.5,0.5,0.5,0.42000000000000004,0.5,1,0,0,neutral,Unknown,individual,unknown,original,no,0,0,0,0,0,0,0,0,0,0,0,1
365,78,2,2439,39.0,6.682191780821918,0,0,0.5,1.0,0.0,0,0,0.0,0.0,0.0,0.0,0.0,0.0,0.0,0.0,0.0,0,0,0,0.5,0.5,0.5,0.5,0.5,0.5,0.5,0.5,0.5,1,0,0,neutral,Unknown,individual,unknown,original,no,0,0,0,0,0,0,0,0,0,0,0,1
365,45,2,2097,22.5,5.745205479452054,0,0,0.5,1.0,0.0,0,0,0.0,0.0,0.0,0.0,0.0,0.0,0.0,0.0,0.0,0,0,0,0.5,0.5,0.5,0.5,0.5,0.5,0.5,0.5,0.5,1,0,0,neutral,Unknown,individual,unknown,original,no,0,0,0,0,0,0,0,0,0,0,0,1
365,13,0,246,0.0,0.673972602739726,0,0,0.5,1.0,0.0,0,0,0.0,0.0,0.0,0.0,0.0,0.0,0.0,0.0,0.0,0,0,0,0.5,0.5,0.5,0.3,0.5,0.5,0.5,0.42000000000000004,0.5,1,0,0,neutral,Unknown,individual,unknown,original,no,0,0,0,0,0,0,0,0,0,0,0,1
365,20,47,15624,0.425531914893617,42.8054794520548,0,0,0.5,1.0,0.0,0,0,0.0,0.0,0.0,0.0,0.0,0.0,0.0,0.0,0.0,0,0,0,0.5,0.5,0.5,0.5,0.5,0.5,0.5,0.5,0.5,1,0,0,neutral,Unknown,individual,unknown,original,no,0,0,0,0,0,0,0,0,0,0,0,1
365,3291,8,2493,411.375,6.83013698630137,0,0,0.5,1.0,0.0,0,0,0.0,0.0,0.0,0.0,0.0,0.0,0.0,0.0,0.0,0,0,0,0.5,0.5,0.5,0.4,0.5,0.5,0.5,0.4600000000000001,0.5,1,0,0,neutral,Unknown,individual,unknown,original,no,0,0,0,0,0,0,0,0,0,0,0,1
365,10,0,1391,0.0,3.8109589041095893,0,0,0.5,1.0,0.0,0,0,0.0,0.0,0.0,0.0,0.0,0.0,0.0,0.0,0.0,0,0,0,0.5,0.5,0.5,0.3,0.5,0.5,0.5,0.42000000000000004,0.5,1,0,0,neutral,Unknown,individual,unknown,original,no,0,0,0,0,0,0,0,0,0,0,0,1
365,243,46,82,5.282608695652174,0.22465753424657534,0,0,0.5,1.0,0.0,0,0,0.0,0.0,0.0,0.0,0.0,0.0,0.0,0.0,0.0,0,0,0,0.5,0.5,0.5,0.5,0.5,0.5,0.5,0.5,0.5,1,0,0,neutral,Unknown,individual,unknown,original,no,0,0,0,0,0,0,0,0,0,0,0,1
365,26,8,15210,3.25,41.67123287671233,0,0,0.5,1.0,0.0,0,0,0.0,0.0,0.0,0.0,0.0,0.0,0.0,0.0,0.0,0,0,0,0.5,0.5,0.5,0.5,0.5,0.5,0.5,0.5,0.5,1,0,0,neutral,Unknown,individual,unknown,original,no,0,0,0,0,0,0,0,0,0,0,0,1
365,26,4,109386,6.5,299.6876712328767,0,0,0.5,1.0,0.0,0,0,0.0,0.0,0.0,0.0,0.0,0.0,0.0,0.0,0.0,0,0,0,0.5,0.5,0.5,0.5,0.5,0.5,0.5,0.5,0.5,1,0,0,neutral,Unknown,individual,unknown,original,no,0,0,0,0,0,0,0,0,0,0,0,1
365,20,0,3960,0.0,10.849315068493151,0,0,0.5,1.0,0.0,0,0,0.0,0.0,0.0,0.0,0.0,0.0,0.0,0.0,0.0,0,0,0,0.5,0.5,0.5,0.3,0.5,0.5,0.5,0.42000000000000004,0.5,1,0,0,neutral,Unknown,individual,unknown,original,no,0,0,0,0,0,0,0,0,0,0,0,1
365,3591,1,4705,3591.0,12.89041095890411,0,0,0.5,1.0,0.0,0,0,0.0,0.0,0.0,0.0,0.0,0.0,0.0,0.0,0.0,0,0,0,0.5,0.5,0.5,0.4,0.5,0.5,0.5,0.4600000000000001,0.5,1,0,0,neutral,Unknown,individual,unknown,original,no,0,0,0,0,0,0,0,0,0,0,0,1
365,105,0,2015,0.0,5.52054794520548,0,0,0.5,1.0,0.0,0,0,0.0,0.0,0.0,0.0,0.0,0.0,0.0,0.0,0.0,0,0,0,0.5,0.5,0.5,0.3,0.5,0.5,0.5,0.42000000000000004,0.5,1,0,0,neutral,Unknown,individual,unknown,original,no,0,0,0,0,0,0,0,0,0,0,0,1
365,70,1,32880,70.0,90.08219178082192,0,0,0.5,1.0,0.0,0,0,0.0,0.0,0.0,0.0,0.0,0.0,0.0,0.0,0.0,0,0,0,0.5,0.5,0.5,0.5,0.5,0.5,0.5,0.5,0.5,1,0,0,neutral,Unknown,individual,unknown,original,no,0,0,0,0,0,0,0,0,0,0,0,1
365,26,0,1043,0.0,2.8575342465753426,0,0,0.5,1.0,0.0,0,0,0.0,0.0,0.0,0.0,0.0,0.0,0.0,0.0,0.0,0,0,0,0.5,0.5,0.5,0.3,0.5,0.5,0.5,0.42000000000000004,0.5,1,0,0,neutral,Unknown,individual,unknown,original,no,0,0,0,0,0,0,0,0,0,0,0,1
365,5,0,22174,0.0,60.75068493150685,0,0,0.5,1.0,0.0,0,0,0.0,0.0,0.0,0.0,0.0,0.0,0.0,0.0,0.0,0,0,0,0.5,0.5,0.5,0.3,0.5,0.5,0.5,0.42000000000000004,0.5,1,0,0,neutral,Unknown,individual,unknown,original,no,0,0,0,0,0,0,0,0,0,0,0,1
365,1,3,6507,0.3333333333333333,17.827397260273973,0,0,0.5,1.0,0.0,0,0,0.0,0.0,0.0,0.0,0.0,0.0,0.0,0.0,0.0,0,0,0,0.5,0.5,0.5,0.5,0.5,0.5,0.5,0.5,0.5,1,0,0,neutral,Unknown,individual,unknown,original,no,0,0,0,0,0,0,0,0,0,0,0,1
365,147,1,3245,147.0,8.89041095890411,0,0,0.5,1.0,0.0,0,0,0.0,0.0,0.0,0.0,0.0,0.0,0.0,0.0,0.0,0,0,0,0.5,0.5,0.5,0.4,0.5,0.5,0.5,0.4600000000000001,0.5,1,0,0,neutral,Unknown,individual,unknown,original,no,0,0,0,0,0,0,0,0,0,0,0,1
365,698,2,6326,349.0,17.33150684931507,0,0,0.5,1.0,0.0,0,0,0.0,0.0,0.0,0.0,0.0,0.0,0.0,0.0,0.0,0,0,0,0.5,0.5,0.5,0.4,0.5,0.5,0.5,0.4600000000000001,0.5,1,0,0,neutral,Unknown,individual,unknown,original,no,0,0,0,0,0,0,0,0,0,0,0,1
365,115,128,11880,0.8984375,32.54794520547945,0,0,0.5,1.0,0.0,0,0,0.0,0.0,0.0,0.0,0.0,0.0,0.0,0.0,0.0,0,0,0,0.5,0.5,0.5,0.5,0.5,0.5,0.5,0.5,0.5,1,0,0,neutral,Unknown,individual,unknown,original,no,0,0,0,0,0,0,0,0,0,0,0,1
365,3,1,2015,3.0,5.52054794520548,0,0,0.5,1.0,0.0,0,0,0.0,0.0,0.0,0.0,0.0,0.0,0.0,0.0,0.0,0,0,0,0.5,0.5,0.5,0.5,0.5,0.5,0.5,0.5,0.5,1,0,0,neutral,Unknown,individual,unknown,original,no,0,0,0,0,0,0,0,0,0,0,0,1
365,54,2,2224,27.0,6.093150684931507,0,0,0.5,1.0,0.0,0,0,0.0,0.0,0.0,0.0,0.0,0.0,0.0,0.0,0.0,0,0,0,0.5,0.5,0.5,0.5,0.5,0.5,0.5,0.5,0.5,1,0,0,neutral,Unknown,individual,unknown,original,no,0,0,0,0,0,0,0,0,0,0,0,1
365,5,0,11637,0.0,31.882191780821916,0,0,0.5,1.0,0.0,0,0,0.0,0.0,0.0,0.0,0.0,0.0,0.0,0.0,0.0,0,0,0,0.5,0.5,0.5,0.3,0.5,0.5,0.5,0.42000000000000004,0.5,1,0,0,neutral,Unknown,individual,unknown,original,no,0,0,0,0,0,0,0,0,0,0,0,1
365,1788,4,61062,447.0,167.2931506849315,0,0,0.5,1.0,0.0,0,0,0.0,0.0,0.0,0.0,0.0,0.0,0.0,0.0,0.0,0,0,0,0.5,0.5,0.5,0.4,0.5,0.5,0.5,0.4600000000000001,0.5,1,0,0,neutral,Unknown,individual,unknown,original,no,0,0,0,0,0,0,0,0,0,0,0,1
365,51,0,2370,0.0,6.493150684931507,0,0,0.5,1.0,0.0,0,0,0.0,0.0,0.0,0.0,0.0,0.0,0.0,0.0,0.0,0,0,0,0.5,0.5,0.5,0.3,0.5,0.5,0.5,0.42000000000000004,0.5,1,0,0,neutral,Unknown,individual,unknown,original,no,0,0,0,0,0,0,0,0,0,0,0,1
365,287,9,3809,31.88888888888889,10.435616438356165,0,0,0.5,1.0,0.0,0,0,0.0,0.0,0.0,0.0,0.0,0.0,0.0,0.0,0.0,0,0,0,0.5,0.5,0.5,0.5,0.5,0.5,0.5,0.5,0.5,1,0,0,neutral,Unknown,individual,unknown,original,no,0,0,0,0,0,0,0,0,0,0,0,1
365,668,26,2890,25.692307692307693,7.917808219178082,0,0,0.5,1.0,0.0,0,0,0.0,0.0,0.0,0.0,0.0,0.0,0.0,0.0,0.0,0,0,0,0.5,0.5,0.5,0.5,0.5,0.5,0.5,0.5,0.5,1,0,0,neutral,Unknown,individual,unknown,original,no,0,0,0,0,0,0,0,0,0,0,0,1
365,8,4,1625,2.0,4.4520547945205475,0,0,0.5,1.0,0.0,0,0,0.0,0.0,0.0,0.0,0.0,0.0,0.0,0.0,0.0,0,0,0,0.5,0.5,0.5,0.5,0.5,0.5,0.5,0.5,0.5,1,0,0,neutral,Unknown,individual,unknown,original,no,0,0,0,0,0,0,0,0,0,0,0,1
365,571,1538,3220,0.3712613784135241,8.821917808219178,0,0,0.5,1.0,0.0,0,0,0.0,0.0,0.0,0.0,0.0,0.0,0.0,0.0,0.0,0,0,0,0.5,0.5,0.5,0.5,0.5,0.5,0.5,0.5,0.5,1,0,0,neutral,Unknown,individual,unknown,original,no,0,0,0,0,0,0,0,0,0,0,0,1
365,62,2,8513,31.0,23.323287671232876,0,0,0.5,1.0,0.0,0,0,0.0,0.0,0.0,0.0,0.0,0.0,0.0,0.0,0.0,0,0,0,0.5,0.5,0.5,0.5,0.5,0.5,0.5,0.5,0.5,1,0,0,neutral,Unknown,individual,unknown,original,no,0,0,0,0,0,0,0,0,0,0,0,1
365,702,4,1987,175.5,5.443835616438356,0,0,0.5,1.0,0.0,0,0,0.0,0.0,0.0,0.0,0.0,0.0,0.0,0.0,0.0,0,0,0,0.5,0.5,0.5,0.4,0.5,0.5,0.5,0.4600000000000001,0.5,1,0,0,neutral,Unknown,individual,unknown,original,no,0,0,0,0,0,0,0,0,0,0,0,1
365,144,50,1090,2.88,2.9863013698630136,0,0,0.5,1.0,0.0,0,0,0.0,0.0,0.0,0.0,0.0,0.0,0.0,0.0,0.0,0,0,0,0.5,0.5,0.5,0.5,0.5,0.5,0.5,0.5,0.5,1,0,0,neutral,Unknown,individual,unknown,original,no,0,0,0,0,0,0,0,0,0,0,0,1
365,649,0,324,0.0,0.8876712328767123,0,0,0.5,1.0,0.0,0,0,0.0,0.0,0.0,0.0,0.0,0.0,0.0,0.0,0.0,0,0,0,0.5,0.5,0.5,0.3,0.5,0.5,0.5,0.42000000000000004,0.5,1,0,0,neutral,Unknown,individual,unknown,original,no,0,0,0,0,0,0,0,0,0,0,0,1
365,1577,0,8270,0.0,22.65753424657534,0,0,0.5,1.0,0.0,0,0,0.0,0.0,0.0,0.0,0.0,0.0,0.0,0.0,0.0,0,0,0,0.5,0.5,0.5,0.3,0.5,0.5,0.5,0.42000000000000004,0.5,1,0,0,neutral,Unknown,individual,unknown,original,no,0,0,0,0,0,0,0,0,0,0,0,1
365,17,10,876,1.7,2.4,0,0,0.5,1.0,0.0,0,0,0.0,0.0,0.0,0.0,0.0,0.0,0.0,0.0,0.0,0,0,0,0.5,0.5,0.5,0.5,0.5,0.5,0.5,0.5,0.5,1,0,0,neutral,Unknown,individual,unknown,original,no,0,0,0,0,0,0,0,0,0,0,0,1
365,8358,0,21526,0.0,58.97534246575343,0,0,0.5,1.0,0.0,0,0,0.0,0.0,0.0,0.0,0.0,0.0,0.0,0.0,0.0,0,0,0,0.5,0.5,0.5,0.3,0.5,0.5,0.5,0.42000000000000004,0.5,1,0,0,neutral,Unknown,individual,unknown,original,no,0,0,0,0,0,0,0,0,0,0,0,1
365,33,1,484,33.0,1.326027397260274,0,0,0.5,1.0,0.0,0,0,0.0,0.0,0.0,0.0,0.0,0.0,0.0,0.0,0.0,0,0,0,0.5,0.5,0.5,0.5,0.5,0.5,0.5,0.5,0.5,1,0,0,neutral,Unknown,individual,unknown,original,no,0,0,0,0,0,0,0,0,0,0,0,1
365,1295,4337,3075,0.29859349780954575,8.424657534246576,0,0,0.5,1.0,0.0,0,0,0.0,0.0,0.0,0.0,0.0,0.0,0.0,0.0,0.0,0,0,0,0.5,0.5,0.5,0.5,0.5,0.5,0.5,0.5,0.5,1,0,0,neutral,Unknown,individual,unknown,original,no,0,0,0,0,0,0,0,0,0,0,0,1
365,147,6,5386,24.5,14.756164383561643,0,0,0.5,1.0,0.0,0,0,0.0,0.0,0.0,0.0,0.0,0.0,0.0,0.0,0.0,0,0,0,0.5,0.5,0.5,0.5,0.5,0.5,0.5,0.5,0.5,1,0,0,neutral,Unknown,individual,unknown,original,no,0,0,0,0,0,0,0,0,0,0,0,1
365,2,0,574,0.0,1.5726027397260274,0,0,0.5,1.0,0.0,0,0,0.0,0.0,0.0,0.0,0.0,0.0,0.0,0.0,0.0,0,0,0,0.5,0.5,0.5,0.3,0.5,0.5,0.5,0.42000000000000004,0.5,1,0,0,neutral,Unknown,individual,unknown,original,no,0,0,0,0,0,0,0,0,0,0,0,1
365,511,19,2177,26.894736842105264,5.964383561643835,0,0,0.5,1.0,0.0,0,0,0.0,0.0,0.0,0.0,0.0,0.0,0.0,0.0,0.0,0,0,0,0.5,0.5,0.5,0.5,0.5,0.5,0.5,0.5,0.5,1,0,0,neutral,Unknown,individual,unknown,original,no,0,0,0,0,0,0,0,0,0,0,0,1
365,12,37,1230,0.32432432432432434,3.3698630136986303,0,0,0.5,1.0,0.0,0,0,0.0,0.0,0.0,0.0,0.0,0.0,0.0,0.0,0.0,0,0,0,0.5,0.5,0.5,0.5,0.5,0.5,0.5,0.5,0.5,1,0,0,neutral,Unknown,individual,unknown,original,no,0,0,0,0,0,0,0,0,0,0,0,1
365,224,0,9663,0.0,26.473972602739725,0,0,0.5,1.0,0.0,0,0,0.0,0.0,0.0,0.0,0.0,0.0,0.0,0.0,0.0,0,0,0,0.5,0.5,0.5,0.3,0.5,0.5,0.5,0.42000000000000004,0.5,1,0,0,neutral,Unknown,individual,unknown,original,no,0,0,0,0,0,0,0,0,0,0,0,1
365,11,0,16,0.0,0.043835616438356165,0,0,0.5,1.0,0.0,0,0,0.0,0.0,0.0,0.0,0.0,0.0,0.0,0.0,0.0,0,0,0,0.5,0.5,0.5,0.3,0.5,0.5,0.5,0.42000000000000004,0.5,1,0,0,neutral,Unknown,individual,unknown,original,no,0,0,0,0,0,0,0,0,0,0,0,1
365,4,0,462,0.0,1.2657534246575342,0,0,0.5,1.0,0.0,0,0,0.0,0.0,0.0,0.0,0.0,0.0,0.0,0.0,0.0,0,0,0,0.5,0.5,0.5,0.3,0.5,0.5,0.5,0.42000000000000004,0.5,1,0,0,neutral,Unknown,individual,unknown,original,no,0,0,0,0,0,0,0,0,0,0,0,1
365,6109,1,5011,6109.0,13.728767123287671,0,0,0.5,1.0,0.0,0,0,0.0,0.0,0.0,0.0,0.0,0.0,0.0,0.0,0.0,0,0,0,0.5,0.5,0.5,0.4,0.5,0.5,0.5,0.4600000000000001,0.5,1,0,0,neutral,Unknown,individual,unknown,original,no,0,0,0,0,0,0,0,0,0,0,0,1
365,24,1,234,24.0,0.6410958904109589,0,0,0.5,1.0,0.0,0,0,0.0,0.0,0.0,0.0,0.0,0.0,0.0,0.0,0.0,0,0,0,0.5,0.5,0.5,0.5,0.5,0.5,0.5,0.5,0.5,1,0,0,neutral,Unknown,individual,unknown,original,no,0,0,0,0,0,0,0,0,0,0,0,1
365,611,0,11487,0.0,31.471232876712328,0,0,0.5,1.0,0.0,0,0,0.0,0.0,0.0,0.0,0.0,0.0,0.0,0.0,0.0,0,0,0,0.5,0.5,0.5,0.3,0.5,0.5,0.5,0.42000000000000004,0.5,1,0,0,neutral,Unknown,individual,unknown,original,no,0,0,0,0,0,0,0,0,0,0,0,1
365,3,36,2753,0.08333333333333333,7.542465753424658,0,0,0.5,1.0,0.0,0,0,0.0,0.0,0.0,0.0,0.0,0.0,0.0,0.0,0.0,0,0,0,0.5,0.5,0.5,0.9,0.5,0.5,0.5,0.66,0.5,1,0,0,neutral,Unknown,individual,unknown,original,no,0,0,0,0,0,0,0,0,0,0,0,1
365,22,1,27877,22.0,76.37534246575342,0,0,0.5,1.0,0.0,0,0,0.0,0.0,0.0,0.0,0.0,0.0,0.0,0.0,0.0,0,0,0,0.5,0.5,0.5,0.5,0.5,0.5,0.5,0.5,0.5,1,0,0,neutral,Unknown,individual,unknown,original,no,0,0,0,0,0,0,0,0,0,0,0,1
365,82,0,8804,0.0,24.12054794520548,0,0,0.5,1.0,0.0,0,0,0.0,0.0,0.0,0.0,0.0,0.0,0.0,0.0,0.0,0,0,0,0.5,0.5,0.5,0.3,0.5,0.5,0.5,0.42000000000000004,0.5,1,0,0,neutral,Unknown,individual,unknown,original,no,0,0,0,0,0,0,0,0,0,0,0,1
365,3,0,5503,0.0,15.076712328767123,0,0,0.5,1.0,0.0,0,0,0.0,0.0,0.0,0.0,0.0,0.0,0.0,0.0,0.0,0,0,0,0.5,0.5,0.5,0.3,0.5,0.5,0.5,0.42000000000000004,0.5,1,0,0,neutral,Unknown,individual,unknown,original,no,0,0,0,0,0,0,0,0,0,0,0,1
365,36,3,481,12.0,1.3178082191780822,0,0,0.5,1.0,0.0,0,0,0.0,0.0,0.0,0.0,0.0,0.0,0.0,0.0,0.0,0,0,0,0.5,0.5,0.5,0.5,0.5,0.5,0.5,0.5,0.5,1,0,0,neutral,Unknown,individual,unknown,original,no,0,0,0,0,0,0,0,0,0,0,0,1
365,62,0,656,0.0,1.7972602739726027,0,0,0.5,1.0,0.0,0,0,0.0,0.0,0.0,0.0,0.0,0.0,0.0,0.0,0.0,0,0,0,0.5,0.5,0.5,0.3,0.5,0.5,0.5,0.42000000000000004,0.5,1,0,0,neutral,Unknown,individual,unknown,original,no,0,0,0,0,0,0,0,0,0,0,0,1
365,374,0,1344,0.0,3.682191780821918,0,0,0.5,1.0,0.0,0,0,0.0,0.0,0.0,0.0,0.0,0.0,0.0,0.0,0.0,0,0,0,0.5,0.5,0.5,0.3,0.5,0.5,0.5,0.42000000000000004,0.5,1,0,0,neutral,Unknown,individual,unknown,original,no,0,0,0,0,0,0,0,0,0,0,0,1
365,154,1,56927,154.0,155.96438356164384,0,0,0.5,1.0,0.0,0,0,0.0,0.0,0.0,0.0,0.0,0.0,0.0,0.0,0.0,0,0,0,0.5,0.5,0.5,0.4,0.5,0.5,0.5,0.4600000000000001,0.5,1,0,0,neutral,Unknown,individual,unknown,original,no,0,0,0,0,0,0,0,0,0,0,0,1
365,36,4,414,9.0,1.1342465753424658,0,0,0.5,1.0,0.0,0,0,0.0,0.0,0.0,0.0,0.0,0.0,0.0,0.0,0.0,0,0,0,0.5,0.5,0.5,0.5,0.5,0.5,0.5,0.5,0.5,1,0,0,neutral,Unknown,individual,unknown,original,no,0,0,0,0,0,0,0,0,0,0,0,1
365,2325,0,45276,0.0,124.04383561643836,0,0,0.5,1.0,0.0,0,0,0.0,0.0,0.0,0.0,0.0,0.0,0.0,0.0,0.0,0,0,0,0.5,0.5,0.5,0.3,0.5,0.5,0.5,0.42000000000000004,0.5,1,0,0,neutral,Unknown,individual,unknown,original,no,0,0,0,0,0,0,0,0,0,0,0,1
365,9954,3,28374,3318.0,77.73698630136987,0,0,0.5,1.0,0.0,0,0,0.0,0.0,0.0,0.0,0.0,0.0,0.0,0.0,0.0,0,0,0,0.5,0.5,0.5,0.4,0.5,0.5,0.5,0.4600000000000001,0.5,1,0,0,neutral,Unknown,individual,unknown,original,no,0,0,0,0,0,0,0,0,0,0,0,1
365,57,1,3313,57.0,9.076712328767123,0,0,0.5,1.0,0.0,0,0,0.0,0.0,0.0,0.0,0.0,0.0,0.0,0.0,0.0,0,0,0,0.5,0.5,0.5,0.5,0.5,0.5,0.5,0.5,0.5,1,0,0,neutral,Unknown,individual,unknown,original,no,0,0,0,0,0,0,0,0,0,0,0,1
365,65,356,6016,0.18258426966292135,16.482191780821918,0,0,0.5,1.0,0.0,0,0,0.0,0.0,0.0,0.0,0.0,0.0,0.0,0.0,0.0,0,0,0,0.5,0.5,0.5,0.5,0.5,0.5,0.5,0.5,0.5,1,0,0,neutral,Unknown,individual,unknown,original,no,0,0,0,0,0,0,0,0,0,0,0,1
365,30,1,7980,30.0,21.863013698630137,0,0,0.5,1.0,0.0,0,0,0.0,0.0,0.0,0.0,0.0,0.0,0.0,0.0,0.0,0,0,0,0.5,0.5,0.5,0.5,0.5,0.5,0.5,0.5,0.5,1,0,0,neutral,Unknown,individual,unknown,original,no,0,0,0,0,0,0,0,0,0,0,0,1
365,166,1,8253,166.0,22.610958904109587,0,0,0.5,1.0,0.0,0,0,0.0,0.0,0.0,0.0,0.0,0.0,0.0,0.0,0.0,0,0,0,0.5,0.5,0.5,0.4,0.5,0.5,0.5,0.4600000000000001,0.5,1,0,0,neutral,Unknown,individual,unknown,original,no,0,0,0,0,0,0,0,0,0,0,0,1
365,595,2,1986,297.5,5.441095890410959,0,0,0.5,1.0,0.0,0,0,0.0,0.0,0.0,0.0,0.0,0.0,0.0,0.0,0.0,0,0,0,0.5,0.5,0.5,0.4,0.5,0.5,0.5,0.4600000000000001,0.5,1,0,0,neutral,Unknown,individual,unknown,original,no,0,0,0,0,0,0,0,0,0,0,0,1
365,23,3,678,7.666666666666667,1.8575342465753424,0,0,0.5,1.0,0.0,0,0,0.0,0.0,0.0,0.0,0.0,0.0,0.0,0.0,0.0,0,0,0,0.5,0.5,0.5,0.5,0.5,0.5,0.5,0.5,0.5,1,0,0,neutral,Unknown,individual,unknown,original,no,0,0,0,0,0,0,0,0,0,0,0,1
365,4,0,3912,0.0,10.717808219178082,0,0,0.5,1.0,0.0,0,0,0.0,0.0,0.0,0.0,0.0,0.0,0.0,0.0,0.0,0,0,0,0.5,0.5,0.5,0.3,0.5,0.5,0.5,0.42000000000000004,0.5,1,0,0,neutral,Unknown,individual,unknown,original,no,0,0,0,0,0,0,0,0,0,0,0,1
365,189,8,14599,23.625,39.9972602739726,0,0,0.5,1.0,0.0,0,0,0.0,0.0,0.0,0.0,0.0,0.0,0.0,0.0,0.0,0,0,0,0.5,0.5,0.5,0.5,0.5,0.5,0.5,0.5,0.5,1,0,0,neutral,Unknown,individual,unknown,original,no,0,0,0,0,0,0,0,0,0,0,0,1
365,702,1,7866,702.0,21.55068493150685,0,0,0.5,1.0,0.0,0,0,0.0,0.0,0.0,0.0,0.0,0.0,0.0,0.0,0.0,0,0,0,0.5,0.5,0.5,0.4,0.5,0.5,0.5,0.4600000000000001,0.5,1,0,0,neutral,Unknown,individual,unknown,original,no,0,0,0,0,0,0,0,0,0,0,0,1
365,44392,1,22075,44392.0,60.47945205479452,0,0,0.5,1.0,0.0,0,0,0.0,0.0,0.0,0.0,0.0,0.0,0.0,0.0,0.0,0,0,0,0.5,0.5,0.5,0.4,0.5,0.5,0.5,0.4600000000000001,0.5,1,0,0,neutral,Unknown,individual,unknown,original,no,0,0,0,0,0,0,0,0,0,0,0,1
365,9,1,10575,9.0,28.972602739726028,0,0,0.5,1.0,0.0,0,0,0.0,0.0,0.0,0.0,0.0,0.0,0.0,0.0,0.0,0,0,0,0.5,0.5,0.5,0.5,0.5,0.5,0.5,0.5,0.5,1,0,0,neutral,Unknown,individual,unknown,original,no,0,0,0,0,0,0,0,0,0,0,0,1
365,1036,8,335,129.5,0.9178082191780822,0,0,0.5,1.0,0.0,0,0,0.0,0.0,0.0,0.0,0.0,0.0,0.0,0.0,0.0,0,0,0,0.5,0.5,0.5,0.4,0.5,0.5,0.5,0.4600000000000001,0.5,1,0,0,neutral,Unknown,individual,unknown,original,no,0,0,0,0,0,0,0,0,0,0,0,1
365,152,1,46770,152.0,128.13698630136986,0,0,0.5,1.0,0.0,0,0,0.0,0.0,0.0,0.0,0.0,0.0,0.0,0.0,0.0,0,0,0,0.5,0.5,0.5,0.4,0.5,0.5,0.5,0.4600000000000001,0.5,1,0,0,neutral,Unknown,individual,unknown,original,no,0,0,0,0,0,0,0,0,0,0,0,1
365,11,0,1393,0.0,3.8164383561643835,0,0,0.5,1.0,0.0,0,0,0.0,0.0,0.0,0.0,0.0,0.0,0.0,0.0,0.0,0,0,0,0.5,0.5,0.5,0.3,0.5,0.5,0.5,0.42000000000000004,0.5,1,0,0,neutral,Unknown,individual,unknown,original,no,0,0,0,0,0,0,0,0,0,0,0,1
365,30,2,53225,15.0,145.82191780821918,0,0,0.5,1.0,0.0,0,0,0.0,0.0,0.0,0.0,0.0,0.0,0.0,0.0,0.0,0,0,0,0.5,0.5,0.5,0.5,0.5,0.5,0.5,0.5,0.5,1,0,0,neutral,Unknown,individual,unknown,original,no,0,0,0,0,0,0,0,0,0,0,0,1
365,4,12,331,0.3333333333333333,0.9068493150684932,0,0,0.5,1.0,0.0,0,0,0.0,0.0,0.0,0.0,0.0,0.0,0.0,0.0,0.0,0,0,0,0.5,0.5,0.5,0.5,0.5,0.5,0.5,0.5,0.5,1,0,0,neutral,Unknown,individual,unknown,original,no,0,0,0,0,0,0,0,0,0,0,0,1
365,132,136,7306,0.9705882352941176,20.016438356164382,0,0,0.5,1.0,0.0,0,0,0.0,0.0,0.0,0.0,0.0,0.0,0.0,0.0,0.0,0,0,0,0.5,0.5,0.5,0.5,0.5,0.5,0.5,0.5,0.5,1,0,0,neutral,Unknown,individual,unknown,original,no,0,0,0,0,0,0,0,0,0,0,0,1
365,22,8,3902,2.75,10.69041095890411,0,0,0.5,1.0,0.0,0,0,0.0,0.0,0.0,0.0,0.0,0.0,0.0,0.0,0.0,0,0,0,0.5,0.5,0.5,0.5,0.5,0.5,0.5,0.5,0.5,1,0,0,neutral,Unknown,individual,unknown,original,no,0,0,0,0,0,0,0,0,0,0,0,1
365,2,0,718,0.0,1.9671232876712328,0,0,0.5,1.0,0.0,0,0,0.0,0.0,0.0,0.0,0.0,0.0,0.0,0.0,0.0,0,0,0,0.5,0.5,0.5,0.3,0.5,0.5,0.5,0.42000000000000004,0.5,1,0,0,neutral,Unknown,individual,unknown,original,no,0,0,0,0,0,0,0,0,0,0,0,1
365,109,1,9328,109.0,25.556164383561644,0,0,0.5,1.0,0.0,0,0,0.0,0.0,0.0,0.0,0.0,0.0,0.0,0.0,0.0,0,0,0,0.5,0.5,0.5,0.4,0.5,0.5,0.5,0.4600000000000001,0.5,1,0,0,neutral,Unknown,individual,unknown,original,no,0,0,0,0,0,0,0,0,0,0,0,1
365,469,2,29097,234.5,79.71780821917808,0,0,0.5,1.0,0.0,0,0,0.0,0.0,0.0,0.0,0.0,0.0,0.0,0.0,0.0,0,0,0,0.5,0.5,0.5,0.4,0.5,0.5,0.5,0.4600000000000001,0.5,1,0,0,neutral,Unknown,individual,unknown,original,no,0,0,0,0,0,0,0,0,0,0,0,1
365,2,0,3682,0.0,10.087671232876712,0,0,0.5,1.0,0.0,0,0,0.0,0.0,0.0,0.0,0.0,0.0,0.0,0.0,0.0,0,0,0,0.5,0.5,0.5,0.3,0.5,0.5,0.5,0.42000000000000004,0.5,1,0,0,neutral,Unknown,individual,unknown,original,no,0,0,0,0,0,0,0,0,0,0,0,1
365,332,3,6419,110.66666666666667,17.586301369863012,0,0,0.5,1.0,0.0,0,0,0.0,0.0,0.0,0.0,0.0,0.0,0.0,0.0,0.0,0,0,0,0.5,0.5,0.5,0.4,0.5,0.5,0.5,0.4600000000000001,0.5,1,0,0,neutral,Unknown,individual,unknown,original,no,0,0,0,0,0,0,0,0,0,0,0,1
365,30,1,3445,30.0,9.438356164383562,0,0,0.5,1.0,0.0,0,0,0.0,0.0,0.0,0.0,0.0,0.0,0.0,0.0,0.0,0,0,0,0.5,0.5,0.5,0.5,0.5,0.5,0.5,0.5,0.5,1,0,0,neutral,Unknown,individual,unknown,original,no,0,0,0,0,0,0,0,0,0,0,0,1
365,34,114,2113,0.2982456140350877,5.789041095890411,0,0,0.5,1.0,0.0,0,0,0.0,0.0,0.0,0.0,0.0,0.0,0.0,0.0,0.0,0,0,0,0.5,0.5,0.5,0.5,0.5,0.5,0.5,0.5,0.5,1,0,0,neutral,Unknown,individual,unknown,original,no,0,0,0,0,0,0,0,0,0,0,0,1
365,448,911,4569,0.49176728869374314,12.517808219178082,0,0,0.5,1.0,0.0,0,0,0.0,0.0,0.0,0.0,0.0,0.0,0.0,0.0,0.0,0,0,0,0.5,0.5,0.5,0.5,0.5,0.5,0.5,0.5,0.5,1,0,0,neutral,Unknown,individual,unknown,original,no,0,0,0,0,0,0,0,0,0,0,0,1
365,6,0,3017,0.0,8.265753424657534,0,0,0.5,1.0,0.0,0,0,0.0,0.0,0.0,0.0,0.0,0.0,0.0,0.0,0.0,0,0,0,0.5,0.5,0.5,0.3,0.5,0.5,0.5,0.42000000000000004,0.5,1,0,0,neutral,Unknown,individual,unknown,original,no,0,0,0,0,0,0,0,0,0,0,0,1
365,4,1,3918,4.0,10.734246575342466,0,0,0.5,1.0,0.0,0,0,0.0,0.0,0.0,0.0,0.0,0.0,0.0,0.0,0.0,0,0,0,0.5,0.5,0.5,0.5,0.5,0.5,0.5,0.5,0.5,1,0,0,neutral,Unknown,individual,unknown,original,no,0,0,0,0,0,0,0,0,0,0,0,1
365,38,1,7168,38.0,19.638356164383563,0,0,0.5,1.0,0.0,0,0,0.0,0.0,0.0,0.0,0.0,0.0,0.0,0.0,0.0,0,0,0,0.5,0.5,0.5,0.5,0.5,0.5,0.5,0.5,0.5,1,0,0,neutral,Unknown,individual,unknown,original,no,0,0,0,0,0,0,0,0,0,0,0,1
365,17,1,7454,17.0,20.421917808219177,0,0,0.5,1.0,0.0,0,0,0.0,0.0,0.0,0.0,0.0,0.0,0.0,0.0,0.0,0,0,0,0.5,0.5,0.5,0.5,0.5,0.5,0.5,0.5,0.5,1,0,0,neutral,Unknown,individual,unknown,original,no,0,0,0,0,0,0,0,0,0,0,0,1
365,298,18,3556,16.555555555555557,9.742465753424657,0,0,0.5,1.0,0.0,0,0,0.0,0.0,0.0,0.0,0.0,0.0,0.0,0.0,0.0,0,0,0,0.5,0.5,0.5,0.5,0.5,0.5,0.5,0.5,0.5,1,0,0,neutral,Unknown,individual,unknown,original,no,0,0,0,0,0,0,0,0,0,0,0,1
365,2,0,3700,0.0,10.136986301369863,0,0,0.5,1.0,0.0,0,0,0.0,0.0,0.0,0.0,0.0,0.0,0.0,0.0,0.0,0,0,0,0.5,0.5,0.5,0.3,0.5,0.5,0.5,0.42000000000000004,0.5,1,0,0,neutral,Unknown,individual,unknown,original,no,0,0,0,0,0,0,0,0,0,0,0,1
365,12,0,28196,0.0,77.24931506849315,0,0,0.5,1.0,0.0,0,0,0.0,0.0,0.0,0.0,0.0,0.0,0.0,0.0,0.0,0,0,0,0.5,0.5,0.5,0.3,0.5,0.5,0.5,0.42000000000000004,0.5,1,0,0,neutral,Unknown,individual,unknown,original,no,0,0,0,0,0,0,0,0,0,0,0,1
365,45,2,580,22.5,1.5890410958904109,0,0,0.5,1.0,0.0,0,0,0.0,0.0,0.0,0.0,0.0,0.0,0.0,0.0,0.0,0,0,0,0.5,0.5,0.5,0.5,0.5,0.5,0.5,0.5,0.5,1,0,0,neutral,Unknown,individual,unknown,original,no,0,0,0,0,0,0,0,0,0,0,0,1
365,19,277,380,0.06859205776173286,1.0410958904109588,0,0,0.5,1.0,0.0,0,0,0.0,0.0,0.0,0.0,0.0,0.0,0.0,0.0,0.0,0,0,0,0.5,0.5,0.5,0.9,0.5,0.5,0.5,0.66,0.5,1,0,0,neutral,Unknown,individual,unknown,original,no,0,0,0,0,0,0,0,0,0,0,0,1
365,256,0,1405,0.0,3.8493150684931505,0,0,0.5,1.0,0.0,0,0,0.0,0.0,0.0,0.0,0.0,0.0,0.0,0.0,0.0,0,0,0,0.5,0.5,0.5,0.3,0.5,0.5,0.5,0.42000000000000004,0.5,1,0,0,neutral,Unknown,individual,unknown,original,no,0,0,0,0,0,0,0,0,0,0,0,1
365,183,2,6404,91.5,17.545205479452054,0,0,0.5,1.0,0.0,0,0,0.0,0.0,0.0,0.0,0.0,0.0,0.0,0.0,0.0,0,0,0,0.5,0.5,0.5,0.5,0.5,0.5,0.5,0.5,0.5,1,0,0,neutral,Unknown,individual,unknown,original,no,0,0,0,0,0,0,0,0,0,0,0,1
365,29,2,682,14.5,1.8684931506849316,0,0,0.5,1.0,0.0,0,0,0.0,0.0,0.0,0.0,0.0,0.0,0.0,0.0,0.0,0,0,0,0.5,0.5,0.5,0.5,0.5,0.5,0.5,0.5,0.5,1,0,0,neutral,Unknown,individual,unknown,original,no,0,0,0,0,0,0,0,0,0,0,0,1
365,15,2,5348,7.5,14.652054794520549,0,0,0.5,1.0,0.0,0,0,0.0,0.0,0.0,0.0,0.0,0.0,0.0,0.0,0.0,0,0,0,0.5,0.5,0.5,0.5,0.5,0.5,0.5,0.5,0.5,1,0,0,neutral,Unknown,individual,unknown,original,no,0,0,0,0,0,0,0,0,0,0,0,1
365,0,0,1459,0.0,3.9972602739726026,0,0,0.5,1.0,0.0,0,0,0.0,0.0,0.0,0.0,0.0,0.0,0.0,0.0,0.0,0,0,0,0.5,0.5,0.5,1.0,0.5,0.5,0.5,0.7000000000000001,0.5,1,0,0,neutral,Unknown,individual,unknown,original,no,0,0,0,0,0,0,0,0,0,0,0,1
365,57,2,7915,28.5,21.684931506849313,0,0,0.5,1.0,0.0,0,0,0.0,0.0,0.0,0.0,0.0,0.0,0.0,0.0,0.0,0,0,0,0.5,0.5,0.5,0.5,0.5,0.5,0.5,0.5,0.5,1,0,0,neutral,Unknown,individual,unknown,original,no,0,0,0,0,0,0,0,0,0,0,0,1
365,50675,1,8535,50675.0,23.383561643835616,0,0,0.5,1.0,0.0,0,0,0.0,0.0,0.0,0.0,0.0,0.0,0.0,0.0,0.0,0,0,0,0.5,0.5,0.5,0.4,0.5,0.5,0.5,0.4600000000000001,0.5,1,0,0,neutral,Unknown,individual,unknown,original,no,0,0,0,0,0,0,0,0,0,0,0,1
365,797,1,4864,797.0,13.326027397260274,0,0,0.5,1.0,0.0,0,0,0.0,0.0,0.0,0.0,0.0,0.0,0.0,0.0,0.0,0,0,0,0.5,0.5,0.5,0.4,0.5,0.5,0.5,0.4600000000000001,0.5,1,0,0,neutral,Unknown,individual,unknown,original,no,0,0,0,0,0,0,0,0,0,0,0,1
365,24,1,514,24.0,1.4082191780821918,0,0,0.5,1.0,0.0,0,0,0.0,0.0,0.0,0.0,0.0,0.0,0.0,0.0,0.0,0,0,0,0.5,0.5,0.5,0.5,0.5,0.5,0.5,0.5,0.5,1,0,0,neutral,Unknown,individual,unknown,original,no,0,0,0,0,0,0,0,0,0,0,0,1
365,32,1,8313,32.0,22.775342465753425,0,0,0.5,1.0,0.0,0,0,0.0,0.0,0.0,0.0,0.0,0.0,0.0,0.0,0.0,0,0,0,0.5,0.5,0.5,0.5,0.5,0.5,0.5,0.5,0.5,1,0,0,neutral,Unknown,individual,unknown,original,no,0,0,0,0,0,0,0,0,0,0,0,1
365,34,8,15722,4.25,43.07397260273972,0,0,0.5,1.0,0.0,0,0,0.0,0.0,0.0,0.0,0.0,0.0,0.0,0.0,0.0,0,0,0,0.5,0.5,0.5,0.5,0.5,0.5,0.5,0.5,0.5,1,0,0,neutral,Unknown,individual,unknown,original,no,0,0,0,0,0,0,0,0,0,0,0,1
365,728,1,4630,728.0,12.684931506849315,0,0,0.5,1.0,0.0,0,0,0.0,0.0,0.0,0.0,0.0,0.0,0.0,0.0,0.0,0,0,0,0.5,0.5,0.5,0.4,0.5,0.5,0.5,0.4600000000000001,0.5,1,0,0,neutral,Unknown,individual,unknown,original,no,0,0,0,0,0,0,0,0,0,0,0,1
365,396,0,812,0.0,2.2246575342465755,0,0,0.5,1.0,0.0,0,0,0.0,0.0,0.0,0.0,0.0,0.0,0.0,0.0,0.0,0,0,0,0.5,0.5,0.5,0.3,0.5,0.5,0.5,0.42000000000000004,0.5,1,0,0,neutral,Unknown,individual,unknown,original,no,0,0,0,0,0,0,0,0,0,0,0,1
365,120,0,646,0.0,1.7698630136986302,0,0,0.5,1.0,0.0,0,0,0.0,0.0,0.0,0.0,0.0,0.0,0.0,0.0,0.0,0,0,0,0.5,0.5,0.5,0.3,0.5,0.5,0.5,0.42000000000000004,0.5,1,0,0,neutral,Unknown,individual,unknown,original,no,0,0,0,0,0,0,0,0,0,0,0,1
365,36,4,11505,9.0,31.52054794520548,0,0,0.5,1.0,0.0,0,0,0.0,0.0,0.0,0.0,0.0,0.0,0.0,0.0,0.0,0,0,0,0.5,0.5,0.5,0.5,0.5,0.5,0.5,0.5,0.5,1,0,0,neutral,Unknown,individual,unknown,original,no,0,0,0,0,0,0,0,0,0,0,0,1
365,33,0,27093,0.0,74.22739726027397,0,0,0.5,1.0,0.0,0,0,0.0,0.0,0.0,0.0,0.0,0.0,0.0,0.0,0.0,0,0,0,0.5,0.5,0.5,0.3,0.5,0.5,0.5,0.42000000000000004,0.5,1,0,0,neutral,Unknown,individual,unknown,original,no,0,0,0,0,0,0,0,0,0,0,0,1
365,16,0,849,0.0,2.326027397260274,0,0,0.5,1.0,0.0,0,0,0.0,0.0,0.0,0.0,0.0,0.0,0.0,0.0,0.0,0,0,0,0.5,0.5,0.5,0.3,0.5,0.5,0.5,0.42000000000000004,0.5,1,0,0,neutral,Unknown,individual,unknown,original,no,0,0,0,0,0,0,0,0,0,0,0,1
365,382,1,4187,382.0,11.471232876712328,0,0,0.5,1.0,0.0,0,0,0.0,0.0,0.0,0.0,0.0,0.0,0.0,0.0,0.0,0,0,0,0.5,0.5,0.5,0.4,0.5,0.5,0.5,0.4600000000000001,0.5,1,0,0,neutral,Unknown,individual,unknown,original,no,0,0,0,0,0,0,0,0,0,0,0,1
365,1,0,3019,0.0,8.271232876712329,0,0,0.5,1.0,0.0,0,0,0.0,0.0,0.0,0.0,0.0,0.0,0.0,0.0,0.0,0,0,0,0.5,0.5,0.5,0.3,0.5,0.5,0.5,0.42000000000000004,0.5,1,0,0,neutral,Unknown,individual,unknown,original,no,0,0,0,0,0,0,0,0,0,0,0,1
365,74,4,5023,18.5,13.761643835616438,0,0,0.5,1.0,0.0,0,0,0.0,0.0,0.0,0.0,0.0,0.0,0.0,0.0,0.0,0,0,0,0.5,0.5,0.5,0.5,0.5,0.5,0.5,0.5,0.5,1,0,0,neutral,Unknown,individual,unknown,original,no,0,0,0,0,0,0,0,0,0,0,0,1
365,79,1,1403,79.0,3.8438356164383563,0,0,0.5,1.0,0.0,0,0,0.0,0.0,0.0,0.0,0.0,0.0,0.0,0.0,0.0,0,0,0,0.5,0.5,0.5,0.5,0.5,0.5,0.5,0.5,0.5,1,0,0,neutral,Unknown,individual,unknown,original,no,0,0,0,0,0,0,0,0,0,0,0,1
365,194,1,26465,194.0,72.5068493150685,0,0,0.5,1.0,0.0,0,0,0.0,0.0,0.0,0.0,0.0,0.0,0.0,0.0,0.0,0,0,0,0.5,0.5,0.5,0.4,0.5,0.5,0.5,0.4600000000000001,0.5,1,0,0,neutral,Unknown,individual,unknown,original,no,0,0,0,0,0,0,0,0,0,0,0,1
365,16,2,5738,8.0,15.72054794520548,0,0,0.5,1.0,0.0,0,0,0.0,0.0,0.0,0.0,0.0,0.0,0.0,0.0,0.0,0,0,0,0.5,0.5,0.5,0.5,0.5,0.5,0.5,0.5,0.5,1,0,0,neutral,Unknown,individual,unknown,original,no,0,0,0,0,0,0,0,0,0,0,0,1
365,207,1,1340,207.0,3.671232876712329,0,0,0.5,1.0,0.0,0,0,0.0,0.0,0.0,0.0,0.0,0.0,0.0,0.0,0.0,0,0,0,0.5,0.5,0.5,0.4,0.5,0.5,0.5,0.4600000000000001,0.5,1,0,0,neutral,Unknown,individual,unknown,original,no,0,0,0,0,0,0,0,0,0,0,0,1
365,4,6,7790,0.6666666666666666,21.34246575342466,0,0,0.5,1.0,0.0,0,0,0.0,0.0,0.0,0.0,0.0,0.0,0.0,0.0,0.0,0,0,0,0.5,0.5,0.5,0.5,0.5,0.5,0.5,0.5,0.5,1,0,0,neutral,Unknown,individual,unknown,original,no,0,0,0,0,0,0,0,0,0,0,0,1
365,84,0,629,0.0,1.7232876712328766,0,0,0.5,1.0,0.0,0,0,0.0,0.0,0.0,0.0,0.0,0.0,0.0,0.0,0.0,0,0,0,0.5,0.5,0.5,0.3,0.5,0.5,0.5,0.42000000000000004,0.5,1,0,0,neutral,Unknown,individual,unknown,original,no,0,0,0,0,0,0,0,0,0,0,0,1
365,110,1,1638,110.0,4.487671232876712,0,0,0.5,1.0,0.0,0,0,0.0,0.0,0.0,0.0,0.0,0.0,0.0,0.0,0.0,0,0,0,0.5,0.5,0.5,0.4,0.5,0.5,0.5,0.4600000000000001,0.5,1,0,0,neutral,Unknown,individual,unknown,original,no,0,0,0,0,0,0,0,0,0,0,0,1
365,2115,45,4768,47.0,13.063013698630137,0,0,0.5,1.0,0.0,0,0,0.0,0.0,0.0,0.0,0.0,0.0,0.0,0.0,0.0,0,0,0,0.5,0.5,0.5,0.5,0.5,0.5,0.5,0.5,0.5,1,0,0,neutral,Unknown,individual,unknown,original,no,0,0,0,0,0,0,0,0,0,0,0,1
365,53,38,3611,1.394736842105263,9.893150684931507,0,0,0.5,1.0,0.0,0,0,0.0,0.0,0.0,0.0,0.0,0.0,0.0,0.0,0.0,0,0,0,0.5,0.5,0.5,0.5,0.5,0.5,0.5,0.5,0.5,1,0,0,neutral,Unknown,individual,unknown,original,no,0,0,0,0,0,0,0,0,0,0,0,1
365,1052,3715,1849,0.28317631224764467,5.065753424657534,0,0,0.5,1.0,0.0,0,0,0.0,0.0,0.0,0.0,0.0,0.0,0.0,0.0,0.0,0,0,0,0.5,0.5,0.5,0.5,0.5,0.5,0.5,0.5,0.5,1,0,0,neutral,Unknown,individual,unknown,original,no,0,0,0,0,0,0,0,0,0,0,0,1
365,132,46,5552,2.869565217391304,15.210958904109589,0,0,0.5,1.0,0.0,0,0,0.0,0.0,0.0,0.0,0.0,0.0,0.0,0.0,0.0,0,0,0,0.5,0.5,0.5,0.5,0.5,0.5,0.5,0.5,0.5,1,0,0,neutral,Unknown,individual,unknown,original,no,0,0,0,0,0,0,0,0,0,0,0,1
365,81,0,33047,0.0,90.53972602739726,0,0,0.5,1.0,0.0,0,0,0.0,0.0,0.0,0.0,0.0,0.0,0.0,0.0,0.0,0,0,0,0.5,0.5,0.5,0.3,0.5,0.5,0.5,0.42000000000000004,0.5,1,0,0,neutral,Unknown,individual,unknown,original,no,0,0,0,0,0,0,0,0,0,0,0,1
365,35,1,936,35.0,2.5643835616438357,0,0,0.5,1.0,0.0,0,0,0.0,0.0,0.0,0.0,0.0,0.0,0.0,0.0,0.0,0,0,0,0.5,0.5,0.5,0.5,0.5,0.5,0.5,0.5,0.5,1,0,0,neutral,Unknown,individual,unknown,original,no,0,0,0,0,0,0,0,0,0,0,0,1
365,41,4,111157,10.25,304.53972602739725,0,0,0.5,1.0,0.0,0,0,0.0,0.0,0.0,0.0,0.0,0.0,0.0,0.0,0.0,0,0,0,0.5,0.5,0.5,0.5,0.5,0.5,0.5,0.5,0.5,1,0,0,neutral,Unknown,individual,unknown,original,no,0,0,0,0,0,0,0,0,0,0,0,1
365,23,20,2411,1.15,6.605479452054794,0,0,0.5,1.0,0.0,0,0,0.0,0.0,0.0,0.0,0.0,0.0,0.0,0.0,0.0,0,0,0,0.5,0.5,0.5,0.5,0.5,0.5,0.5,0.5,0.5,1,0,0,neutral,Unknown,individual,unknown,original,no,0,0,0,0,0,0,0,0,0,0,0,1
365,137,0,4115,0.0,11.273972602739725,0,0,0.5,1.0,0.0,0,0,0.0,0.0,0.0,0.0,0.0,0.0,0.0,0.0,0.0,0,0,0,0.5,0.5,0.5,0.3,0.5,0.5,0.5,0.42000000000000004,0.5,1,0,0,neutral,Unknown,individual,unknown,original,no,0,0,0,0,0,0,0,0,0,0,0,1
365,33,0,8491,0.0,23.263013698630136,0,0,0.5,1.0,0.0,0,0,0.0,0.0,0.0,0.0,0.0,0.0,0.0,0.0,0.0,0,0,0,0.5,0.5,0.5,0.3,0.5,0.5,0.5,0.42000000000000004,0.5,1,0,0,neutral,Unknown,individual,unknown,original,no,0,0,0,0,0,0,0,0,0,0,0,1
365,37,61,424,0.6065573770491803,1.1616438356164382,0,0,0.5,1.0,0.0,0,0,0.0,0.0,0.0,0.0,0.0,0.0,0.0,0.0,0.0,0,0,0,0.5,0.5,0.5,0.5,0.5,0.5,0.5,0.5,0.5,1,0,0,neutral,Unknown,individual,unknown,original,no,0,0,0,0,0,0,0,0,0,0,0,1
365,243,29,1577,8.379310344827585,4.32054794520548,0,0,0.5,1.0,0.0,0,0,0.0,0.0,0.0,0.0,0.0,0.0,0.0,0.0,0.0,0,0,0,0.5,0.5,0.5,0.5,0.5,0.5,0.5,0.5,0.5,1,0,0,neutral,Unknown,individual,unknown,original,no,0,0,0,0,0,0,0,0,0,0,0,1
365,1,2,25,0.5,0.0684931506849315,0,0,0.5,1.0,0.0,0,0,0.0,0.0,0.0,0.0,0.0,0.0,0.0,0.0,0.0,0,0,0,0.5,0.5,0.5,0.5,0.5,0.5,0.5,0.5,0.5,1,0,0,neutral,Unknown,individual,unknown,original,no,0,0,0,0,0,0,0,0,0,0,0,1
365,44,1,15290,44.0,41.89041095890411,0,0,0.5,1.0,0.0,0,0,0.0,0.0,0.0,0.0,0.0,0.0,0.0,0.0,0.0,0,0,0,0.5,0.5,0.5,0.5,0.5,0.5,0.5,0.5,0.5,1,0,0,neutral,Unknown,individual,unknown,original,no,0,0,0,0,0,0,0,0,0,0,0,1
365,1045,80,10078,13.0625,27.610958904109587,0,0,0.5,1.0,0.0,0,0,0.0,0.0,0.0,0.0,0.0,0.0,0.0,0.0,0.0,0,0,0,0.5,0.5,0.5,0.5,0.5,0.5,0.5,0.5,0.5,1,0,0,neutral,Unknown,individual,unknown,original,no,0,0,0,0,0,0,0,0,0,0,0,1
365,111,21,3424,5.285714285714286,9.38082191780822,0,0,0.5,1.0,0.0,0,0,0.0,0.0,0.0,0.0,0.0,0.0,0.0,0.0,0.0,0,0,0,0.5,0.5,0.5,0.5,0.5,0.5,0.5,0.5,0.5,1,0,0,neutral,Unknown,individual,unknown,original,no,0,0,0,0,0,0,0,0,0,0,0,1
365,43,3,891,14.333333333333334,2.441095890410959,0,0,0.5,1.0,0.0,0,0,0.0,0.0,0.0,0.0,0.0,0.0,0.0,0.0,0.0,0,0,0,0.5,0.5,0.5,0.5,0.5,0.5,0.5,0.5,0.5,1,0,0,neutral,Unknown,individual,unknown,original,no,0,0,0,0,0,0,0,0,0,0,0,1
365,783,1,15011,783.0,41.12602739726027,0,0,0.5,1.0,0.0,0,0,0.0,0.0,0.0,0.0,0.0,0.0,0.0,0.0,0.0,0,0,0,0.5,0.5,0.5,0.4,0.5,0.5,0.5,0.4600000000000001,0.5,1,0,0,neutral,Unknown,individual,unknown,original,no,0,0,0,0,0,0,0,0,0,0,0,1
365,159,46,9558,3.4565217391304346,26.186301369863013,0,0,0.5,1.0,0.0,0,0,0.0,0.0,0.0,0.0,0.0,0.0,0.0,0.0,0.0,0,0,0,0.5,0.5,0.5,0.5,0.5,0.5,0.5,0.5,0.5,1,0,0,neutral,Unknown,individual,unknown,original,no,0,0,0,0,0,0,0,0,0,0,0,1
365,64,6,912,10.666666666666666,2.4986301369863013,0,0,0.5,1.0,0.0,0,0,0.0,0.0,0.0,0.0,0.0,0.0,0.0,0.0,0.0,0,0,0,0.5,0.5,0.5,0.5,0.5,0.5,0.5,0.5,0.5,1,0,0,neutral,Unknown,individual,unknown,original,no,0,0,0,0,0,0,0,0,0,0,0,1
365,12,1,1065,12.0,2.9178082191780823,0,0,0.5,1.0,0.0,0,0,0.0,0.0,0.0,0.0,0.0,0.0,0.0,0.0,0.0,0,0,0,0.5,0.5,0.5,0.5,0.5,0.5,0.5,0.5,0.5,1,0,0,neutral,Unknown,individual,unknown,original,no,0,0,0,0,0,0,0,0,0,0,0,1
365,62,0,981,0.0,2.6876712328767125,0,0,0.5,1.0,0.0,0,0,0.0,0.0,0.0,0.0,0.0,0.0,0.0,0.0,0.0,0,0,0,0.5,0.5,0.5,0.3,0.5,0.5,0.5,0.42000000000000004,0.5,1,0,0,neutral,Unknown,individual,unknown,original,no,0,0,0,0,0,0,0,0,0,0,0,1
365,4180,3,14547,1393.3333333333333,39.85479452054795,0,0,0.5,1.0,0.0,0,0,0.0,0.0,0.0,0.0,0.0,0.0,0.0,0.0,0.0,0,0,0,0.5,0.5,0.5,0.4,0.5,0.5,0.5,0.4600000000000001,0.5,1,0,0,neutral,Unknown,individual,unknown,original,no,0,0,0,0,0,0,0,0,0,0,0,1
365,8,1,846,8.0,2.317808219178082,0,0,0.5,1.0,0.0,0,0,0.0,0.0,0.0,0.0,0.0,0.0,0.0,0.0,0.0,0,0,0,0.5,0.5,0.5,0.5,0.5,0.5,0.5,0.5,0.5,1,0,0,neutral,Unknown,individual,unknown,original,no,0,0,0,0,0,0,0,0,0,0,0,1
365,4,0,18,0.0,0.049315068493150684,0,0,0.5,1.0,0.0,0,0,0.0,0.0,0.0,0.0,0.0,0.0,0.0,0.0,0.0,0,0,0,0.5,0.5,0.5,0.3,0.5,0.5,0.5,0.42000000000000004,0.5,1,0,0,neutral,Unknown,individual,unknown,original,no,0,0,0,0,0,0,0,0,0,0,0,1
365,3424,1,1700,3424.0,4.657534246575342,0,0,0.5,1.0,0.0,0,0,0.0,0.0,0.0,0.0,0.0,0.0,0.0,0.0,0.0,0,0,0,0.5,0.5,0.5,0.4,0.5,0.5,0.5,0.4600000000000001,0.5,1,0,0,neutral,Unknown,individual,unknown,original,no,0,0,0,0,0,0,0,0,0,0,0,1
365,2371,6,11889,395.1666666666667,32.57260273972603,0,0,0.5,1.0,0.0,0,0,0.0,0.0,0.0,0.0,0.0,0.0,0.0,0.0,0.0,0,0,0,0.5,0.5,0.5,0.4,0.5,0.5,0.5,0.4600000000000001,0.5,1,0,0,neutral,Unknown,individual,unknown,original,no,0,0,0,0,0,0,0,0,0,0,0,1
365,26,1,2400,26.0,6.575342465753424,0,0,0.5,1.0,0.0,0,0,0.0,0.0,0.0,0.0,0.0,0.0,0.0,0.0,0.0,0,0,0,0.5,0.5,0.5,0.5,0.5,0.5,0.5,0.5,0.5,1,0,0,neutral,Unknown,individual,unknown,original,no,0,0,0,0,0,0,0,0,0,0,0,1
365,33,0,7503,0.0,20.556164383561644,0,0,0.5,1.0,0.0,0,0,0.0,0.0,0.0,0.0,0.0,0.0,0.0,0.0,0.0,0,0,0,0.5,0.5,0.5,0.3,0.5,0.5,0.5,0.42000000000000004,0.5,1,0,0,neutral,Unknown,individual,unknown,original,no,0,0,0,0,0,0,0,0,0,0,0,1
365,193,1,5613,193.0,15.378082191780821,0,0,0.5,1.0,0.0,0,0,0.0,0.0,0.0,0.0,0.0,0.0,0.0,0.0,0.0,0,0,0,0.5,0.5,0.5,0.4,0.5,0.5,0.5,0.4600000000000001,0.5,1,0,0,neutral,Unknown,individual,unknown,original,no,0,0,0,0,0,0,0,0,0,0,0,1
365,2,13,11743,0.15384615384615385,32.172602739726024,0,0,0.5,1.0,0.0,0,0,0.0,0.0,0.0,0.0,0.0,0.0,0.0,0.0,0.0,0,0,0,0.5,0.5,0.5,0.5,0.5,0.5,0.5,0.5,0.5,1,0,0,neutral,Unknown,individual,unknown,original,no,0,0,0,0,0,0,0,0,0,0,0,1
365,140,2,1224,70.0,3.3534246575342466,0,0,0.5,1.0,0.0,0,0,0.0,0.0,0.0,0.0,0.0,0.0,0.0,0.0,0.0,0,0,0,0.5,0.5,0.5,0.5,0.5,0.5,0.5,0.5,0.5,1,0,0,neutral,Unknown,individual,unknown,original,no,0,0,0,0,0,0,0,0,0,0,0,1
365,20,1,575,20.0,1.5753424657534247,0,0,0.5,1.0,0.0,0,0,0.0,0.0,0.0,0.0,0.0,0.0,0.0,0.0,0.0,0,0,0,0.5,0.5,0.5,0.5,0.5,0.5,0.5,0.5,0.5,1,0,0,neutral,Unknown,individual,unknown,original,no,0,0,0,0,0,0,0,0,0,0,0,1
365,91,1,9074,91.0,24.86027397260274,0,0,0.5,1.0,0.0,0,0,0.0,0.0,0.0,0.0,0.0,0.0,0.0,0.0,0.0,0,0,0,0.5,0.5,0.5,0.5,0.5,0.5,0.5,0.5,0.5,1,0,0,neutral,Unknown,individual,unknown,original,no,0,0,0,0,0,0,0,0,0,0,0,1
365,153,2,31212,76.5,85.5123287671233,0,0,0.5,1.0,0.0,0,0,0.0,0.0,0.0,0.0,0.0,0.0,0.0,0.0,0.0,0,0,0,0.5,0.5,0.5,0.5,0.5,0.5,0.5,0.5,0.5,1,0,0,neutral,Unknown,individual,unknown,original,no,0,0,0,0,0,0,0,0,0,0,0,1
365,18,1,3964,18.0,10.860273972602739,0,0,0.5,1.0,0.0,0,0,0.0,0.0,0.0,0.0,0.0,0.0,0.0,0.0,0.0,0,0,0,0.5,0.5,0.5,0.5,0.5,0.5,0.5,0.5,0.5,1,0,0,neutral,Unknown,individual,unknown,original,no,0,0,0,0,0,0,0,0,0,0,0,1
365,1223,2,28441,611.5,77.92054794520548,0,0,0.5,1.0,0.0,0,0,0.0,0.0,0.0,0.0,0.0,0.0,0.0,0.0,0.0,0,0,0,0.5,0.5,0.5,0.4,0.5,0.5,0.5,0.4600000000000001,0.5,1,0,0,neutral,Unknown,individual,unknown,original,no,0,0,0,0,0,0,0,0,0,0,0,1
365,20,1,14160,20.0,38.794520547945204,0,0,0.5,1.0,0.0,0,0,0.0,0.0,0.0,0.0,0.0,0.0,0.0,0.0,0.0,0,0,0,0.5,0.5,0.5,0.5,0.5,0.5,0.5,0.5,0.5,1,0,0,neutral,Unknown,individual,unknown,original,no,0,0,0,0,0,0,0,0,0,0,0,1
365,90,1,11534,90.0,31.6,0,0,0.5,1.0,0.0,0,0,0.0,0.0,0.0,0.0,0.0,0.0,0.0,0.0,0.0,0,0,0,0.5,0.5,0.5,0.5,0.5,0.5,0.5,0.5,0.5,1,0,0,neutral,Unknown,individual,unknown,original,no,0,0,0,0,0,0,0,0,0,0,0,1
365,58,119,1063,0.48739495798319327,2.9123287671232876,0,0,0.5,1.0,0.0,0,0,0.0,0.0,0.0,0.0,0.0,0.0,0.0,0.0,0.0,0,0,0,0.5,0.5,0.5,0.5,0.5,0.5,0.5,0.5,0.5,1,0,0,neutral,Unknown,individual,unknown,original,no,0,0,0,0,0,0,0,0,0,0,0,1
365,981,49,5841,20.020408163265305,16.002739726027396,0,0,0.5,1.0,0.0,0,0,0.0,0.0,0.0,0.0,0.0,0.0,0.0,0.0,0.0,0,0,0,0.5,0.5,0.5,0.5,0.5,0.5,0.5,0.5,0.5,1,0,0,neutral,Unknown,individual,unknown,original,no,0,0,0,0,0,0,0,0,0,0,0,1
365,10,0,752,0.0,2.0602739726027397,0,0,0.5,1.0,0.0,0,0,0.0,0.0,0.0,0.0,0.0,0.0,0.0,0.0,0.0,0,0,0,0.5,0.5,0.5,0.3,0.5,0.5,0.5,0.42000000000000004,0.5,1,0,0,neutral,Unknown,individual,unknown,original,no,0,0,0,0,0,0,0,0,0,0,0,1
365,80039,4,50649,20009.75,138.76438356164383,0,0,0.5,1.0,0.0,0,0,0.0,0.0,0.0,0.0,0.0,0.0,0.0,0.0,0.0,0,0,0,0.5,0.5,0.5,0.4,0.5,0.5,0.5,0.4600000000000001,0.5,1,0,0,neutral,Unknown,individual,unknown,original,no,0,0,0,0,0,0,0,0,0,0,0,1
365,37,0,5310,0.0,14.547945205479452,0,0,0.5,1.0,0.0,0,0,0.0,0.0,0.0,0.0,0.0,0.0,0.0,0.0,0.0,0,0,0,0.5,0.5,0.5,0.3,0.5,0.5,0.5,0.42000000000000004,0.5,1,0,0,neutral,Unknown,individual,unknown,original,no,0,0,0,0,0,0,0,0,0,0,0,1
365,1786,7,84541,255.14285714285714,231.61917808219178,0,0,0.5,1.0,0.0,0,0,0.0,0.0,0.0,0.0,0.0,0.0,0.0,0.0,0.0,0,0,0,0.5,0.5,0.5,0.4,0.5,0.5,0.5,0.4600000000000001,0.5,1,0,0,neutral,Unknown,individual,unknown,original,no,0,0,0,0,0,0,0,0,0,0,0,1
365,466,0,16354,0.0,44.8054794520548,0,0,0.5,1.0,0.0,0,0,0.0,0.0,0.0,0.0,0.0,0.0,0.0,0.0,0.0,0,0,0,0.5,0.5,0.5,0.3,0.5,0.5,0.5,0.42000000000000004,0.5,1,0,0,neutral,Unknown,individual,unknown,original,no,0,0,0,0,0,0,0,0,0,0,0,1
365,420,1628,4349,0.257985257985258,11.915068493150685,0,0,0.5,1.0,0.0,0,0,0.0,0.0,0.0,0.0,0.0,0.0,0.0,0.0,0.0,0,0,0,0.5,0.5,0.5,0.5,0.5,0.5,0.5,0.5,0.5,1,0,0,neutral,Unknown,individual,unknown,original,no,0,0,0,0,0,0,0,0,0,0,0,1
365,1142,149,1288,7.6644295302013425,3.5287671232876714,0,0,0.5,1.0,0.0,0,0,0.0,0.0,0.0,0.0,0.0,0.0,0.0,0.0,0.0,0,0,0,0.5,0.5,0.5,0.5,0.5,0.5,0.5,0.5,0.5,1,0,0,neutral,Unknown,individual,unknown,original,no,0,0,0,0,0,0,0,0,0,0,0,1
365,196,0,2069158,0.0,5668.92602739726,0,0,0.5,1.0,0.0,0,0,0.0,0.0,0.0,0.0,0.0,0.0,0.0,0.0,0.0,0,0,0,0.5,0.5,0.5,0.3,0.5,0.5,0.5,0.42000000000000004,0.5,1,0,0,neutral,Unknown,individual,unknown,original,no,0,0,0,0,0,0,0,0,0,0,0,1
365,342,1,13049,342.0,35.75068493150685,0,0,0.5,1.0,0.0,0,0,0.0,0.0,0.0,0.0,0.0,0.0,0.0,0.0,0.0,0,0,0,0.5,0.5,0.5,0.4,0.5,0.5,0.5,0.4600000000000001,0.5,1,0,0,neutral,Unknown,individual,unknown,original,no,0,0,0,0,0,0,0,0,0,0,0,1
365,62,0,11427,0.0,31.306849315068494,0,0,0.5,1.0,0.0,0,0,0.0,0.0,0.0,0.0,0.0,0.0,0.0,0.0,0.0,0,0,0,0.5,0.5,0.5,0.3,0.5,0.5,0.5,0.42000000000000004,0.5,1,0,0,neutral,Unknown,individual,unknown,original,no,0,0,0,0,0,0,0,0,0,0,0,1
365,169,5,2782,33.8,7.6219178082191785,0,0,0.5,1.0,0.0,0,0,0.0,0.0,0.0,0.0,0.0,0.0,0.0,0.0,0.0,0,0,0,0.5,0.5,0.5,0.5,0.5,0.5,0.5,0.5,0.5,1,0,0,neutral,Unknown,individual,unknown,original,no,0,0,0,0,0,0,0,0,0,0,0,1
365,589,0,3305,0.0,9.054794520547945,0,0,0.5,1.0,0.0,0,0,0.0,0.0,0.0,0.0,0.0,0.0,0.0,0.0,0.0,0,0,0,0.5,0.5,0.5,0.3,0.5,0.5,0.5,0.42000000000000004,0.5,1,0,0,neutral,Unknown,individual,unknown,original,no,0,0,0,0,0,0,0,0,0,0,0,1
365,6857,7805,405,0.878539397821909,1.1095890410958904,0,0,0.5,1.0,0.0,0,0,0.0,0.0,0.0,0.0,0.0,0.0,0.0,0.0,0.0,0,0,0,0.5,0.5,0.5,0.5,0.5,0.5,0.5,0.5,0.5,1,0,0,neutral,Unknown,individual,unknown,original,no,0,0,0,0,0,0,0,0,0,0,0,1
365,195,1,5013,195.0,13.734246575342466,0,0,0.5,1.0,0.0,0,0,0.0,0.0,0.0,0.0,0.0,0.0,0.0,0.0,0.0,0,0,0,0.5,0.5,0.5,0.4,0.5,0.5,0.5,0.4600000000000001,0.5,1,0,0,neutral,Unknown,individual,unknown,original,no,0,0,0,0,0,0,0,0,0,0,0,1
365,24,1,1010,24.0,2.767123287671233,0,0,0.5,1.0,0.0,0,0,0.0,0.0,0.0,0.0,0.0,0.0,0.0,0.0,0.0,0,0,0,0.5,0.5,0.5,0.5,0.5,0.5,0.5,0.5,0.5,1,0,0,neutral,Unknown,individual,unknown,original,no,0,0,0,0,0,0,0,0,0,0,0,1
365,99,86,6060,1.1511627906976745,16.602739726027398,0,0,0.5,1.0,0.0,0,0,0.0,0.0,0.0,0.0,0.0,0.0,0.0,0.0,0.0,0,0,0,0.5,0.5,0.5,0.5,0.5,0.5,0.5,0.5,0.5,1,0,0,neutral,Unknown,individual,unknown,original,no,0,0,0,0,0,0,0,0,0,0,0,1
365,47,0,34706,0.0,95.08493150684932,0,0,0.5,1.0,0.0,0,0,0.0,0.0,0.0,0.0,0.0,0.0,0.0,0.0,0.0,0,0,0,0.5,0.5,0.5,0.3,0.5,0.5,0.5,0.42000000000000004,0.5,1,0,0,neutral,Unknown,individual,unknown,original,no,0,0,0,0,0,0,0,0,0,0,0,1
365,2,2,9322,1.0,25.53972602739726,0,0,0.5,1.0,0.0,0,0,0.0,0.0,0.0,0.0,0.0,0.0,0.0,0.0,0.0,0,0,0,0.5,0.5,0.5,0.5,0.5,0.5,0.5,0.5,0.5,1,0,0,neutral,Unknown,individual,unknown,original,no,0,0,0,0,0,0,0,0,0,0,0,1
365,4,0,883,0.0,2.419178082191781,0,0,0.5,1.0,0.0,0,0,0.0,0.0,0.0,0.0,0.0,0.0,0.0,0.0,0.0,0,0,0,0.5,0.5,0.5,0.3,0.5,0.5,0.5,0.42000000000000004,0.5,1,0,0,neutral,Unknown,individual,unknown,original,no,0,0,0,0,0,0,0,0,0,0,0,1
365,266,44,17176,6.045454545454546,47.057534246575344,0,0,0.5,1.0,0.0,0,0,0.0,0.0,0.0,0.0,0.0,0.0,0.0,0.0,0.0,0,0,0,0.5,0.5,0.5,0.5,0.5,0.5,0.5,0.5,0.5,1,0,0,neutral,Unknown,individual,unknown,original,no,0,0,0,0,0,0,0,0,0,0,0,1
365,1068,5,3170,213.6,8.684931506849315,0,0,0.5,1.0,0.0,0,0,0.0,0.0,0.0,0.0,0.0,0.0,0.0,0.0,0.0,0,0,0,0.5,0.5,0.5,0.4,0.5,0.5,0.5,0.4600000000000001,0.5,1,0,0,neutral,Unknown,individual,unknown,original,no,0,0,0,0,0,0,0,0,0,0,0,1
365,17,34,776,0.5,2.126027397260274,0,0,0.5,1.0,0.0,0,0,0.0,0.0,0.0,0.0,0.0,0.0,0.0,0.0,0.0,0,0,0,0.5,0.5,0.5,0.5,0.5,0.5,0.5,0.5,0.5,1,0,0,neutral,Unknown,individual,unknown,original,no,0,0,0,0,0,0,0,0,0,0,0,1
365,3789,1,7242,3789.0,19.84109589041096,0,0,0.5,1.0,0.0,0,0,0.0,0.0,0.0,0.0,0.0,0.0,0.0,0.0,0.0,0,0,0,0.5,0.5,0.5,0.4,0.5,0.5,0.5,0.4600000000000001,0.5,1,0,0,neutral,Unknown,individual,unknown,original,no,0,0,0,0,0,0,0,0,0,0,0,1
365,159,3,576,53.0,1.5780821917808219,0,0,0.5,1.0,0.0,0,0,0.0,0.0,0.0,0.0,0.0,0.0,0.0,0.0,0.0,0,0,0,0.5,0.5,0.5,0.5,0.5,0.5,0.5,0.5,0.5,1,0,0,neutral,Unknown,individual,unknown,original,no,0,0,0,0,0,0,0,0,0,0,0,1
365,7,6,1306,1.1666666666666667,3.578082191780822,0,0,0.5,1.0,0.0,0,0,0.0,0.0,0.0,0.0,0.0,0.0,0.0,0.0,0.0,0,0,0,0.5,0.5,0.5,0.5,0.5,0.5,0.5,0.5,0.5,1,0,0,neutral,Unknown,individual,unknown,original,no,0,0,0,0,0,0,0,0,0,0,0,1
365,25,0,3845,0.0,10.534246575342467,0,0,0.5,1.0,0.0,0,0,0.0,0.0,0.0,0.0,0.0,0.0,0.0,0.0,0.0,0,0,0,0.5,0.5,0.5,0.3,0.5,0.5,0.5,0.42000000000000004,0.5,1,0,0,neutral,Unknown,individual,unknown,original,no,0,0,0,0,0,0,0,0,0,0,0,1
365,271,2,2776,135.5,7.605479452054794,0,0,0.5,1.0,0.0,0,0,0.0,0.0,0.0,0.0,0.0,0.0,0.0,0.0,0.0,0,0,0,0.5,0.5,0.5,0.4,0.5,0.5,0.5,0.4600000000000001,0.5,1,0,0,neutral,Unknown,individual,unknown,original,no,0,0,0,0,0,0,0,0,0,0,0,1
365,325,1,1503,325.0,4.117808219178082,0,0,0.5,1.0,0.0,0,0,0.0,0.0,0.0,0.0,0.0,0.0,0.0,0.0,0.0,0,0,0,0.5,0.5,0.5,0.4,0.5,0.5,0.5,0.4600000000000001,0.5,1,0,0,neutral,Unknown,individual,unknown,original,no,0,0,0,0,0,0,0,0,0,0,0,1
365,558,4,10441,139.5,28.605479452054794,0,0,0.5,1.0,0.0,0,0,0.0,0.0,0.0,0.0,0.0,0.0,0.0,0.0,0.0,0,0,0,0.5,0.5,0.5,0.4,0.5,0.5,0.5,0.4600000000000001,0.5,1,0,0,neutral,Unknown,individual,unknown,original,no,0,0,0,0,0,0,0,0,0,0,0,1
365,7,0,939,0.0,2.5726027397260274,0,0,0.5,1.0,0.0,0,0,0.0,0.0,0.0,0.0,0.0,0.0,0.0,0.0,0.0,0,0,0,0.5,0.5,0.5,0.3,0.5,0.5,0.5,0.42000000000000004,0.5,1,0,0,neutral,Unknown,individual,unknown,original,no,0,0,0,0,0,0,0,0,0,0,0,1
365,15,20,678,0.75,1.8575342465753424,0,0,0.5,1.0,0.0,0,0,0.0,0.0,0.0,0.0,0.0,0.0,0.0,0.0,0.0,0,0,0,0.5,0.5,0.5,0.5,0.5,0.5,0.5,0.5,0.5,1,0,0,neutral,Unknown,individual,unknown,original,no,0,0,0,0,0,0,0,0,0,0,0,1
365,4,0,397,0.0,1.0876712328767124,0,0,0.5,1.0,0.0,0,0,0.0,0.0,0.0,0.0,0.0,0.0,0.0,0.0,0.0,0,0,0,0.5,0.5,0.5,0.3,0.5,0.5,0.5,0.42000000000000004,0.5,1,0,0,neutral,Unknown,individual,unknown,original,no,0,0,0,0,0,0,0,0,0,0,0,1
365,17,0,389,0.0,1.0657534246575342,0,0,0.5,1.0,0.0,0,0,0.0,0.0,0.0,0.0,0.0,0.0,0.0,0.0,0.0,0,0,0,0.5,0.5,0.5,0.3,0.5,0.5,0.5,0.42000000000000004,0.5,1,0,0,neutral,Unknown,individual,unknown,original,no,0,0,0,0,0,0,0,0,0,0,0,1
365,43,2,2897,21.5,7.936986301369863,0,0,0.5,1.0,0.0,0,0,0.0,0.0,0.0,0.0,0.0,0.0,0.0,0.0,0.0,0,0,0,0.5,0.5,0.5,0.5,0.5,0.5,0.5,0.5,0.5,1,0,0,neutral,Unknown,individual,unknown,original,no,0,0,0,0,0,0,0,0,0,0,0,1
365,2,0,881,0.0,2.4136986301369863,0,0,0.5,1.0,0.0,0,0,0.0,0.0,0.0,0.0,0.0,0.0,0.0,0.0,0.0,0,0,0,0.5,0.5,0.5,0.3,0.5,0.5,0.5,0.42000000000000004,0.5,1,0,0,neutral,Unknown,individual,unknown,original,no,0,0,0,0,0,0,0,0,0,0,0,1
365,6324,0,37958,0.0,103.9945205479452,0,0,0.5,1.0,0.0,0,0,0.0,0.0,0.0,0.0,0.0,0.0,0.0,0.0,0.0,0,0,0,0.5,0.5,0.5,0.3,0.5,0.5,0.5,0.42000000000000004,0.5,1,0,0,neutral,Unknown,individual,unknown,original,no,0,0,0,0,0,0,0,0,0,0,0,1
365,108,1,3507,108.0,9.608219178082193,0,0,0.5,1.0,0.0,0,0,0.0,0.0,0.0,0.0,0.0,0.0,0.0,0.0,0.0,0,0,0,0.5,0.5,0.5,0.4,0.5,0.5,0.5,0.4600000000000001,0.5,1,0,0,neutral,Unknown,individual,unknown,original,no,0,0,0,0,0,0,0,0,0,0,0,1
365,17,0,1272,0.0,3.484931506849315,0,0,0.5,1.0,0.0,0,0,0.0,0.0,0.0,0.0,0.0,0.0,0.0,0.0,0.0,0,0,0,0.5,0.5,0.5,0.3,0.5,0.5,0.5,0.42000000000000004,0.5,1,0,0,neutral,Unknown,individual,unknown,original,no,0,0,0,0,0,0,0,0,0,0,0,1
365,175,1,7017,175.0,19.224657534246575,0,0,0.5,1.0,0.0,0,0,0.0,0.0,0.0,0.0,0.0,0.0,0.0,0.0,0.0,0,0,0,0.5,0.5,0.5,0.4,0.5,0.5,0.5,0.4600000000000001,0.5,1,0,0,neutral,Unknown,individual,unknown,original,no,0,0,0,0,0,0,0,0,0,0,0,1
365,161,1,3178,161.0,8.706849315068494,0,0,0.5,1.0,0.0,0,0,0.0,0.0,0.0,0.0,0.0,0.0,0.0,0.0,0.0,0,0,0,0.5,0.5,0.5,0.4,0.5,0.5,0.5,0.4600000000000001,0.5,1,0,0,neutral,Unknown,individual,unknown,original,no,0,0,0,0,0,0,0,0,0,0,0,1
365,7,0,14522,0.0,39.78630136986301,0,0,0.5,1.0,0.0,0,0,0.0,0.0,0.0,0.0,0.0,0.0,0.0,0.0,0.0,0,0,0,0.5,0.5,0.5,0.3,0.5,0.5,0.5,0.42000000000000004,0.5,1,0,0,neutral,Unknown,individual,unknown,original,no,0,0,0,0,0,0,0,0,0,0,0,1
365,67,0,343,0.0,0.9397260273972603,0,0,0.5,1.0,0.0,0,0,0.0,0.0,0.0,0.0,0.0,0.0,0.0,0.0,0.0,0,0,0,0.5,0.5,0.5,0.3,0.5,0.5,0.5,0.42000000000000004,0.5,1,0,0,neutral,Unknown,individual,unknown,original,no,0,0,0,0,0,0,0,0,0,0,0,1
365,1445,0,249,0.0,0.6821917808219178,0,0,0.5,1.0,0.0,0,0,0.0,0.0,0.0,0.0,0.0,0.0,0.0,0.0,0.0,0,0,0,0.5,0.5,0.5,0.3,0.5,0.5,0.5,0.42000000000000004,0.5,1,0,0,neutral,Unknown,individual,unknown,original,no,0,0,0,0,0,0,0,0,0,0,0,1
365,25,9,51024,2.7777777777777777,139.7917808219178,0,0,0.5,1.0,0.0,0,0,0.0,0.0,0.0,0.0,0.0,0.0,0.0,0.0,0.0,0,0,0,0.5,0.5,0.5,0.5,0.5,0.5,0.5,0.5,0.5,1,0,0,neutral,Unknown,individual,unknown,original,no,0,0,0,0,0,0,0,0,0,0,0,1
365,64,0,7850,0.0,21.506849315068493,0,0,0.5,1.0,0.0,0,0,0.0,0.0,0.0,0.0,0.0,0.0,0.0,0.0,0.0,0,0,0,0.5,0.5,0.5,0.3,0.5,0.5,0.5,0.42000000000000004,0.5,1,0,0,neutral,Unknown,individual,unknown,original,no,0,0,0,0,0,0,0,0,0,0,0,1
365,7,0,25546,0.0,69.98904109589041,0,0,0.5,1.0,0.0,0,0,0.0,0.0,0.0,0.0,0.0,0.0,0.0,0.0,0.0,0,0,0,0.5,0.5,0.5,0.3,0.5,0.5,0.5,0.42000000000000004,0.5,1,0,0,neutral,Unknown,individual,unknown,original,no,0,0,0,0,0,0,0,0,0,0,0,1
365,13,2,109,6.5,0.29863013698630136,0,0,0.5,1.0,0.0,0,0,0.0,0.0,0.0,0.0,0.0,0.0,0.0,0.0,0.0,0,0,0,0.5,0.5,0.5,0.5,0.5,0.5,0.5,0.5,0.5,1,0,0,neutral,Unknown,individual,unknown,original,no,0,0,0,0,0,0,0,0,0,0,0,1
365,95,2,31921,47.5,87.45479452054795,0,0,0.5,1.0,0.0,0,0,0.0,0.0,0.0,0.0,0.0,0.0,0.0,0.0,0.0,0,0,0,0.5,0.5,0.5,0.5,0.5,0.5,0.5,0.5,0.5,1,0,0,neutral,Unknown,individual,unknown,original,no,0,0,0,0,0,0,0,0,0,0,0,1
365,22,0,7438,0.0,20.378082191780823,0,0,0.5,1.0,0.0,0,0,0.0,0.0,0.0,0.0,0.0,0.0,0.0,0.0,0.0,0,0,0,0.5,0.5,0.5,0.3,0.5,0.5,0.5,0.42000000000000004,0.5,1,0,0,neutral,Unknown,individual,unknown,original,no,0,0,0,0,0,0,0,0,0,0,0,1
365,529,552,11452,0.9583333333333334,31.375342465753423,0,0,0.5,1.0,0.0,0,0,0.0,0.0,0.0,0.0,0.0,0.0,0.0,0.0,0.0,0,0,0,0.5,0.5,0.5,0.5,0.5,0.5,0.5,0.5,0.5,1,0,0,neutral,Unknown,individual,unknown,original,no,0,0,0,0,0,0,0,0,0,0,0,1
365,11,0,668,0.0,1.83013698630137,0,0,0.5,1.0,0.0,0,0,0.0,0.0,0.0,0.0,0.0,0.0,0.0,0.0,0.0,0,0,0,0.5,0.5,0.5,0.3,0.5,0.5,0.5,0.42000000000000004,0.5,1,0,0,neutral,Unknown,individual,unknown,original,no,0,0,0,0,0,0,0,0,0,0,0,1
365,9,1,765,9.0,2.095890410958904,0,0,0.5,1.0,0.0,0,0,0.0,0.0,0.0,0.0,0.0,0.0,0.0,0.0,0.0,0,0,0,0.5,0.5,0.5,0.5,0.5,0.5,0.5,0.5,0.5,1,0,0,neutral,Unknown,individual,unknown,original,no,0,0,0,0,0,0,0,0,0,0,0,1
365,199,0,16132,0.0,44.1972602739726,0,0,0.5,1.0,0.0,0,0,0.0,0.0,0.0,0.0,0.0,0.0,0.0,0.0,0.0,0,0,0,0.5,0.5,0.5,0.3,0.5,0.5,0.5,0.42000000000000004,0.5,1,0,0,neutral,Unknown,individual,unknown,original,no,0,0,0,0,0,0,0,0,0,0,0,1
365,30,2,8714,15.0,23.873972602739727,0,0,0.5,1.0,0.0,0,0,0.0,0.0,0.0,0.0,0.0,0.0,0.0,0.0,0.0,0,0,0,0.5,0.5,0.5,0.5,0.5,0.5,0.5,0.5,0.5,1,0,0,neutral,Unknown,individual,unknown,original,no,0,0,0,0,0,0,0,0,0,0,0,1
365,191,0,5296,0.0,14.509589041095891,0,0,0.5,1.0,0.0,0,0,0.0,0.0,0.0,0.0,0.0,0.0,0.0,0.0,0.0,0,0,0,0.5,0.5,0.5,0.3,0.5,0.5,0.5,0.42000000000000004,0.5,1,0,0,neutral,Unknown,individual,unknown,original,no,0,0,0,0,0,0,0,0,0,0,0,1
365,12,1,18603,12.0,50.967123287671235,0,0,0.5,1.0,0.0,0,0,0.0,0.0,0.0,0.0,0.0,0.0,0.0,0.0,0.0,0,0,0,0.5,0.5,0.5,0.5,0.5,0.5,0.5,0.5,0.5,1,0,0,neutral,Unknown,individual,unknown,original,no,0,0,0,0,0,0,0,0,0,0,0,1
365,209,1,8438,209.0,23.117808219178084,0,0,0.5,1.0,0.0,0,0,0.0,0.0,0.0,0.0,0.0,0.0,0.0,0.0,0.0,0,0,0,0.5,0.5,0.5,0.4,0.5,0.5,0.5,0.4600000000000001,0.5,1,0,0,neutral,Unknown,individual,unknown,original,no,0,0,0,0,0,0,0,0,0,0,0,1
365,80,1,1215,80.0,3.328767123287671,0,0,0.5,1.0,0.0,0,0,0.0,0.0,0.0,0.0,0.0,0.0,0.0,0.0,0.0,0,0,0,0.5,0.5,0.5,0.5,0.5,0.5,0.5,0.5,0.5,1,0,0,neutral,Unknown,individual,unknown,original,no,0,0,0,0,0,0,0,0,0,0,0,1
365,4793,0,6818,0.0,18.67945205479452,0,0,0.5,1.0,0.0,0,0,0.0,0.0,0.0,0.0,0.0,0.0,0.0,0.0,0.0,0,0,0,0.5,0.5,0.5,0.3,0.5,0.5,0.5,0.42000000000000004,0.5,1,0,0,neutral,Unknown,individual,unknown,original,no,0,0,0,0,0,0,0,0,0,0,0,1
365,35,1,44294,35.0,121.35342465753425,0,0,0.5,1.0,0.0,0,0,0.0,0.0,0.0,0.0,0.0,0.0,0.0,0.0,0.0,0,0,0,0.5,0.5,0.5,0.5,0.5,0.5,0.5,0.5,0.5,1,0,0,neutral,Unknown,individual,unknown,original,no,0,0,0,0,0,0,0,0,0,0,0,1
365,12334,102,9523,120.92156862745098,26.09041095890411,0,0,0.5,1.0,0.0,0,0,0.0,0.0,0.0,0.0,0.0,0.0,0.0,0.0,0.0,0,0,0,0.5,0.5,0.5,0.4,0.5,0.5,0.5,0.4600000000000001,0.5,1,0,0,neutral,Unknown,individual,unknown,original,no,0,0,0,0,0,0,0,0,0,0,0,1
365,20916,1,4829,20916.0,13.23013698630137,0,0,0.5,1.0,0.0,0,0,0.0,0.0,0.0,0.0,0.0,0.0,0.0,0.0,0.0,0,0,0,0.5,0.5,0.5,0.4,0.5,0.5,0.5,0.4600000000000001,0.5,1,0,0,neutral,Unknown,individual,unknown,original,no,0,0,0,0,0,0,0,0,0,0,0,1
365,55,0,488,0.0,1.336986301369863,0,0,0.5,1.0,0.0,0,0,0.0,0.0,0.0,0.0,0.0,0.0,0.0,0.0,0.0,0,0,0,0.5,0.5,0.5,0.3,0.5,0.5,0.5,0.42000000000000004,0.5,1,0,0,neutral,Unknown,individual,unknown,original,no,0,0,0,0,0,0,0,0,0,0,0,1
365,260,0,1265,0.0,3.4657534246575343,0,0,0.5,1.0,0.0,0,0,0.0,0.0,0.0,0.0,0.0,0.0,0.0,0.0,0.0,0,0,0,0.5,0.5,0.5,0.3,0.5,0.5,0.5,0.42000000000000004,0.5,1,0,0,neutral,Unknown,individual,unknown,original,no,0,0,0,0,0,0,0,0,0,0,0,1
365,674,1,45028,674.0,123.36438356164383,0,0,0.5,1.0,0.0,0,0,0.0,0.0,0.0,0.0,0.0,0.0,0.0,0.0,0.0,0,0,0,0.5,0.5,0.5,0.4,0.5,0.5,0.5,0.4600000000000001,0.5,1,0,0,neutral,Unknown,individual,unknown,original,no,0,0,0,0,0,0,0,0,0,0,0,1
365,17,0,5844,0.0,16.01095890410959,0,0,0.5,1.0,0.0,0,0,0.0,0.0,0.0,0.0,0.0,0.0,0.0,0.0,0.0,0,0,0,0.5,0.5,0.5,0.3,0.5,0.5,0.5,0.42000000000000004,0.5,1,0,0,neutral,Unknown,individual,unknown,original,no,0,0,0,0,0,0,0,0,0,0,0,1
365,15301,5,10240,3060.2,28.054794520547944,0,0,0.5,1.0,0.0,0,0,0.0,0.0,0.0,0.0,0.0,0.0,0.0,0.0,0.0,0,0,0,0.5,0.5,0.5,0.4,0.5,0.5,0.5,0.4600000000000001,0.5,1,0,0,neutral,Unknown,individual,unknown,original,no,0,0,0,0,0,0,0,0,0,0,0,1
365,435,21,1698,20.714285714285715,4.652054794520548,0,0,0.5,1.0,0.0,0,0,0.0,0.0,0.0,0.0,0.0,0.0,0.0,0.0,0.0,0,0,0,0.5,0.5,0.5,0.5,0.5,0.5,0.5,0.5,0.5,1,0,0,neutral,Unknown,individual,unknown,original,no,0,0,0,0,0,0,0,0,0,0,0,1
365,7,0,2247,0.0,6.156164383561644,0,0,0.5,1.0,0.0,0,0,0.0,0.0,0.0,0.0,0.0,0.0,0.0,0.0,0.0,0,0,0,0.5,0.5,0.5,0.3,0.5,0.5,0.5,0.42000000000000004,0.5,1,0,0,neutral,Unknown,individual,unknown,original,no,0,0,0,0,0,0,0,0,0,0,0,1
365,32,0,1126,0.0,3.084931506849315,0,0,0.5,1.0,0.0,0,0,0.0,0.0,0.0,0.0,0.0,0.0,0.0,0.0,0.0,0,0,0,0.5,0.5,0.5,0.3,0.5,0.5,0.5,0.42000000000000004,0.5,1,0,0,neutral,Unknown,individual,unknown,original,no,0,0,0,0,0,0,0,0,0,0,0,1
365,72,0,3164,0.0,8.668493150684931,0,0,0.5,1.0,0.0,0,0,0.0,0.0,0.0,0.0,0.0,0.0,0.0,0.0,0.0,0,0,0,0.5,0.5,0.5,0.3,0.5,0.5,0.5,0.42000000000000004,0.5,1,0,0,neutral,Unknown,individual,unknown,original,no,0,0,0,0,0,0,0,0,0,0,0,1
365,23,1,3690,23.0,10.10958904109589,0,0,0.5,1.0,0.0,0,0,0.0,0.0,0.0,0.0,0.0,0.0,0.0,0.0,0.0,0,0,0,0.5,0.5,0.5,0.5,0.5,0.5,0.5,0.5,0.5,1,0,0,neutral,Unknown,individual,unknown,original,no,0,0,0,0,0,0,0,0,0,0,0,1
365,22,1,3262,22.0,8.936986301369863,0,0,0.5,1.0,0.0,0,0,0.0,0.0,0.0,0.0,0.0,0.0,0.0,0.0,0.0,0,0,0,0.5,0.5,0.5,0.5,0.5,0.5,0.5,0.5,0.5,1,0,0,neutral,Unknown,individual,unknown,original,no,0,0,0,0,0,0,0,0,0,0,0,1
365,1744,8,483,218.0,1.3232876712328767,0,0,0.5,1.0,0.0,0,0,0.0,0.0,0.0,0.0,0.0,0.0,0.0,0.0,0.0,0,0,0,0.5,0.5,0.5,0.4,0.5,0.5,0.5,0.4600000000000001,0.5,1,0,0,neutral,Unknown,individual,unknown,original,no,0,0,0,0,0,0,0,0,0,0,0,1
365,60,2,1843,30.0,5.049315068493151,0,0,0.5,1.0,0.0,0,0,0.0,0.0,0.0,0.0,0.0,0.0,0.0,0.0,0.0,0,0,0,0.5,0.5,0.5,0.5,0.5,0.5,0.5,0.5,0.5,1,0,0,neutral,Unknown,individual,unknown,original,no,0,0,0,0,0,0,0,0,0,0,0,1
365,6723,1,1719,6723.0,4.7095890410958905,0,0,0.5,1.0,0.0,0,0,0.0,0.0,0.0,0.0,0.0,0.0,0.0,0.0,0.0,0,0,0,0.5,0.5,0.5,0.4,0.5,0.5,0.5,0.4600000000000001,0.5,1,0,0,neutral,Unknown,individual,unknown,original,yes,0,0,0,0,0,0,0,0,0,0,0,1
365,516,1,2058,516.0,5.638356164383562,0,0,0.5,1.0,0.0,0,0,0.0,0.0,0.0,0.0,0.0,0.0,0.0,0.0,0.0,0,0,0,0.5,0.5,0.5,0.4,0.5,0.5,0.5,0.4600000000000001,0.5,1,0,0,neutral,Unknown,individual,unknown,original,no,0,0,0,0,0,0,0,0,0,0,0,1
365,68,114,942,0.5964912280701754,2.580821917808219,0,0,0.5,1.0,0.0,0,0,0.0,0.0,0.0,0.0,0.0,0.0,0.0,0.0,0.0,0,0,0,0.5,0.5,0.5,0.5,0.5,0.5,0.5,0.5,0.5,1,0,0,neutral,Unknown,individual,unknown,original,no,0,0,0,0,0,0,0,0,0,0,0,1
365,60,2,2619,30.0,7.175342465753425,0,0,0.5,1.0,0.0,0,0,0.0,0.0,0.0,0.0,0.0,0.0,0.0,0.0,0.0,0,0,0,0.5,0.5,0.5,0.5,0.5,0.5,0.5,0.5,0.5,1,0,0,neutral,Unknown,individual,unknown,original,no,0,0,0,0,0,0,0,0,0,0,0,1
365,71,2,61156,35.5,167.55068493150685,0,0,0.5,1.0,0.0,0,0,0.0,0.0,0.0,0.0,0.0,0.0,0.0,0.0,0.0,0,0,0,0.5,0.5,0.5,0.5,0.5,0.5,0.5,0.5,0.5,1,0,0,neutral,Unknown,individual,unknown,original,no,0,0,0,0,0,0,0,0,0,0,0,1
365,116,2,1321,58.0,3.6191780821917807,0,0,0.5,1.0,0.0,0,0,0.0,0.0,0.0,0.0,0.0,0.0,0.0,0.0,0.0,0,0,0,0.5,0.5,0.5,0.5,0.5,0.5,0.5,0.5,0.5,1,0,0,neutral,Unknown,individual,unknown,original,no,0,0,0,0,0,0,0,0,0,0,0,1
365,1829,2447,17985,0.7474458520637516,49.273972602739725,0,0,0.5,1.0,0.0,0,0,0.0,0.0,0.0,0.0,0.0,0.0,0.0,0.0,0.0,0,0,0,0.5,0.5,0.5,0.5,0.5,0.5,0.5,0.5,0.5,1,0,0,neutral,Unknown,individual,unknown,original,no,0,0,0,0,0,0,0,0,0,0,0,1
365,85,4,16154,21.25,44.25753424657534,0,0,0.5,1.0,0.0,0,0,0.0,0.0,0.0,0.0,0.0,0.0,0.0,0.0,0.0,0,0,0,0.5,0.5,0.5,0.5,0.5,0.5,0.5,0.5,0.5,1,0,0,neutral,Unknown,individual,unknown,original,no,0,0,0,0,0,0,0,0,0,0,0,1
365,110,0,3412,0.0,9.347945205479451,0,0,0.5,1.0,0.0,0,0,0.0,0.0,0.0,0.0,0.0,0.0,0.0,0.0,0.0,0,0,0,0.5,0.5,0.5,0.3,0.5,0.5,0.5,0.42000000000000004,0.5,1,0,0,neutral,Unknown,individual,unknown,original,no,0,0,0,0,0,0,0,0,0,0,0,1
365,196,47,28096,4.170212765957447,76.97534246575343,0,0,0.5,1.0,0.0,0,0,0.0,0.0,0.0,0.0,0.0,0.0,0.0,0.0,0.0,0,0,0,0.5,0.5,0.5,0.5,0.5,0.5,0.5,0.5,0.5,1,0,0,neutral,Unknown,individual,unknown,original,no,0,0,0,0,0,0,0,0,0,0,0,1
365,384,1,493,384.0,1.3506849315068492,0,0,0.5,1.0,0.0,0,0,0.0,0.0,0.0,0.0,0.0,0.0,0.0,0.0,0.0,0,0,0,0.5,0.5,0.5,0.4,0.5,0.5,0.5,0.4600000000000001,0.5,1,0,0,neutral,Unknown,individual,unknown,original,no,0,0,0,0,0,0,0,0,0,0,0,1
365,5,0,349,0.0,0.9561643835616438,0,0,0.5,1.0,0.0,0,0,0.0,0.0,0.0,0.0,0.0,0.0,0.0,0.0,0.0,0,0,0,0.5,0.5,0.5,0.3,0.5,0.5,0.5,0.42000000000000004,0.5,1,0,0,neutral,Unknown,individual,unknown,original,no,0,0,0,0,0,0,0,0,0,0,0,1
365,2,1,11078,2.0,30.350684931506848,0,0,0.5,1.0,0.0,0,0,0.0,0.0,0.0,0.0,0.0,0.0,0.0,0.0,0.0,0,0,0,0.5,0.5,0.5,0.5,0.5,0.5,0.5,0.5,0.5,1,0,0,neutral,Unknown,individual,unknown,original,no,0,0,0,0,0,0,0,0,0,0,0,1
365,1171,1,9255,1171.0,25.356164383561644,0,0,0.5,1.0,0.0,0,0,0.0,0.0,0.0,0.0,0.0,0.0,0.0,0.0,0.0,0,0,0,0.5,0.5,0.5,0.4,0.5,0.5,0.5,0.4600000000000001,0.5,1,0,0,neutral,Unknown,individual,unknown,original,no,0,0,0,0,0,0,0,0,0,0,0,1
365,12,12,1033,1.0,2.83013698630137,0,0,0.5,1.0,0.0,0,0,0.0,0.0,0.0,0.0,0.0,0.0,0.0,0.0,0.0,0,0,0,0.5,0.5,0.5,0.5,0.5,0.5,0.5,0.5,0.5,1,0,0,neutral,Unknown,individual,unknown,original,no,0,0,0,0,0,0,0,0,0,0,0,1
365,1347,2,30071,673.5,82.38630136986302,0,0,0.5,1.0,0.0,0,0,0.0,0.0,0.0,0.0,0.0,0.0,0.0,0.0,0.0,0,0,0,0.5,0.5,0.5,0.4,0.5,0.5,0.5,0.4600000000000001,0.5,1,0,0,neutral,Unknown,individual,unknown,original,no,0,0,0,0,0,0,0,0,0,0,0,1
365,6,3,2623,2.0,7.186301369863013,0,0,0.5,1.0,0.0,0,0,0.0,0.0,0.0,0.0,0.0,0.0,0.0,0.0,0.0,0,0,0,0.5,0.5,0.5,0.5,0.5,0.5,0.5,0.5,0.5,1,0,0,neutral,Unknown,individual,unknown,original,no,0,0,0,0,0,0,0,0,0,0,0,1
365,27038,10776,1768111,2.50909428359317,4844.139726027397,0,0,0.5,1.0,0.0,0,0,0.0,0.0,0.0,0.0,0.0,0.0,0.0,0.0,0.0,0,0,0,0.5,0.5,0.5,0.5,0.5,0.5,0.5,0.5,0.5,1,0,0,neutral,Unknown,individual,unknown,original,no,0,0,0,0,0,0,0,0,0,0,0,1
365,153,13,610840,11.76923076923077,1673.5342465753424,0,0,0.5,1.0,0.0,0,0,0.0,0.0,0.0,0.0,0.0,0.0,0.0,0.0,0.0,0,0,0,0.5,0.5,0.5,0.5,0.5,0.5,0.5,0.5,0.5,1,0,0,neutral,Unknown,individual,unknown,original,no,0,0,0,0,0,0,0,0,0,0,0,1
365,29,0,2974,0.0,8.147945205479452,0,0,0.5,1.0,0.0,0,0,0.0,0.0,0.0,0.0,0.0,0.0,0.0,0.0,0.0,0,0,0,0.5,0.5,0.5,0.3,0.5,0.5,0.5,0.42000000000000004,0.5,1,0,0,neutral,Unknown,individual,unknown,original,no,0,0,0,0,0,0,0,0,0,0,0,1
365,192,46,824,4.173913043478261,2.2575342465753425,0,0,0.5,1.0,0.0,0,0,0.0,0.0,0.0,0.0,0.0,0.0,0.0,0.0,0.0,0,0,0,0.5,0.5,0.5,0.5,0.5,0.5,0.5,0.5,0.5,1,0,0,neutral,Unknown,individual,unknown,original,no,0,0,0,0,0,0,0,0,0,0,0,1
365,23,0,7335,0.0,20.095890410958905,0,0,0.5,1.0,0.0,0,0,0.0,0.0,0.0,0.0,0.0,0.0,0.0,0.0,0.0,0,0,0,0.5,0.5,0.5,0.3,0.5,0.5,0.5,0.42000000000000004,0.5,1,0,0,neutral,Unknown,individual,unknown,original,no,0,0,0,0,0,0,0,0,0,0,0,1
365,1829,1,5011,1829.0,13.728767123287671,0,0,0.5,1.0,0.0,0,0,0.0,0.0,0.0,0.0,0.0,0.0,0.0,0.0,0.0,0,0,0,0.5,0.5,0.5,0.4,0.5,0.5,0.5,0.4600000000000001,0.5,1,0,0,neutral,Unknown,individual,unknown,original,no,0,0,0,0,0,0,0,0,0,0,0,1
365,94,12,8026,7.833333333333333,21.98904109589041,0,0,0.5,1.0,0.0,0,0,0.0,0.0,0.0,0.0,0.0,0.0,0.0,0.0,0.0,0,0,0,0.5,0.5,0.5,0.5,0.5,0.5,0.5,0.5,0.5,1,0,0,neutral,Unknown,individual,unknown,original,no,0,0,0,0,0,0,0,0,0,0,0,1
365,7,0,2151,0.0,5.8931506849315065,0,0,0.5,1.0,0.0,0,0,0.0,0.0,0.0,0.0,0.0,0.0,0.0,0.0,0.0,0,0,0,0.5,0.5,0.5,0.3,0.5,0.5,0.5,0.42000000000000004,0.5,1,0,0,neutral,Unknown,individual,unknown,original,no,0,0,0,0,0,0,0,0,0,0,0,1
365,2883,3934,169717,0.7328418912048805,464.9780821917808,0,0,0.5,1.0,0.0,0,0,0.0,0.0,0.0,0.0,0.0,0.0,0.0,0.0,0.0,0,0,0,0.5,0.5,0.5,0.5,0.5,0.5,0.5,0.5,0.5,1,0,0,neutral,Unknown,individual,unknown,original,no,0,0,0,0,0,0,0,0,0,0,0,1
365,15794,4,28355,3948.5,77.68493150684931,0,0,0.5,1.0,0.0,0,0,0.0,0.0,0.0,0.0,0.0,0.0,0.0,0.0,0.0,0,0,0,0.5,0.5,0.5,0.4,0.5,0.5,0.5,0.4600000000000001,0.5,1,0,0,neutral,Unknown,individual,unknown,original,no,0,0,0,0,0,0,0,0,0,0,0,1
365,700,1,2180,700.0,5.972602739726027,0,0,0.5,1.0,0.0,0,0,0.0,0.0,0.0,0.0,0.0,0.0,0.0,0.0,0.0,0,0,0,0.5,0.5,0.5,0.4,0.5,0.5,0.5,0.4600000000000001,0.5,1,0,0,neutral,Unknown,individual,unknown,original,no,0,0,0,0,0,0,0,0,0,0,0,1
365,4463,1,1846,4463.0,5.057534246575343,0,0,0.5,1.0,0.0,0,0,0.0,0.0,0.0,0.0,0.0,0.0,0.0,0.0,0.0,0,0,0,0.5,0.5,0.5,0.4,0.5,0.5,0.5,0.4600000000000001,0.5,1,0,0,neutral,Unknown,individual,unknown,original,no,0,0,0,0,0,0,0,0,0,0,0,1
365,5,1,4374,5.0,11.983561643835616,0,0,0.5,1.0,0.0,0,0,0.0,0.0,0.0,0.0,0.0,0.0,0.0,0.0,0.0,0,0,0,0.5,0.5,0.5,0.5,0.5,0.5,0.5,0.5,0.5,1,0,0,neutral,Unknown,individual,unknown,original,no,0,0,0,0,0,0,0,0,0,0,0,1
365,2170,0,7017,0.0,19.224657534246575,0,0,0.5,1.0,0.0,0,0,0.0,0.0,0.0,0.0,0.0,0.0,0.0,0.0,0.0,0,0,0,0.5,0.5,0.5,0.3,0.5,0.5,0.5,0.42000000000000004,0.5,1,0,0,neutral,Unknown,individual,unknown,original,no,0,0,0,0,0,0,0,0,0,0,0,1
365,24,5,14969,4.8,41.010958904109586,0,0,0.5,1.0,0.0,0,0,0.0,0.0,0.0,0.0,0.0,0.0,0.0,0.0,0.0,0,0,0,0.5,0.5,0.5,0.5,0.5,0.5,0.5,0.5,0.5,1,0,0,neutral,Unknown,individual,unknown,original,no,0,0,0,0,0,0,0,0,0,0,0,1
365,16,0,399,0.0,1.093150684931507,0,0,0.5,1.0,0.0,0,0,0.0,0.0,0.0,0.0,0.0,0.0,0.0,0.0,0.0,0,0,0,0.5,0.5,0.5,0.3,0.5,0.5,0.5,0.42000000000000004,0.5,1,0,0,neutral,Unknown,individual,unknown,original,no,0,0,0,0,0,0,0,0,0,0,0,1
365,11,5,4323,2.2,11.843835616438357,0,0,0.5,1.0,0.0,0,0,0.0,0.0,0.0,0.0,0.0,0.0,0.0,0.0,0.0,0,0,0,0.5,0.5,0.5,0.5,0.5,0.5,0.5,0.5,0.5,1,0,0,neutral,Unknown,individual,unknown,original,no,0,0,0,0,0,0,0,0,0,0,0,1
365,2599,120,4355,21.658333333333335,11.931506849315069,0,0,0.5,1.0,0.0,0,0,0.0,0.0,0.0,0.0,0.0,0.0,0.0,0.0,0.0,0,0,0,0.5,0.5,0.5,0.5,0.5,0.5,0.5,0.5,0.5,1,0,0,neutral,Unknown,individual,unknown,original,no,0,0,0,0,0,0,0,0,0,0,0,1
365,54,3,7270,18.0,19.91780821917808,0,0,0.5,1.0,0.0,0,0,0.0,0.0,0.0,0.0,0.0,0.0,0.0,0.0,0.0,0,0,0,0.5,0.5,0.5,0.5,0.5,0.5,0.5,0.5,0.5,1,0,0,neutral,Unknown,individual,unknown,original,no,0,0,0,0,0,0,0,0,0,0,0,1
365,136,128,6594,1.0625,18.065753424657533,0,0,0.5,1.0,0.0,0,0,0.0,0.0,0.0,0.0,0.0,0.0,0.0,0.0,0.0,0,0,0,0.5,0.5,0.5,0.5,0.5,0.5,0.5,0.5,0.5,1,0,0,neutral,Unknown,individual,unknown,original,no,0,0,0,0,0,0,0,0,0,0,0,1
365,57,162,10543,0.35185185185185186,28.884931506849316,0,0,0.5,1.0,0.0,0,0,0.0,0.0,0.0,0.0,0.0,0.0,0.0,0.0,0.0,0,0,0,0.5,0.5,0.5,0.5,0.5,0.5,0.5,0.5,0.5,1,0,0,neutral,Unknown,individual,unknown,original,no,0,0,0,0,0,0,0,0,0,0,0,1
365,8,0,2736,0.0,7.495890410958904,0,0,0.5,1.0,0.0,0,0,0.0,0.0,0.0,0.0,0.0,0.0,0.0,0.0,0.0,0,0,0,0.5,0.5,0.5,0.3,0.5,0.5,0.5,0.42000000000000004,0.5,1,0,0,neutral,Unknown,individual,unknown,original,no,0,0,0,0,0,0,0,0,0,0,0,1
365,24,2,21801,12.0,59.728767123287675,0,0,0.5,1.0,0.0,0,0,0.0,0.0,0.0,0.0,0.0,0.0,0.0,0.0,0.0,0,0,0,0.5,0.5,0.5,0.5,0.5,0.5,0.5,0.5,0.5,1,0,0,neutral,Unknown,individual,unknown,original,no,0,0,0,0,0,0,0,0,0,0,0,1
365,47,1,3113,47.0,8.528767123287672,0,0,0.5,1.0,0.0,0,0,0.0,0.0,0.0,0.0,0.0,0.0,0.0,0.0,0.0,0,0,0,0.5,0.5,0.5,0.5,0.5,0.5,0.5,0.5,0.5,1,0,0,neutral,Unknown,individual,unknown,original,no,0,0,0,0,0,0,0,0,0,0,0,1
365,1465,39,13517,37.56410256410256,37.032876712328765,0,0,0.5,1.0,0.0,0,0,0.0,0.0,0.0,0.0,0.0,0.0,0.0,0.0,0.0,0,0,0,0.5,0.5,0.5,0.5,0.5,0.5,0.5,0.5,0.5,1,0,0,neutral,Unknown,individual,unknown,original,no,0,0,0,0,0,0,0,0,0,0,0,1
365,36,0,33507,0.0,91.8,0,0,0.5,1.0,0.0,0,0,0.0,0.0,0.0,0.0,0.0,0.0,0.0,0.0,0.0,0,0,0,0.5,0.5,0.5,0.3,0.5,0.5,0.5,0.42000000000000004,0.5,1,0,0,neutral,Unknown,individual,unknown,original,no,0,0,0,0,0,0,0,0,0,0,0,1
365,97,2,1904,48.5,5.2164383561643834,0,0,0.5,1.0,0.0,0,0,0.0,0.0,0.0,0.0,0.0,0.0,0.0,0.0,0.0,0,0,0,0.5,0.5,0.5,0.5,0.5,0.5,0.5,0.5,0.5,1,0,0,neutral,Unknown,individual,unknown,original,no,0,0,0,0,0,0,0,0,0,0,0,1
365,22,1,23396,22.0,64.0986301369863,0,0,0.5,1.0,0.0,0,0,0.0,0.0,0.0,0.0,0.0,0.0,0.0,0.0,0.0,0,0,0,0.5,0.5,0.5,0.5,0.5,0.5,0.5,0.5,0.5,1,0,0,neutral,Unknown,individual,unknown,original,no,0,0,0,0,0,0,0,0,0,0,0,1
365,125,2,1657,62.5,4.53972602739726,0,0,0.5,1.0,0.0,0,0,0.0,0.0,0.0,0.0,0.0,0.0,0.0,0.0,0.0,0,0,0,0.5,0.5,0.5,0.5,0.5,0.5,0.5,0.5,0.5,1,0,0,neutral,Unknown,individual,unknown,original,no,0,0,0,0,0,0,0,0,0,0,0,1
365,84,3,7359,28.0,20.161643835616438,0,0,0.5,1.0,0.0,0,0,0.0,0.0,0.0,0.0,0.0,0.0,0.0,0.0,0.0,0,0,0,0.5,0.5,0.5,0.5,0.5,0.5,0.5,0.5,0.5,1,0,0,neutral,Unknown,individual,unknown,original,no,0,0,0,0,0,0,0,0,0,0,0,1
365,35,50,45330,0.7,124.1917808219178,0,0,0.5,1.0,0.0,0,0,0.0,0.0,0.0,0.0,0.0,0.0,0.0,0.0,0.0,0,0,0,0.5,0.5,0.5,0.5,0.5,0.5,0.5,0.5,0.5,1,0,0,neutral,Unknown,individual,unknown,original,no,0,0,0,0,0,0,0,0,0,0,0,1
365,36,2,813,18.0,2.2273972602739724,0,0,0.5,1.0,0.0,0,0,0.0,0.0,0.0,0.0,0.0,0.0,0.0,0.0,0.0,0,0,0,0.5,0.5,0.5,0.5,0.5,0.5,0.5,0.5,0.5,1,0,0,neutral,Unknown,individual,unknown,original,no,0,0,0,0,0,0,0,0,0,0,0,1
365,2476,4,90351,619.0,247.53698630136986,0,0,0.5,1.0,0.0,0,0,0.0,0.0,0.0,0.0,0.0,0.0,0.0,0.0,0.0,0,0,0,0.5,0.5,0.5,0.4,0.5,0.5,0.5,0.4600000000000001,0.5,1,0,0,neutral,Unknown,individual,unknown,original,no,0,0,0,0,0,0,0,0,0,0,0,1
365,5,0,270,0.0,0.7397260273972602,0,0,0.5,1.0,0.0,0,0,0.0,0.0,0.0,0.0,0.0,0.0,0.0,0.0,0.0,0,0,0,0.5,0.5,0.5,0.3,0.5,0.5,0.5,0.42000000000000004,0.5,1,0,0,neutral,Unknown,individual,unknown,original,no,0,0,0,0,0,0,0,0,0,0,0,1
365,6650,5,4961,1330.0,13.591780821917808,0,0,0.5,1.0,0.0,0,0,0.0,0.0,0.0,0.0,0.0,0.0,0.0,0.0,0.0,0,0,0,0.5,0.5,0.5,0.4,0.5,0.5,0.5,0.4600000000000001,0.5,1,0,0,neutral,Unknown,individual,unknown,original,no,0,0,0,0,0,0,0,0,0,0,0,1
365,102,3,809,34.0,2.2164383561643834,0,0,0.5,1.0,0.0,0,0,0.0,0.0,0.0,0.0,0.0,0.0,0.0,0.0,0.0,0,0,0,0.5,0.5,0.5,0.5,0.5,0.5,0.5,0.5,0.5,1,0,0,neutral,Unknown,individual,unknown,original,no,0,0,0,0,0,0,0,0,0,0,0,1
365,75,1,4523,75.0,12.391780821917807,0,0,0.5,1.0,0.0,0,0,0.0,0.0,0.0,0.0,0.0,0.0,0.0,0.0,0.0,0,0,0,0.5,0.5,0.5,0.5,0.5,0.5,0.5,0.5,0.5,1,0,0,neutral,Unknown,individual,unknown,original,no,0,0,0,0,0,0,0,0,0,0,0,1
365,279,1,1264,279.0,3.463013698630137,0,0,0.5,1.0,0.0,0,0,0.0,0.0,0.0,0.0,0.0,0.0,0.0,0.0,0.0,0,0,0,0.5,0.5,0.5,0.4,0.5,0.5,0.5,0.4600000000000001,0.5,1,0,0,neutral,Unknown,individual,unknown,original,no,0,0,0,0,0,0,0,0,0,0,0,1
365,225,0,1009,0.0,2.7643835616438355,0,0,0.5,1.0,0.0,0,0,0.0,0.0,0.0,0.0,0.0,0.0,0.0,0.0,0.0,0,0,0,0.5,0.5,0.5,0.3,0.5,0.5,0.5,0.42000000000000004,0.5,1,0,0,neutral,Unknown,individual,unknown,original,no,0,0,0,0,0,0,0,0,0,0,0,1
365,18,63,483,0.2857142857142857,1.3232876712328767,0,0,0.5,1.0,0.0,0,0,0.0,0.0,0.0,0.0,0.0,0.0,0.0,0.0,0.0,0,0,0,0.5,0.5,0.5,0.5,0.5,0.5,0.5,0.5,0.5,1,0,0,neutral,Unknown,individual,unknown,original,no,0,0,0,0,0,0,0,0,0,0,0,1
365,12632,0,19042,0.0,52.16986301369863,0,0,0.5,1.0,0.0,0,0,0.0,0.0,0.0,0.0,0.0,0.0,0.0,0.0,0.0,0,0,0,0.5,0.5,0.5,0.3,0.5,0.5,0.5,0.42000000000000004,0.5,1,0,0,neutral,Unknown,individual,unknown,original,no,0,0,0,0,0,0,0,0,0,0,0,1
365,1408,1,2166,1408.0,5.934246575342466,0,0,0.5,1.0,0.0,0,0,0.0,0.0,0.0,0.0,0.0,0.0,0.0,0.0,0.0,0,0,0,0.5,0.5,0.5,0.4,0.5,0.5,0.5,0.4600000000000001,0.5,1,0,0,neutral,Unknown,individual,unknown,original,no,0,0,0,0,0,0,0,0,0,0,0,1
365,18,1,8473,18.0,23.213698630136985,0,0,0.5,1.0,0.0,0,0,0.0,0.0,0.0,0.0,0.0,0.0,0.0,0.0,0.0,0,0,0,0.5,0.5,0.5,0.5,0.5,0.5,0.5,0.5,0.5,1,0,0,neutral,Unknown,individual,unknown,original,no,0,0,0,0,0,0,0,0,0,0,0,1
365,12,0,9355,0.0,25.63013698630137,0,0,0.5,1.0,0.0,0,0,0.0,0.0,0.0,0.0,0.0,0.0,0.0,0.0,0.0,0,0,0,0.5,0.5,0.5,0.3,0.5,0.5,0.5,0.42000000000000004,0.5,1,0,0,neutral,Unknown,individual,unknown,original,no,0,0,0,0,0,0,0,0,0,0,0,1
365,58,203,1915,0.2857142857142857,5.2465753424657535,0,0,0.5,1.0,0.0,0,0,0.0,0.0,0.0,0.0,0.0,0.0,0.0,0.0,0.0,0,0,0,0.5,0.5,0.5,0.5,0.5,0.5,0.5,0.5,0.5,1,0,0,neutral,Unknown,individual,unknown,original,no,0,0,0,0,0,0,0,0,0,0,0,1
365,16,0,16689,0.0,45.723287671232875,0,0,0.5,1.0,0.0,0,0,0.0,0.0,0.0,0.0,0.0,0.0,0.0,0.0,0.0,0,0,0,0.5,0.5,0.5,0.3,0.5,0.5,0.5,0.42000000000000004,0.5,1,0,0,neutral,Unknown,individual,unknown,original,no,0,0,0,0,0,0,0,0,0,0,0,1
365,2426,2,1205,1213.0,3.3013698630136985,0,0,0.5,1.0,0.0,0,0,0.0,0.0,0.0,0.0,0.0,0.0,0.0,0.0,0.0,0,0,0,0.5,0.5,0.5,0.4,0.5,0.5,0.5,0.4600000000000001,0.5,1,0,0,neutral,Unknown,individual,unknown,original,no,0,0,0,0,0,0,0,0,0,0,0,1
365,22,3,17239,7.333333333333333,47.23013698630137,0,0,0.5,1.0,0.0,0,0,0.0,0.0,0.0,0.0,0.0,0.0,0.0,0.0,0.0,0,0,0,0.5,0.5,0.5,0.5,0.5,0.5,0.5,0.5,0.5,1,0,0,neutral,Unknown,individual,unknown,original,no,0,0,0,0,0,0,0,0,0,0,0,1
365,40,0,9021,0.0,24.715068493150685,0,0,0.5,1.0,0.0,0,0,0.0,0.0,0.0,0.0,0.0,0.0,0.0,0.0,0.0,0,0,0,0.5,0.5,0.5,0.3,0.5,0.5,0.5,0.42000000000000004,0.5,1,0,0,neutral,Unknown,individual,unknown,original,no,0,0,0,0,0,0,0,0,0,0,0,1
365,20,0,1673,0.0,4.583561643835616,0,0,0.5,1.0,0.0,0,0,0.0,0.0,0.0,0.0,0.0,0.0,0.0,0.0,0.0,0,0,0,0.5,0.5,0.5,0.3,0.5,0.5,0.5,0.42000000000000004,0.5,1,0,0,neutral,Unknown,individual,unknown,original,no,0,0,0,0,0,0,0,0,0,0,0,1
365,715,24,3345,29.791666666666668,9.164383561643836,0,0,0.5,1.0,0.0,0,0,0.0,0.0,0.0,0.0,0.0,0.0,0.0,0.0,0.0,0,0,0,0.5,0.5,0.5,0.5,0.5,0.5,0.5,0.5,0.5,1,0,0,neutral,Unknown,individual,unknown,original,no,0,0,0,0,0,0,0,0,0,0,0,1
365,6543,5164,60721,1.2670410534469403,166.35890410958905,0,0,0.5,1.0,0.0,0,0,0.0,0.0,0.0,0.0,0.0,0.0,0.0,0.0,0.0,0,0,0,0.5,0.5,0.5,0.5,0.5,0.5,0.5,0.5,0.5,1,0,0,neutral,Unknown,individual,unknown,original,no,0,0,0,0,0,0,0,0,0,0,0,1
365,865,2,8919,432.5,24.435616438356163,0,0,0.5,1.0,0.0,0,0,0.0,0.0,0.0,0.0,0.0,0.0,0.0,0.0,0.0,0,0,0,0.5,0.5,0.5,0.4,0.5,0.5,0.5,0.4600000000000001,0.5,1,0,0,neutral,Unknown,individual,unknown,original,no,0,0,0,0,0,0,0,0,0,0,0,1
365,84,1,947,84.0,2.5945205479452054,0,0,0.5,1.0,0.0,0,0,0.0,0.0,0.0,0.0,0.0,0.0,0.0,0.0,0.0,0,0,0,0.5,0.5,0.5,0.5,0.5,0.5,0.5,0.5,0.5,1,0,0,neutral,Unknown,individual,unknown,original,no,0,0,0,0,0,0,0,0,0,0,0,1
365,1400,6,1472,233.33333333333334,4.032876712328767,0,0,0.5,1.0,0.0,0,0,0.0,0.0,0.0,0.0,0.0,0.0,0.0,0.0,0.0,0,0,0,0.5,0.5,0.5,0.4,0.5,0.5,0.5,0.4600000000000001,0.5,1,0,0,neutral,Unknown,individual,unknown,original,no,0,0,0,0,0,0,0,0,0,0,0,1
365,28,0,574,0.0,1.5726027397260274,0,0,0.5,1.0,0.0,0,0,0.0,0.0,0.0,0.0,0.0,0.0,0.0,0.0,0.0,0,0,0,0.5,0.5,0.5,0.3,0.5,0.5,0.5,0.42000000000000004,0.5,1,0,0,neutral,Unknown,individual,unknown,original,no,0,0,0,0,0,0,0,0,0,0,0,1
365,48,2,2255,24.0,6.178082191780822,0,0,0.5,1.0,0.0,0,0,0.0,0.0,0.0,0.0,0.0,0.0,0.0,0.0,0.0,0,0,0,0.5,0.5,0.5,0.5,0.5,0.5,0.5,0.5,0.5,1,0,0,neutral,Unknown,individual,unknown,original,no,0,0,0,0,0,0,0,0,0,0,0,1
365,70,1,6928,70.0,18.980821917808218,0,0,0.5,1.0,0.0,0,0,0.0,0.0,0.0,0.0,0.0,0.0,0.0,0.0,0.0,0,0,0,0.5,0.5,0.5,0.5,0.5,0.5,0.5,0.5,0.5,1,0,0,neutral,Unknown,individual,unknown,original,no,0,0,0,0,0,0,0,0,0,0,0,1
365,250,3,1822,83.33333333333333,4.991780821917808,0,0,0.5,1.0,0.0,0,0,0.0,0.0,0.0,0.0,0.0,0.0,0.0,0.0,0.0,0,0,0,0.5,0.5,0.5,0.5,0.5,0.5,0.5,0.5,0.5,1,0,0,neutral,Unknown,individual,unknown,original,no,0,0,0,0,0,0,0,0,0,0,0,1
365,66,0,1341,0.0,3.673972602739726,0,0,0.5,1.0,0.0,0,0,0.0,0.0,0.0,0.0,0.0,0.0,0.0,0.0,0.0,0,0,0,0.5,0.5,0.5,0.3,0.5,0.5,0.5,0.42000000000000004,0.5,1,0,0,neutral,Unknown,individual,unknown,original,no,0,0,0,0,0,0,0,0,0,0,0,1
365,114,0,19250,0.0,52.73972602739726,0,0,0.5,1.0,0.0,0,0,0.0,0.0,0.0,0.0,0.0,0.0,0.0,0.0,0.0,0,0,0,0.5,0.5,0.5,0.3,0.5,0.5,0.5,0.42000000000000004,0.5,1,0,0,neutral,Unknown,individual,unknown,original,no,0,0,0,0,0,0,0,0,0,0,0,1
365,317,3,133351,105.66666666666667,365.34520547945203,0,0,0.5,1.0,0.0,0,0,0.0,0.0,0.0,0.0,0.0,0.0,0.0,0.0,0.0,0,0,0,0.5,0.5,0.5,0.4,0.5,0.5,0.5,0.4600000000000001,0.5,1,0,0,neutral,Unknown,individual,unknown,original,no,0,0,0,0,0,0,0,0,0,0,0,1
365,615,0,2577,0.0,7.06027397260274,0,0,0.5,1.0,0.0,0,0,0.0,0.0,0.0,0.0,0.0,0.0,0.0,0.0,0.0,0,0,0,0.5,0.5,0.5,0.3,0.5,0.5,0.5,0.42000000000000004,0.5,1,0,0,neutral,Unknown,individual,unknown,original,no,0,0,0,0,0,0,0,0,0,0,0,1
365,96,1,6926,96.0,18.975342465753425,0,0,0.5,1.0,0.0,0,0,0.0,0.0,0.0,0.0,0.0,0.0,0.0,0.0,0.0,0,0,0,0.5,0.5,0.5,0.5,0.5,0.5,0.5,0.5,0.5,1,0,0,neutral,Unknown,individual,unknown,original,no,0,0,0,0,0,0,0,0,0,0,0,1
365,19,0,26583,0.0,72.83013698630137,0,0,0.5,1.0,0.0,0,0,0.0,0.0,0.0,0.0,0.0,0.0,0.0,0.0,0.0,0,0,0,0.5,0.5,0.5,0.3,0.5,0.5,0.5,0.42000000000000004,0.5,1,0,0,neutral,Unknown,individual,unknown,original,no,0,0,0,0,0,0,0,0,0,0,0,1
365,14,97,1645,0.14432989690721648,4.506849315068493,0,0,0.5,1.0,0.0,0,0,0.0,0.0,0.0,0.0,0.0,0.0,0.0,0.0,0.0,0,0,0,0.5,0.5,0.5,0.5,0.5,0.5,0.5,0.5,0.5,1,0,0,neutral,Unknown,individual,unknown,original,no,0,0,0,0,0,0,0,0,0,0,0,1
365,639,46,6904,13.891304347826088,18.915068493150685,0,0,0.5,1.0,0.0,0,0,0.0,0.0,0.0,0.0,0.0,0.0,0.0,0.0,0.0,0,0,0,0.5,0.5,0.5,0.5,0.5,0.5,0.5,0.5,0.5,1,0,0,neutral,Unknown,individual,unknown,original,no,0,0,0,0,0,0,0,0,0,0,0,1
365,599,557,15171,1.0754039497307002,41.56438356164384,0,0,0.5,1.0,0.0,0,0,0.0,0.0,0.0,0.0,0.0,0.0,0.0,0.0,0.0,0,0,0,0.5,0.5,0.5,0.5,0.5,0.5,0.5,0.5,0.5,1,0,0,neutral,Unknown,individual,unknown,original,no,0,0,0,0,0,0,0,0,0,0,0,1
365,2524,0,55894,0.0,153.13424657534247,0,0,0.5,1.0,0.0,0,0,0.0,0.0,0.0,0.0,0.0,0.0,0.0,0.0,0.0,0,0,0,0.5,0.5,0.5,0.3,0.5,0.5,0.5,0.42000000000000004,0.5,1,0,0,neutral,Unknown,individual,unknown,original,no,0,0,0,0,0,0,0,0,0,0,0,1
365,31,75,73,0.41333333333333333,0.2,0,0,0.5,1.0,0.0,0,0,0.0,0.0,0.0,0.0,0.0,0.0,0.0,0.0,0.0,0,0,0,0.5,0.5,0.5,0.5,0.5,0.5,0.5,0.5,0.5,1,0,0,neutral,Unknown,individual,unknown,original,no,0,0,0,0,0,0,0,0,0,0,0,1
365,10724,11762,1435,0.9117497024315593,3.9315068493150687,0,0,0.5,1.0,0.0,0,0,0.0,0.0,0.0,0.0,0.0,0.0,0.0,0.0,0.0,0,0,0,0.5,0.5,0.5,0.5,0.5,0.5,0.5,0.5,0.5,1,0,0,neutral,Unknown,individual,unknown,original,no,0,0,0,0,0,0,0,0,0,0,0,1
365,13038,1,49381,13038.0,135.29041095890412,0,0,0.5,1.0,0.0,0,0,0.0,0.0,0.0,0.0,0.0,0.0,0.0,0.0,0.0,0,0,0,0.5,0.5,0.5,0.4,0.5,0.5,0.5,0.4600000000000001,0.5,1,0,0,neutral,Unknown,individual,unknown,original,no,0,0,0,0,0,0,0,0,0,0,0,1
365,755,1,191267,755.0,524.0191780821917,0,0,0.5,1.0,0.0,0,0,0.0,0.0,0.0,0.0,0.0,0.0,0.0,0.0,0.0,0,0,0,0.5,0.5,0.5,0.4,0.5,0.5,0.5,0.4600000000000001,0.5,1,0,0,neutral,Unknown,individual,unknown,original,no,0,0,0,0,0,0,0,0,0,0,0,1
365,19,0,2848,0.0,7.802739726027397,0,0,0.5,1.0,0.0,0,0,0.0,0.0,0.0,0.0,0.0,0.0,0.0,0.0,0.0,0,0,0,0.5,0.5,0.5,0.3,0.5,0.5,0.5,0.42000000000000004,0.5,1,0,0,neutral,Unknown,individual,unknown,original,no,0,0,0,0,0,0,0,0,0,0,0,1
365,8,5,7613,1.6,20.85753424657534,0,0,0.5,1.0,0.0,0,0,0.0,0.0,0.0,0.0,0.0,0.0,0.0,0.0,0.0,0,0,0,0.5,0.5,0.5,0.5,0.5,0.5,0.5,0.5,0.5,1,0,0,neutral,Unknown,individual,unknown,original,no,0,0,0,0,0,0,0,0,0,0,0,1
365,11590,1,15446,11590.0,42.31780821917808,0,0,0.5,1.0,0.0,0,0,0.0,0.0,0.0,0.0,0.0,0.0,0.0,0.0,0.0,0,0,0,0.5,0.5,0.5,0.4,0.5,0.5,0.5,0.4600000000000001,0.5,1,0,0,neutral,Unknown,individual,unknown,original,no,0,0,0,0,0,0,0,0,0,0,0,1
365,100,1,9502,100.0,26.03287671232877,0,0,0.5,1.0,0.0,0,0,0.0,0.0,0.0,0.0,0.0,0.0,0.0,0.0,0.0,0,0,0,0.5,0.5,0.5,0.5,0.5,0.5,0.5,0.5,0.5,1,0,0,neutral,Unknown,individual,unknown,original,no,0,0,0,0,0,0,0,0,0,0,0,1
365,64,6,1417,10.666666666666666,3.882191780821918,0,0,0.5,1.0,0.0,0,0,0.0,0.0,0.0,0.0,0.0,0.0,0.0,0.0,0.0,0,0,0,0.5,0.5,0.5,0.5,0.5,0.5,0.5,0.5,0.5,1,0,0,neutral,Unknown,individual,unknown,original,no,0,0,0,0,0,0,0,0,0,0,0,1
365,7,0,606,0.0,1.6602739726027398,0,0,0.5,1.0,0.0,0,0,0.0,0.0,0.0,0.0,0.0,0.0,0.0,0.0,0.0,0,0,0,0.5,0.5,0.5,0.3,0.5,0.5,0.5,0.42000000000000004,0.5,1,0,0,neutral,Unknown,individual,unknown,original,no,0,0,0,0,0,0,0,0,0,0,0,1
365,16,8,251,2.0,0.6876712328767123,0,0,0.5,1.0,0.0,0,0,0.0,0.0,0.0,0.0,0.0,0.0,0.0,0.0,0.0,0,0,0,0.5,0.5,0.5,0.5,0.5,0.5,0.5,0.5,0.5,1,0,0,neutral,Unknown,individual,unknown,original,no,0,0,0,0,0,0,0,0,0,0,0,1
365,837,0,20375,0.0,55.821917808219176,0,0,0.5,1.0,0.0,0,0,0.0,0.0,0.0,0.0,0.0,0.0,0.0,0.0,0.0,0,0,0,0.5,0.5,0.5,0.3,0.5,0.5,0.5,0.42000000000000004,0.5,1,0,0,neutral,Unknown,individual,unknown,original,no,0,0,0,0,0,0,0,0,0,0,0,1
365,182,1,28027,182.0,76.78630136986301,0,0,0.5,1.0,0.0,0,0,0.0,0.0,0.0,0.0,0.0,0.0,0.0,0.0,0.0,0,0,0,0.5,0.5,0.5,0.4,0.5,0.5,0.5,0.4600000000000001,0.5,1,0,0,neutral,Unknown,individual,unknown,original,no,0,0,0,0,0,0,0,0,0,0,0,1
365,1356,201,519,6.746268656716418,1.4219178082191781,0,0,0.5,1.0,0.0,0,0,0.0,0.0,0.0,0.0,0.0,0.0,0.0,0.0,0.0,0,0,0,0.5,0.5,0.5,0.5,0.5,0.5,0.5,0.5,0.5,1,0,0,neutral,Unknown,individual,unknown,original,no,0,0,0,0,0,0,0,0,0,0,0,1
365,23902,534,7739,44.760299625468164,21.202739726027396,0,0,0.5,1.0,0.0,0,0,0.0,0.0,0.0,0.0,0.0,0.0,0.0,0.0,0.0,0,0,0,0.5,0.5,0.5,0.5,0.5,0.5,0.5,0.5,0.5,1,0,0,neutral,Unknown,individual,unknown,original,no,0,0,0,0,0,0,0,0,0,0,0,1
365,1836,1,6703,1836.0,18.364383561643837,0,0,0.5,1.0,0.0,0,0,0.0,0.0,0.0,0.0,0.0,0.0,0.0,0.0,0.0,0,0,0,0.5,0.5,0.5,0.4,0.5,0.5,0.5,0.4600000000000001,0.5,1,0,0,neutral,Unknown,individual,unknown,original,no,0,0,0,0,0,0,0,0,0,0,0,1
365,82,27,4657,3.037037037037037,12.758904109589041,0,0,0.5,1.0,0.0,0,0,0.0,0.0,0.0,0.0,0.0,0.0,0.0,0.0,0.0,0,0,0,0.5,0.5,0.5,0.5,0.5,0.5,0.5,0.5,0.5,1,0,0,neutral,Unknown,individual,unknown,original,no,0,0,0,0,0,0,0,0,0,0,0,1
365,32,0,342,0.0,0.936986301369863,0,0,0.5,1.0,0.0,0,0,0.0,0.0,0.0,0.0,0.0,0.0,0.0,0.0,0.0,0,0,0,0.5,0.5,0.5,0.3,0.5,0.5,0.5,0.42000000000000004,0.5,1,0,0,neutral,Unknown,individual,unknown,original,no,0,0,0,0,0,0,0,0,0,0,0,1
365,2,0,896,0.0,2.4547945205479453,0,0,0.5,1.0,0.0,0,0,0.0,0.0,0.0,0.0,0.0,0.0,0.0,0.0,0.0,0,0,0,0.5,0.5,0.5,0.3,0.5,0.5,0.5,0.42000000000000004,0.5,1,0,0,neutral,Unknown,individual,unknown,original,no,0,0,0,0,0,0,0,0,0,0,0,1
365,21962,4,13722,5490.5,37.59452054794521,0,0,0.5,1.0,0.0,0,0,0.0,0.0,0.0,0.0,0.0,0.0,0.0,0.0,0.0,0,0,0,0.5,0.5,0.5,0.4,0.5,0.5,0.5,0.4600000000000001,0.5,1,0,0,neutral,Unknown,individual,unknown,original,no,0,0,0,0,0,0,0,0,0,0,0,1
365,40,1,23508,40.0,64.40547945205479,0,0,0.5,1.0,0.0,0,0,0.0,0.0,0.0,0.0,0.0,0.0,0.0,0.0,0.0,0,0,0,0.5,0.5,0.5,0.5,0.5,0.5,0.5,0.5,0.5,1,0,0,neutral,Unknown,individual,unknown,original,no,0,0,0,0,0,0,0,0,0,0,0,1
365,10,68,151,0.14705882352941177,0.4136986301369863,0,0,0.5,1.0,0.0,0,0,0.0,0.0,0.0,0.0,0.0,0.0,0.0,0.0,0.0,0,0,0,0.5,0.5,0.5,0.5,0.5,0.5,0.5,0.5,0.5,1,0,0,neutral,Unknown,individual,unknown,original,no,0,0,0,0,0,0,0,0,0,0,0,1
365,51,1,3226,51.0,8.838356164383562,0,0,0.5,1.0,0.0,0,0,0.0,0.0,0.0,0.0,0.0,0.0,0.0,0.0,0.0,0,0,0,0.5,0.5,0.5,0.5,0.5,0.5,0.5,0.5,0.5,1,0,0,neutral,Unknown,individual,unknown,original,no,0,0,0,0,0,0,0,0,0,0,0,1
365,2905,18,173398,161.38888888888889,475.06301369863013,0,0,0.5,1.0,0.0,0,0,0.0,0.0,0.0,0.0,0.0,0.0,0.0,0.0,0.0,0,0,0,0.5,0.5,0.5,0.4,0.5,0.5,0.5,0.4600000000000001,0.5,1,0,0,neutral,Unknown,individual,unknown,original,no,0,0,0,0,0,0,0,0,0,0,0,1
365,5,10,50,0.5,0.136986301369863,0,0,0.5,1.0,0.0,0,0,0.0,0.0,0.0,0.0,0.0,0.0,0.0,0.0,0.0,0,0,0,0.5,0.5,0.5,0.5,0.5,0.5,0.5,0.5,0.5,1,0,0,neutral,Unknown,individual,unknown,original,no,0,0,0,0,0,0,0,0,0,0,0,1
365,435,1,16727,435.0,45.827397260273976,0,0,0.5,1.0,0.0,0,0,0.0,0.0,0.0,0.0,0.0,0.0,0.0,0.0,0.0,0,0,0,0.5,0.5,0.5,0.4,0.5,0.5,0.5,0.4600000000000001,0.5,1,0,0,neutral,Unknown,individual,unknown,original,no,0,0,0,0,0,0,0,0,0,0,0,1
365,16,0,18747,0.0,51.36164383561644,0,0,0.5,1.0,0.0,0,0,0.0,0.0,0.0,0.0,0.0,0.0,0.0,0.0,0.0,0,0,0,0.5,0.5,0.5,0.3,0.5,0.5,0.5,0.42000000000000004,0.5,1,0,0,neutral,Unknown,individual,unknown,original,no,0,0,0,0,0,0,0,0,0,0,0,1
365,6307,1,8931,6307.0,24.46849315068493,0,0,0.5,1.0,0.0,0,0,0.0,0.0,0.0,0.0,0.0,0.0,0.0,0.0,0.0,0,0,0,0.5,0.5,0.5,0.4,0.5,0.5,0.5,0.4600000000000001,0.5,1,0,0,neutral,Unknown,individual,unknown,original,no,0,0,0,0,0,0,0,0,0,0,0,1
365,87,2,2027,43.5,5.553424657534246,0,0,0.5,1.0,0.0,0,0,0.0,0.0,0.0,0.0,0.0,0.0,0.0,0.0,0.0,0,0,0,0.5,0.5,0.5,0.5,0.5,0.5,0.5,0.5,0.5,1,0,0,neutral,Unknown,individual,unknown,original,no,0,0,0,0,0,0,0,0,0,0,0,1
365,9,10,1162,0.9,3.1835616438356165,0,0,0.5,1.0,0.0,0,0,0.0,0.0,0.0,0.0,0.0,0.0,0.0,0.0,0.0,0,0,0,0.5,0.5,0.5,0.5,0.5,0.5,0.5,0.5,0.5,1,0,0,neutral,Unknown,individual,unknown,original,no,0,0,0,0,0,0,0,0,0,0,0,1
365,46,2,407,23.0,1.115068493150685,0,0,0.5,1.0,0.0,0,0,0.0,0.0,0.0,0.0,0.0,0.0,0.0,0.0,0.0,0,0,0,0.5,0.5,0.5,0.5,0.5,0.5,0.5,0.5,0.5,1,0,0,neutral,Unknown,individual,unknown,original,no,0,0,0,0,0,0,0,0,0,0,0,1
365,142,2,444,71.0,1.2164383561643837,0,0,0.5,1.0,0.0,0,0,0.0,0.0,0.0,0.0,0.0,0.0,0.0,0.0,0.0,0,0,0,0.5,0.5,0.5,0.5,0.5,0.5,0.5,0.5,0.5,1,0,0,neutral,Unknown,individual,unknown,original,no,0,0,0,0,0,0,0,0,0,0,0,1
365,269,135,1177,1.9925925925925927,3.2246575342465755,0,0,0.5,1.0,0.0,0,0,0.0,0.0,0.0,0.0,0.0,0.0,0.0,0.0,0.0,0,0,0,0.5,0.5,0.5,0.5,0.5,0.5,0.5,0.5,0.5,1,0,0,neutral,Unknown,individual,unknown,original,no,0,0,0,0,0,0,0,0,0,0,0,1
365,1545,1,25554,1545.0,70.01095890410959,0,0,0.5,1.0,0.0,0,0,0.0,0.0,0.0,0.0,0.0,0.0,0.0,0.0,0.0,0,0,0,0.5,0.5,0.5,0.4,0.5,0.5,0.5,0.4600000000000001,0.5,1,0,0,neutral,Unknown,individual,unknown,original,no,0,0,0,0,0,0,0,0,0,0,0,1
365,15,3,18183,5.0,49.81643835616438,0,0,0.5,1.0,0.0,0,0,0.0,0.0,0.0,0.0,0.0,0.0,0.0,0.0,0.0,0,0,0,0.5,0.5,0.5,0.5,0.5,0.5,0.5,0.5,0.5,1,0,0,neutral,Unknown,individual,unknown,original,no,0,0,0,0,0,0,0,0,0,0,0,1
365,34,1,18301,34.0,50.13972602739726,0,0,0.5,1.0,0.0,0,0,0.0,0.0,0.0,0.0,0.0,0.0,0.0,0.0,0.0,0,0,0,0.5,0.5,0.5,0.5,0.5,0.5,0.5,0.5,0.5,1,0,0,neutral,Unknown,individual,unknown,original,no,0,0,0,0,0,0,0,0,0,0,0,1
365,60,0,4433,0.0,12.145205479452056,0,0,0.5,1.0,0.0,0,0,0.0,0.0,0.0,0.0,0.0,0.0,0.0,0.0,0.0,0,0,0,0.5,0.5,0.5,0.3,0.5,0.5,0.5,0.42000000000000004,0.5,1,0,0,neutral,Unknown,individual,unknown,original,no,0,0,0,0,0,0,0,0,0,0,0,1
365,25,2,4388,12.5,12.021917808219179,0,0,0.5,1.0,0.0,0,0,0.0,0.0,0.0,0.0,0.0,0.0,0.0,0.0,0.0,0,0,0,0.5,0.5,0.5,0.5,0.5,0.5,0.5,0.5,0.5,1,0,0,neutral,Unknown,individual,unknown,original,no,0,0,0,0,0,0,0,0,0,0,0,1
365,184,134,960,1.373134328358209,2.6301369863013697,0,0,0.5,1.0,0.0,0,0,0.0,0.0,0.0,0.0,0.0,0.0,0.0,0.0,0.0,0,0,0,0.5,0.5,0.5,0.5,0.5,0.5,0.5,0.5,0.5,1,0,0,neutral,Unknown,individual,unknown,original,no,0,0,0,0,0,0,0,0,0,0,0,1
365,17,0,11597,0.0,31.77260273972603,0,0,0.5,1.0,0.0,0,0,0.0,0.0,0.0,0.0,0.0,0.0,0.0,0.0,0.0,0,0,0,0.5,0.5,0.5,0.3,0.5,0.5,0.5,0.42000000000000004,0.5,1,0,0,neutral,Unknown,individual,unknown,original,no,0,0,0,0,0,0,0,0,0,0,0,1
365,14,1,649,14.0,1.7780821917808218,0,0,0.5,1.0,0.0,0,0,0.0,0.0,0.0,0.0,0.0,0.0,0.0,0.0,0.0,0,0,0,0.5,0.5,0.5,0.5,0.5,0.5,0.5,0.5,0.5,1,0,0,neutral,Unknown,individual,unknown,original,no,0,0,0,0,0,0,0,0,0,0,0,1
365,893,2,5500,446.5,15.068493150684931,0,0,0.5,1.0,0.0,0,0,0.0,0.0,0.0,0.0,0.0,0.0,0.0,0.0,0.0,0,0,0,0.5,0.5,0.5,0.4,0.5,0.5,0.5,0.4600000000000001,0.5,1,0,0,neutral,Unknown,individual,unknown,original,no,0,0,0,0,0,0,0,0,0,0,0,1
365,108,32,10289,3.375,28.18904109589041,0,0,0.5,1.0,0.0,0,0,0.0,0.0,0.0,0.0,0.0,0.0,0.0,0.0,0.0,0,0,0,0.5,0.5,0.5,0.5,0.5,0.5,0.5,0.5,0.5,1,0,0,neutral,Unknown,individual,unknown,original,no,0,0,0,0,0,0,0,0,0,0,0,1
365,44,0,77,0.0,0.21095890410958903,0,0,0.5,1.0,0.0,0,0,0.0,0.0,0.0,0.0,0.0,0.0,0.0,0.0,0.0,0,0,0,0.5,0.5,0.5,0.3,0.5,0.5,0.5,0.42000000000000004,0.5,1,0,0,neutral,Unknown,individual,unknown,original,no,0,0,0,0,0,0,0,0,0,0,0,1
365,99,19,861,5.2105263157894735,2.3589041095890413,0,0,0.5,1.0,0.0,0,0,0.0,0.0,0.0,0.0,0.0,0.0,0.0,0.0,0.0,0,0,0,0.5,0.5,0.5,0.5,0.5,0.5,0.5,0.5,0.5,1,0,0,neutral,Unknown,individual,unknown,original,no,0,0,0,0,0,0,0,0,0,0,0,1
365,7583,1,3877,7583.0,10.621917808219179,0,0,0.5,1.0,0.0,0,0,0.0,0.0,0.0,0.0,0.0,0.0,0.0,0.0,0.0,0,0,0,0.5,0.5,0.5,0.4,0.5,0.5,0.5,0.4600000000000001,0.5,1,0,0,neutral,Unknown,individual,unknown,original,no,0,0,0,0,0,0,0,0,0,0,0,1
365,7,2,69,3.5,0.18904109589041096,0,0,0.5,1.0,0.0,0,0,0.0,0.0,0.0,0.0,0.0,0.0,0.0,0.0,0.0,0,0,0,0.5,0.5,0.5,0.5,0.5,0.5,0.5,0.5,0.5,1,0,0,neutral,Unknown,individual,unknown,original,no,0,0,0,0,0,0,0,0,0,0,0,1
365,202,3,17636,67.33333333333333,48.31780821917808,0,0,0.5,1.0,0.0,0,0,0.0,0.0,0.0,0.0,0.0,0.0,0.0,0.0,0.0,0,0,0,0.5,0.5,0.5,0.5,0.5,0.5,0.5,0.5,0.5,1,0,0,neutral,Unknown,individual,unknown,original,no,0,0,0,0,0,0,0,0,0,0,0,1
365,212,42,30405,5.0476190476190474,83.3013698630137,0,0,0.5,1.0,0.0,0,0,0.0,0.0,0.0,0.0,0.0,0.0,0.0,0.0,0.0,0,0,0,0.5,0.5,0.5,0.5,0.5,0.5,0.5,0.5,0.5,1,0,0,neutral,Unknown,individual,unknown,original,no,0,0,0,0,0,0,0,0,0,0,0,1
365,78,2,2331,39.0,6.3863013698630136,0,0,0.5,1.0,0.0,0,0,0.0,0.0,0.0,0.0,0.0,0.0,0.0,0.0,0.0,0,0,0,0.5,0.5,0.5,0.5,0.5,0.5,0.5,0.5,0.5,1,0,0,neutral,Unknown,individual,unknown,original,no,0,0,0,0,0,0,0,0,0,0,0,1
365,108,26,13891,4.153846153846154,38.057534246575344,0,0,0.5,1.0,0.0,0,0,0.0,0.0,0.0,0.0,0.0,0.0,0.0,0.0,0.0,0,0,0,0.5,0.5,0.5,0.5,0.5,0.5,0.5,0.5,0.5,1,0,0,neutral,Unknown,individual,unknown,original,no,0,0,0,0,0,0,0,0,0,0,0,1
365,2545,12,11431,212.08333333333334,31.317808219178083,0,0,0.5,1.0,0.0,0,0,0.0,0.0,0.0,0.0,0.0,0.0,0.0,0.0,0.0,0,0,0,0.5,0.5,0.5,0.4,0.5,0.5,0.5,0.4600000000000001,0.5,1,0,0,neutral,Unknown,individual,unknown,original,no,0,0,0,0,0,0,0,0,0,0,0,1
365,723,0,7713,0.0,21.13150684931507,0,0,0.5,1.0,0.0,0,0,0.0,0.0,0.0,0.0,0.0,0.0,0.0,0.0,0.0,0,0,0,0.5,0.5,0.5,0.3,0.5,0.5,0.5,0.42000000000000004,0.5,1,0,0,neutral,Unknown,individual,unknown,original,no,0,0,0,0,0,0,0,0,0,0,0,1
365,1115,4,7557,278.75,20.704109589041096,0,0,0.5,1.0,0.0,0,0,0.0,0.0,0.0,0.0,0.0,0.0,0.0,0.0,0.0,0,0,0,0.5,0.5,0.5,0.4,0.5,0.5,0.5,0.4600000000000001,0.5,1,0,0,neutral,Unknown,individual,unknown,original,no,0,0,0,0,0,0,0,0,0,0,0,1
365,570,368,1681,1.548913043478261,4.605479452054794,0,0,0.5,1.0,0.0,0,0,0.0,0.0,0.0,0.0,0.0,0.0,0.0,0.0,0.0,0,0,0,0.5,0.5,0.5,0.5,0.5,0.5,0.5,0.5,0.5,1,0,0,neutral,Unknown,individual,unknown,original,no,0,0,0,0,0,0,0,0,0,0,0,1
365,1751,45,3310,38.91111111111111,9.068493150684931,0,0,0.5,1.0,0.0,0,0,0.0,0.0,0.0,0.0,0.0,0.0,0.0,0.0,0.0,0,0,0,0.5,0.5,0.5,0.5,0.5,0.5,0.5,0.5,0.5,1,0,0,neutral,Unknown,individual,unknown,original,no,0,0,0,0,0,0,0,0,0,0,0,1
365,75,2,3476,37.5,9.523287671232877,0,0,0.5,1.0,0.0,0,0,0.0,0.0,0.0,0.0,0.0,0.0,0.0,0.0,0.0,0,0,0,0.5,0.5,0.5,0.5,0.5,0.5,0.5,0.5,0.5,1,0,0,neutral,Unknown,individual,unknown,original,no,0,0,0,0,0,0,0,0,0,0,0,1
365,57419,0,37819,0.0,103.61369863013698,0,0,0.5,1.0,0.0,0,0,0.0,0.0,0.0,0.0,0.0,0.0,0.0,0.0,0.0,0,0,0,0.5,0.5,0.5,0.3,0.5,0.5,0.5,0.42000000000000004,0.5,1,0,0,neutral,Unknown,individual,unknown,original,no,0,0,0,0,0,0,0,0,0,0,0,1
365,34,4,16235,8.5,44.47945205479452,0,0,0.5,1.0,0.0,0,0,0.0,0.0,0.0,0.0,0.0,0.0,0.0,0.0,0.0,0,0,0,0.5,0.5,0.5,0.5,0.5,0.5,0.5,0.5,0.5,1,0,0,neutral,Unknown,individual,unknown,original,no,0,0,0,0,0,0,0,0,0,0,0,1
365,4996,6,17340,832.6666666666666,47.50684931506849,0,0,0.5,1.0,0.0,0,0,0.0,0.0,0.0,0.0,0.0,0.0,0.0,0.0,0.0,0,0,0,0.5,0.5,0.5,0.4,0.5,0.5,0.5,0.4600000000000001,0.5,1,0,0,neutral,Unknown,individual,unknown,original,no,0,0,0,0,0,0,0,0,0,0,0,1
365,613,2,2546,306.5,6.975342465753425,0,0,0.5,1.0,0.0,0,0,0.0,0.0,0.0,0.0,0.0,0.0,0.0,0.0,0.0,0,0,0,0.5,0.5,0.5,0.4,0.5,0.5,0.5,0.4600000000000001,0.5,1,0,0,neutral,Unknown,individual,unknown,original,no,0,0,0,0,0,0,0,0,0,0,0,1
365,88,0,7829,0.0,21.44931506849315,0,0,0.5,1.0,0.0,0,0,0.0,0.0,0.0,0.0,0.0,0.0,0.0,0.0,0.0,0,0,0,0.5,0.5,0.5,0.3,0.5,0.5,0.5,0.42000000000000004,0.5,1,0,0,neutral,Unknown,individual,unknown,original,no,0,0,0,0,0,0,0,0,0,0,0,1
365,1602,1,726,1602.0,1.989041095890411,0,0,0.5,1.0,0.0,0,0,0.0,0.0,0.0,0.0,0.0,0.0,0.0,0.0,0.0,0,0,0,0.5,0.5,0.5,0.4,0.5,0.5,0.5,0.4600000000000001,0.5,1,0,0,neutral,Unknown,individual,unknown,original,no,0,0,0,0,0,0,0,0,0,0,0,1
365,14,2,454,7.0,1.2438356164383562,0,0,0.5,1.0,0.0,0,0,0.0,0.0,0.0,0.0,0.0,0.0,0.0,0.0,0.0,0,0,0,0.5,0.5,0.5,0.5,0.5,0.5,0.5,0.5,0.5,1,0,0,neutral,Unknown,individual,unknown,original,no,0,0,0,0,0,0,0,0,0,0,0,1
365,208,2,7985,104.0,21.876712328767123,0,0,0.5,1.0,0.0,0,0,0.0,0.0,0.0,0.0,0.0,0.0,0.0,0.0,0.0,0,0,0,0.5,0.5,0.5,0.4,0.5,0.5,0.5,0.4600000000000001,0.5,1,0,0,neutral,Unknown,individual,unknown,original,no,0,0,0,0,0,0,0,0,0,0,0,1
365,458,1,10401,458.0,28.495890410958904,0,0,0.5,1.0,0.0,0,0,0.0,0.0,0.0,0.0,0.0,0.0,0.0,0.0,0.0,0,0,0,0.5,0.5,0.5,0.4,0.5,0.5,0.5,0.4600000000000001,0.5,1,0,0,neutral,Unknown,individual,unknown,original,no,0,0,0,0,0,0,0,0,0,0,0,1
365,34,0,1102,0.0,3.0191780821917806,0,0,0.5,1.0,0.0,0,0,0.0,0.0,0.0,0.0,0.0,0.0,0.0,0.0,0.0,0,0,0,0.5,0.5,0.5,0.3,0.5,0.5,0.5,0.42000000000000004,0.5,1,0,0,neutral,Unknown,individual,unknown,original,no,0,0,0,0,0,0,0,0,0,0,0,1
365,35504,0,2172,0.0,5.950684931506849,0,0,0.5,1.0,0.0,0,0,0.0,0.0,0.0,0.0,0.0,0.0,0.0,0.0,0.0,0,0,0,0.5,0.5,0.5,0.3,0.5,0.5,0.5,0.42000000000000004,0.5,1,0,0,neutral,Unknown,individual,unknown,original,no,0,0,0,0,0,0,0,0,0,0,0,1
365,77,3,3161,25.666666666666668,8.66027397260274,0,0,0.5,1.0,0.0,0,0,0.0,0.0,0.0,0.0,0.0,0.0,0.0,0.0,0.0,0,0,0,0.5,0.5,0.5,0.5,0.5,0.5,0.5,0.5,0.5,1,0,0,neutral,Unknown,individual,unknown,original,no,0,0,0,0,0,0,0,0,0,0,0,1
365,318,0,11157,0.0,30.567123287671233,0,0,0.5,1.0,0.0,0,0,0.0,0.0,0.0,0.0,0.0,0.0,0.0,0.0,0.0,0,0,0,0.5,0.5,0.5,0.3,0.5,0.5,0.5,0.42000000000000004,0.5,1,0,0,neutral,Unknown,individual,unknown,original,no,0,0,0,0,0,0,0,0,0,0,0,1
365,62,0,5345,0.0,14.643835616438356,0,0,0.5,1.0,0.0,0,0,0.0,0.0,0.0,0.0,0.0,0.0,0.0,0.0,0.0,0,0,0,0.5,0.5,0.5,0.3,0.5,0.5,0.5,0.42000000000000004,0.5,1,0,0,neutral,Unknown,individual,unknown,original,no,0,0,0,0,0,0,0,0,0,0,0,1
365,6818,1,5015,6818.0,13.73972602739726,0,0,0.5,1.0,0.0,0,0,0.0,0.0,0.0,0.0,0.0,0.0,0.0,0.0,0.0,0,0,0,0.5,0.5,0.5,0.4,0.5,0.5,0.5,0.4600000000000001,0.5,1,0,0,neutral,Unknown,individual,unknown,original,no,0,0,0,0,0,0,0,0,0,0,0,1
365,80,0,2954,0.0,8.093150684931507,0,0,0.5,1.0,0.0,0,0,0.0,0.0,0.0,0.0,0.0,0.0,0.0,0.0,0.0,0,0,0,0.5,0.5,0.5,0.3,0.5,0.5,0.5,0.42000000000000004,0.5,1,0,0,neutral,Unknown,individual,unknown,original,no,0,0,0,0,0,0,0,0,0,0,0,1
365,9,0,7926,0.0,21.715068493150685,0,0,0.5,1.0,0.0,0,0,0.0,0.0,0.0,0.0,0.0,0.0,0.0,0.0,0.0,0,0,0,0.5,0.5,0.5,0.3,0.5,0.5,0.5,0.42000000000000004,0.5,1,0,0,neutral,Unknown,individual,unknown,original,no,0,0,0,0,0,0,0,0,0,0,0,1
365,12,0,2913,0.0,7.980821917808219,0,0,0.5,1.0,0.0,0,0,0.0,0.0,0.0,0.0,0.0,0.0,0.0,0.0,0.0,0,0,0,0.5,0.5,0.5,0.3,0.5,0.5,0.5,0.42000000000000004,0.5,1,0,0,neutral,Unknown,individual,unknown,original,no,0,0,0,0,0,0,0,0,0,0,0,1
365,57,38,16192,1.5,44.36164383561644,0,0,0.5,1.0,0.0,0,0,0.0,0.0,0.0,0.0,0.0,0.0,0.0,0.0,0.0,0,0,0,0.5,0.5,0.5,0.5,0.5,0.5,0.5,0.5,0.5,1,0,0,neutral,Unknown,individual,unknown,original,no,0,0,0,0,0,0,0,0,0,0,0,1
365,8,0,7721,0.0,21.153424657534245,0,0,0.5,1.0,0.0,0,0,0.0,0.0,0.0,0.0,0.0,0.0,0.0,0.0,0.0,0,0,0,0.5,0.5,0.5,0.3,0.5,0.5,0.5,0.42000000000000004,0.5,1,0,0,neutral,Unknown,individual,unknown,original,no,0,0,0,0,0,0,0,0,0,0,0,1
365,32,1,966,32.0,2.6465753424657534,0,0,0.5,1.0,0.0,0,0,0.0,0.0,0.0,0.0,0.0,0.0,0.0,0.0,0.0,0,0,0,0.5,0.5,0.5,0.5,0.5,0.5,0.5,0.5,0.5,1,0,0,neutral,Unknown,individual,unknown,original,no,0,0,0,0,0,0,0,0,0,0,0,1
365,16,0,3519,0.0,9.64109589041096,0,0,0.5,1.0,0.0,0,0,0.0,0.0,0.0,0.0,0.0,0.0,0.0,0.0,0.0,0,0,0,0.5,0.5,0.5,0.3,0.5,0.5,0.5,0.42000000000000004,0.5,1,0,0,neutral,Unknown,individual,unknown,original,no,0,0,0,0,0,0,0,0,0,0,0,1
365,11,1,1541,11.0,4.221917808219178,0,0,0.5,1.0,0.0,0,0,0.0,0.0,0.0,0.0,0.0,0.0,0.0,0.0,0.0,0,0,0,0.5,0.5,0.5,0.5,0.5,0.5,0.5,0.5,0.5,1,0,0,neutral,Unknown,individual,unknown,original,no,0,0,0,0,0,0,0,0,0,0,0,1
365,24,1,3951,24.0,10.824657534246576,0,0,0.5,1.0,0.0,0,0,0.0,0.0,0.0,0.0,0.0,0.0,0.0,0.0,0.0,0,0,0,0.5,0.5,0.5,0.5,0.5,0.5,0.5,0.5,0.5,1,0,0,neutral,Unknown,individual,unknown,original,no,0,0,0,0,0,0,0,0,0,0,0,1
365,8,0,534,0.0,1.463013698630137,0,0,0.5,1.0,0.0,0,0,0.0,0.0,0.0,0.0,0.0,0.0,0.0,0.0,0.0,0,0,0,0.5,0.5,0.5,0.3,0.5,0.5,0.5,0.42000000000000004,0.5,1,0,0,neutral,Unknown,individual,unknown,original,no,0,0,0,0,0,0,0,0,0,0,0,1
365,2440,94,69885,25.95744680851064,191.46575342465752,0,0,0.5,1.0,0.0,0,0,0.0,0.0,0.0,0.0,0.0,0.0,0.0,0.0,0.0,0,0,0,0.5,0.5,0.5,0.5,0.5,0.5,0.5,0.5,0.5,1,0,0,neutral,Unknown,individual,unknown,original,no,0,0,0,0,0,0,0,0,0,0,0,1
365,18,0,77,0.0,0.21095890410958903,0,0,0.5,1.0,0.0,0,0,0.0,0.0,0.0,0.0,0.0,0.0,0.0,0.0,0.0,0,0,0,0.5,0.5,0.5,0.3,0.5,0.5,0.5,0.42000000000000004,0.5,1,0,0,neutral,Unknown,individual,unknown,original,no,0,0,0,0,0,0,0,0,0,0,0,1
365,392,16,5967,24.5,16.34794520547945,0,0,0.5,1.0,0.0,0,0,0.0,0.0,0.0,0.0,0.0,0.0,0.0,0.0,0.0,0,0,0,0.5,0.5,0.5,0.5,0.5,0.5,0.5,0.5,0.5,1,0,0,neutral,Unknown,individual,unknown,original,no,0,0,0,0,0,0,0,0,0,0,0,1
365,669,427,2915,1.5667447306791569,7.986301369863014,0,0,0.5,1.0,0.0,0,0,0.0,0.0,0.0,0.0,0.0,0.0,0.0,0.0,0.0,0,0,0,0.5,0.5,0.5,0.5,0.5,0.5,0.5,0.5,0.5,1,0,0,neutral,Unknown,individual,unknown,original,no,0,0,0,0,0,0,0,0,0,0,0,1
365,22,0,1104,0.0,3.0246575342465754,0,0,0.5,1.0,0.0,0,0,0.0,0.0,0.0,0.0,0.0,0.0,0.0,0.0,0.0,0,0,0,0.5,0.5,0.5,0.3,0.5,0.5,0.5,0.42000000000000004,0.5,1,0,0,neutral,Unknown,individual,unknown,original,no,0,0,0,0,0,0,0,0,0,0,0,1
365,83,1,3819,83.0,10.463013698630137,0,0,0.5,1.0,0.0,0,0,0.0,0.0,0.0,0.0,0.0,0.0,0.0,0.0,0.0,0,0,0,0.5,0.5,0.5,0.5,0.5,0.5,0.5,0.5,0.5,1,0,0,neutral,Unknown,individual,unknown,original,no,0,0,0,0,0,0,0,0,0,0,0,1
365,45,168,6150,0.26785714285714285,16.84931506849315,0,0,0.5,1.0,0.0,0,0,0.0,0.0,0.0,0.0,0.0,0.0,0.0,0.0,0.0,0,0,0,0.5,0.5,0.5,0.5,0.5,0.5,0.5,0.5,0.5,1,0,0,neutral,Unknown,individual,unknown,original,no,0,0,0,0,0,0,0,0,0,0,0,1
365,245,0,2837,0.0,7.772602739726027,0,0,0.5,1.0,0.0,0,0,0.0,0.0,0.0,0.0,0.0,0.0,0.0,0.0,0.0,0,0,0,0.5,0.5,0.5,0.3,0.5,0.5,0.5,0.42000000000000004,0.5,1,0,0,neutral,Unknown,individual,unknown,original,no,0,0,0,0,0,0,0,0,0,0,0,1
365,13255,0,14737,0.0,40.37534246575343,0,0,0.5,1.0,0.0,0,0,0.0,0.0,0.0,0.0,0.0,0.0,0.0,0.0,0.0,0,0,0,0.5,0.5,0.5,0.3,0.5,0.5,0.5,0.42000000000000004,0.5,1,0,0,neutral,Unknown,individual,unknown,original,no,0,0,0,0,0,0,0,0,0,0,0,1
365,263,0,1137,0.0,3.115068493150685,0,0,0.5,1.0,0.0,0,0,0.0,0.0,0.0,0.0,0.0,0.0,0.0,0.0,0.0,0,0,0,0.5,0.5,0.5,0.3,0.5,0.5,0.5,0.42000000000000004,0.5,1,0,0,neutral,Unknown,individual,unknown,original,no,0,0,0,0,0,0,0,0,0,0,0,1
365,315,1,8555,315.0,23.438356164383563,0,0,0.5,1.0,0.0,0,0,0.0,0.0,0.0,0.0,0.0,0.0,0.0,0.0,0.0,0,0,0,0.5,0.5,0.5,0.4,0.5,0.5,0.5,0.4600000000000001,0.5,1,0,0,neutral,Unknown,individual,unknown,original,no,0,0,0,0,0,0,0,0,0,0,0,1
365,587,1,23969,587.0,65.66849315068494,0,0,0.5,1.0,0.0,0,0,0.0,0.0,0.0,0.0,0.0,0.0,0.0,0.0,0.0,0,0,0,0.5,0.5,0.5,0.4,0.5,0.5,0.5,0.4600000000000001,0.5,1,0,0,neutral,Unknown,individual,unknown,original,no,0,0,0,0,0,0,0,0,0,0,0,1
365,7,3,3628,2.3333333333333335,9.93972602739726,0,0,0.5,1.0,0.0,0,0,0.0,0.0,0.0,0.0,0.0,0.0,0.0,0.0,0.0,0,0,0,0.5,0.5,0.5,0.5,0.5,0.5,0.5,0.5,0.5,1,0,0,neutral,Unknown,individual,unknown,original,no,0,0,0,0,0,0,0,0,0,0,0,1
365,27,4,3051,6.75,8.35890410958904,0,0,0.5,1.0,0.0,0,0,0.0,0.0,0.0,0.0,0.0,0.0,0.0,0.0,0.0,0,0,0,0.5,0.5,0.5,0.5,0.5,0.5,0.5,0.5,0.5,1,0,0,neutral,Unknown,individual,unknown,original,no,0,0,0,0,0,0,0,0,0,0,0,1
365,2644,1,597,2644.0,1.6356164383561644,0,0,0.5,1.0,0.0,0,0,0.0,0.0,0.0,0.0,0.0,0.0,0.0,0.0,0.0,0,0,0,0.5,0.5,0.5,0.4,0.5,0.5,0.5,0.4600000000000001,0.5,1,0,0,neutral,Unknown,individual,unknown,original,no,0,0,0,0,0,0,0,0,0,0,0,1
365,188,1,28187,188.0,77.22465753424657,0,0,0.5,1.0,0.0,0,0,0.0,0.0,0.0,0.0,0.0,0.0,0.0,0.0,0.0,0,0,0,0.5,0.5,0.5,0.4,0.5,0.5,0.5,0.4600000000000001,0.5,1,0,0,neutral,Unknown,individual,unknown,original,no,0,0,0,0,0,0,0,0,0,0,0,1
365,2,0,4157,0.0,11.389041095890411,0,0,0.5,1.0,0.0,0,0,0.0,0.0,0.0,0.0,0.0,0.0,0.0,0.0,0.0,0,0,0,0.5,0.5,0.5,0.3,0.5,0.5,0.5,0.42000000000000004,0.5,1,0,0,neutral,Unknown,individual,unknown,original,no,0,0,0,0,0,0,0,0,0,0,0,1
365,2,0,7342,0.0,20.115068493150684,0,0,0.5,1.0,0.0,0,0,0.0,0.0,0.0,0.0,0.0,0.0,0.0,0.0,0.0,0,0,0,0.5,0.5,0.5,0.3,0.5,0.5,0.5,0.42000000000000004,0.5,1,0,0,neutral,Unknown,individual,unknown,original,no,0,0,0,0,0,0,0,0,0,0,0,1
365,94,2,6664,47.0,18.257534246575343,0,0,0.5,1.0,0.0,0,0,0.0,0.0,0.0,0.0,0.0,0.0,0.0,0.0,0.0,0,0,0,0.5,0.5,0.5,0.5,0.5,0.5,0.5,0.5,0.5,1,0,0,neutral,Unknown,individual,unknown,original,no,0,0,0,0,0,0,0,0,0,0,0,1
365,61,5,1175,12.2,3.219178082191781,0,0,0.5,1.0,0.0,0,0,0.0,0.0,0.0,0.0,0.0,0.0,0.0,0.0,0.0,0,0,0,0.5,0.5,0.5,0.5,0.5,0.5,0.5,0.5,0.5,1,0,0,neutral,Unknown,individual,unknown,original,no,0,0,0,0,0,0,0,0,0,0,0,1
365,60,0,2924,0.0,8.01095890410959,0,0,0.5,1.0,0.0,0,0,0.0,0.0,0.0,0.0,0.0,0.0,0.0,0.0,0.0,0,0,0,0.5,0.5,0.5,0.3,0.5,0.5,0.5,0.42000000000000004,0.5,1,0,0,neutral,Unknown,individual,unknown,original,no,0,0,0,0,0,0,0,0,0,0,0,1
365,1342549,1,229528,1342549.0,628.8438356164384,0,0,0.5,1.0,0.0,0,0,0.0,0.0,0.0,0.0,0.0,0.0,0.0,0.0,0.0,0,0,0,0.5,0.5,0.5,0.4,0.5,0.5,0.5,0.4600000000000001,0.5,1,0,0,neutral,Unknown,individual,unknown,original,no,0,0,0,0,0,0,0,0,0,0,0,1
365,283,41,10380,6.902439024390244,28.438356164383563,0,0,0.5,1.0,0.0,0,0,0.0,0.0,0.0,0.0,0.0,0.0,0.0,0.0,0.0,0,0,0,0.5,0.5,0.5,0.5,0.5,0.5,0.5,0.5,0.5,1,0,0,neutral,Unknown,individual,unknown,original,no,0,0,0,0,0,0,0,0,0,0,0,1
365,175,46,5421,3.8043478260869565,14.852054794520548,0,0,0.5,1.0,0.0,0,0,0.0,0.0,0.0,0.0,0.0,0.0,0.0,0.0,0.0,0,0,0,0.5,0.5,0.5,0.5,0.5,0.5,0.5,0.5,0.5,1,0,0,neutral,Unknown,individual,unknown,original,no,0,0,0,0,0,0,0,0,0,0,0,1
365,4,0,835,0.0,2.287671232876712,0,0,0.5,1.0,0.0,0,0,0.0,0.0,0.0,0.0,0.0,0.0,0.0,0.0,0.0,0,0,0,0.5,0.5,0.5,0.3,0.5,0.5,0.5,0.42000000000000004,0.5,1,0,0,neutral,Unknown,individual,unknown,original,no,0,0,0,0,0,0,0,0,0,0,0,1
365,321,1,24152,321.0,66.16986301369863,0,0,0.5,1.0,0.0,0,0,0.0,0.0,0.0,0.0,0.0,0.0,0.0,0.0,0.0,0,0,0,0.5,0.5,0.5,0.4,0.5,0.5,0.5,0.4600000000000001,0.5,1,0,0,neutral,Unknown,individual,unknown,original,no,0,0,0,0,0,0,0,0,0,0,0,1
365,12,1,1270,12.0,3.4794520547945207,0,0,0.5,1.0,0.0,0,0,0.0,0.0,0.0,0.0,0.0,0.0,0.0,0.0,0.0,0,0,0,0.5,0.5,0.5,0.5,0.5,0.5,0.5,0.5,0.5,1,0,0,neutral,Unknown,individual,unknown,original,no,0,0,0,0,0,0,0,0,0,0,0,1
365,920,3,5938,306.6666666666667,16.268493150684932,0,0,0.5,1.0,0.0,0,0,0.0,0.0,0.0,0.0,0.0,0.0,0.0,0.0,0.0,0,0,0,0.5,0.5,0.5,0.4,0.5,0.5,0.5,0.4600000000000001,0.5,1,0,0,neutral,Unknown,individual,unknown,original,no,0,0,0,0,0,0,0,0,0,0,0,1
365,158,0,6154,0.0,16.86027397260274,0,0,0.5,1.0,0.0,0,0,0.0,0.0,0.0,0.0,0.0,0.0,0.0,0.0,0.0,0,0,0,0.5,0.5,0.5,0.3,0.5,0.5,0.5,0.42000000000000004,0.5,1,0,0,neutral,Unknown,individual,unknown,original,no,0,0,0,0,0,0,0,0,0,0,0,1
365,2418,243,11626,9.950617283950617,31.852054794520548,0,0,0.5,1.0,0.0,0,0,0.0,0.0,0.0,0.0,0.0,0.0,0.0,0.0,0.0,0,0,0,0.5,0.5,0.5,0.5,0.5,0.5,0.5,0.5,0.5,1,0,0,neutral,Unknown,individual,unknown,original,no,0,0,0,0,0,0,0,0,0,0,0,1
365,274,311,836,0.8810289389067524,2.2904109589041095,0,0,0.5,1.0,0.0,0,0,0.0,0.0,0.0,0.0,0.0,0.0,0.0,0.0,0.0,0,0,0,0.5,0.5,0.5,0.5,0.5,0.5,0.5,0.5,0.5,1,0,0,neutral,Unknown,individual,unknown,original,no,0,0,0,0,0,0,0,0,0,0,0,1
365,4527,0,5317,0.0,14.567123287671233,0,0,0.5,1.0,0.0,0,0,0.0,0.0,0.0,0.0,0.0,0.0,0.0,0.0,0.0,0,0,0,0.5,0.5,0.5,0.3,0.5,0.5,0.5,0.42000000000000004,0.5,1,0,0,neutral,Unknown,individual,unknown,original,no,0,0,0,0,0,0,0,0,0,0,0,1
365,3230,6,2362,538.3333333333334,6.471232876712329,0,0,0.5,1.0,0.0,0,0,0.0,0.0,0.0,0.0,0.0,0.0,0.0,0.0,0.0,0,0,0,0.5,0.5,0.5,0.4,0.5,0.5,0.5,0.4600000000000001,0.5,1,0,0,neutral,Unknown,individual,unknown,original,no,0,0,0,0,0,0,0,0,0,0,0,1
365,81,42,5521,1.9285714285714286,15.126027397260273,0,0,0.5,1.0,0.0,0,0,0.0,0.0,0.0,0.0,0.0,0.0,0.0,0.0,0.0,0,0,0,0.5,0.5,0.5,0.5,0.5,0.5,0.5,0.5,0.5,1,0,0,neutral,Unknown,individual,unknown,original,no,0,0,0,0,0,0,0,0,0,0,0,1
365,400,0,24416,0.0,66.89315068493151,0,0,0.5,1.0,0.0,0,0,0.0,0.0,0.0,0.0,0.0,0.0,0.0,0.0,0.0,0,0,0,0.5,0.5,0.5,0.3,0.5,0.5,0.5,0.42000000000000004,0.5,1,0,0,neutral,Unknown,individual,unknown,original,no,0,0,0,0,0,0,0,0,0,0,0,1
365,72,1,8954,72.0,24.53150684931507,0,0,0.5,1.0,0.0,0,0,0.0,0.0,0.0,0.0,0.0,0.0,0.0,0.0,0.0,0,0,0,0.5,0.5,0.5,0.5,0.5,0.5,0.5,0.5,0.5,1,0,0,neutral,Unknown,individual,unknown,original,no,0,0,0,0,0,0,0,0,0,0,0,1
365,11,0,415,0.0,1.1369863013698631,0,0,0.5,1.0,0.0,0,0,0.0,0.0,0.0,0.0,0.0,0.0,0.0,0.0,0.0,0,0,0,0.5,0.5,0.5,0.3,0.5,0.5,0.5,0.42000000000000004,0.5,1,0,0,neutral,Unknown,individual,unknown,original,no,0,0,0,0,0,0,0,0,0,0,0,1
365,293,0,10049,0.0,27.53150684931507,0,0,0.5,1.0,0.0,0,0,0.0,0.0,0.0,0.0,0.0,0.0,0.0,0.0,0.0,0,0,0,0.5,0.5,0.5,0.3,0.5,0.5,0.5,0.42000000000000004,0.5,1,0,0,neutral,Unknown,individual,unknown,original,no,0,0,0,0,0,0,0,0,0,0,0,1
365,3607,2,7602,1803.5,20.827397260273973,0,0,0.5,1.0,0.0,0,0,0.0,0.0,0.0,0.0,0.0,0.0,0.0,0.0,0.0,0,0,0,0.5,0.5,0.5,0.4,0.5,0.5,0.5,0.4600000000000001,0.5,1,0,0,neutral,Unknown,individual,unknown,original,no,0,0,0,0,0,0,0,0,0,0,0,1
365,453,1,13975,453.0,38.28767123287671,0,0,0.5,1.0,0.0,0,0,0.0,0.0,0.0,0.0,0.0,0.0,0.0,0.0,0.0,0,0,0,0.5,0.5,0.5,0.4,0.5,0.5,0.5,0.4600000000000001,0.5,1,0,0,neutral,Unknown,individual,unknown,original,no,0,0,0,0,0,0,0,0,0,0,0,1
365,485,10,5180,48.5,14.191780821917808,0,0,0.5,1.0,0.0,0,0,0.0,0.0,0.0,0.0,0.0,0.0,0.0,0.0,0.0,0,0,0,0.5,0.5,0.5,0.5,0.5,0.5,0.5,0.5,0.5,1,0,0,neutral,Unknown,individual,unknown,original,no,0,0,0,0,0,0,0,0,0,0,0,1
365,52,55,1176,0.9454545454545454,3.221917808219178,0,0,0.5,1.0,0.0,0,0,0.0,0.0,0.0,0.0,0.0,0.0,0.0,0.0,0.0,0,0,0,0.5,0.5,0.5,0.5,0.5,0.5,0.5,0.5,0.5,1,0,0,neutral,Unknown,individual,unknown,original,no,0,0,0,0,0,0,0,0,0,0,0,1
365,8,0,4446,0.0,12.180821917808219,0,0,0.5,1.0,0.0,0,0,0.0,0.0,0.0,0.0,0.0,0.0,0.0,0.0,0.0,0,0,0,0.5,0.5,0.5,0.3,0.5,0.5,0.5,0.42000000000000004,0.5,1,0,0,neutral,Unknown,individual,unknown,original,no,0,0,0,0,0,0,0,0,0,0,0,1
365,62,11,7163,5.636363636363637,19.624657534246577,0,0,0.5,1.0,0.0,0,0,0.0,0.0,0.0,0.0,0.0,0.0,0.0,0.0,0.0,0,0,0,0.5,0.5,0.5,0.5,0.5,0.5,0.5,0.5,0.5,1,0,0,neutral,Unknown,individual,unknown,original,no,0,0,0,0,0,0,0,0,0,0,0,1
365,185,4,2501,46.25,6.852054794520548,0,0,0.5,1.0,0.0,0,0,0.0,0.0,0.0,0.0,0.0,0.0,0.0,0.0,0.0,0,0,0,0.5,0.5,0.5,0.5,0.5,0.5,0.5,0.5,0.5,1,0,0,neutral,Unknown,individual,unknown,original,no,0,0,0,0,0,0,0,0,0,0,0,1
365,14,0,4663,0.0,12.775342465753425,0,0,0.5,1.0,0.0,0,0,0.0,0.0,0.0,0.0,0.0,0.0,0.0,0.0,0.0,0,0,0,0.5,0.5,0.5,0.3,0.5,0.5,0.5,0.42000000000000004,0.5,1,0,0,neutral,Unknown,individual,unknown,original,no,0,0,0,0,0,0,0,0,0,0,0,1
365,120,3,4643,40.0,12.72054794520548,0,0,0.5,1.0,0.0,0,0,0.0,0.0,0.0,0.0,0.0,0.0,0.0,0.0,0.0,0,0,0,0.5,0.5,0.5,0.5,0.5,0.5,0.5,0.5,0.5,1,0,0,neutral,Unknown,individual,unknown,original,no,0,0,0,0,0,0,0,0,0,0,0,1
365,11,0,14280,0.0,39.12328767123287,0,0,0.5,1.0,0.0,0,0,0.0,0.0,0.0,0.0,0.0,0.0,0.0,0.0,0.0,0,0,0,0.5,0.5,0.5,0.3,0.5,0.5,0.5,0.42000000000000004,0.5,1,0,0,neutral,Unknown,individual,unknown,original,no,0,0,0,0,0,0,0,0,0,0,0,1
365,358,63,1707,5.682539682539683,4.676712328767123,0,0,0.5,1.0,0.0,0,0,0.0,0.0,0.0,0.0,0.0,0.0,0.0,0.0,0.0,0,0,0,0.5,0.5,0.5,0.5,0.5,0.5,0.5,0.5,0.5,1,0,0,neutral,Unknown,individual,unknown,original,no,0,0,0,0,0,0,0,0,0,0,0,1
365,14,1,3357,14.0,9.197260273972603,0,0,0.5,1.0,0.0,0,0,0.0,0.0,0.0,0.0,0.0,0.0,0.0,0.0,0.0,0,0,0,0.5,0.5,0.5,0.5,0.5,0.5,0.5,0.5,0.5,1,0,0,neutral,Unknown,individual,unknown,original,no,0,0,0,0,0,0,0,0,0,0,0,1
365,67,6,9085,11.166666666666666,24.89041095890411,0,0,0.5,1.0,0.0,0,0,0.0,0.0,0.0,0.0,0.0,0.0,0.0,0.0,0.0,0,0,0,0.5,0.5,0.5,0.5,0.5,0.5,0.5,0.5,0.5,1,0,0,neutral,Unknown,individual,unknown,original,no,0,0,0,0,0,0,0,0,0,0,0,1
365,66,0,69938,0.0,191.6109589041096,0,0,0.5,1.0,0.0,0,0,0.0,0.0,0.0,0.0,0.0,0.0,0.0,0.0,0.0,0,0,0,0.5,0.5,0.5,0.3,0.5,0.5,0.5,0.42000000000000004,0.5,1,0,0,neutral,Unknown,individual,unknown,original,no,0,0,0,0,0,0,0,0,0,0,0,1
365,57,1,6561,57.0,17.975342465753425,0,0,0.5,1.0,0.0,0,0,0.0,0.0,0.0,0.0,0.0,0.0,0.0,0.0,0.0,0,0,0,0.5,0.5,0.5,0.5,0.5,0.5,0.5,0.5,0.5,1,0,0,neutral,Unknown,individual,unknown,original,no,0,0,0,0,0,0,0,0,0,0,0,1
365,19,0,7527,0.0,20.621917808219177,0,0,0.5,1.0,0.0,0,0,0.0,0.0,0.0,0.0,0.0,0.0,0.0,0.0,0.0,0,0,0,0.5,0.5,0.5,0.3,0.5,0.5,0.5,0.42000000000000004,0.5,1,0,0,neutral,Unknown,individual,unknown,original,no,0,0,0,0,0,0,0,0,0,0,0,1
365,412,35,3296,11.771428571428572,9.03013698630137,0,0,0.5,1.0,0.0,0,0,0.0,0.0,0.0,0.0,0.0,0.0,0.0,0.0,0.0,0,0,0,0.5,0.5,0.5,0.5,0.5,0.5,0.5,0.5,0.5,1,0,0,neutral,Unknown,individual,unknown,original,no,0,0,0,0,0,0,0,0,0,0,0,1
365,813,1,28940,813.0,79.28767123287672,0,0,0.5,1.0,0.0,0,0,0.0,0.0,0.0,0.0,0.0,0.0,0.0,0.0,0.0,0,0,0,0.5,0.5,0.5,0.4,0.5,0.5,0.5,0.4600000000000001,0.5,1,0,0,neutral,Unknown,individual,unknown,original,no,0,0,0,0,0,0,0,0,0,0,0,1
365,3,0,5766,0.0,15.797260273972602,0,0,0.5,1.0,0.0,0,0,0.0,0.0,0.0,0.0,0.0,0.0,0.0,0.0,0.0,0,0,0,0.5,0.5,0.5,0.3,0.5,0.5,0.5,0.42000000000000004,0.5,1,0,0,neutral,Unknown,individual,unknown,original,no,0,0,0,0,0,0,0,0,0,0,0,1
365,39,0,1129,0.0,3.0931506849315067,0,0,0.5,1.0,0.0,0,0,0.0,0.0,0.0,0.0,0.0,0.0,0.0,0.0,0.0,0,0,0,0.5,0.5,0.5,0.3,0.5,0.5,0.5,0.42000000000000004,0.5,1,0,0,neutral,Unknown,individual,unknown,original,no,0,0,0,0,0,0,0,0,0,0,0,1
365,16,3,1715,5.333333333333333,4.698630136986301,0,0,0.5,1.0,0.0,0,0,0.0,0.0,0.0,0.0,0.0,0.0,0.0,0.0,0.0,0,0,0,0.5,0.5,0.5,0.5,0.5,0.5,0.5,0.5,0.5,1,0,0,neutral,Unknown,individual,unknown,original,no,0,0,0,0,0,0,0,0,0,0,0,1
365,28,1,4583,28.0,12.556164383561644,0,0,0.5,1.0,0.0,0,0,0.0,0.0,0.0,0.0,0.0,0.0,0.0,0.0,0.0,0,0,0,0.5,0.5,0.5,0.5,0.5,0.5,0.5,0.5,0.5,1,0,0,neutral,Unknown,individual,unknown,original,no,0,0,0,0,0,0,0,0,0,0,0,1
365,11,0,308,0.0,0.8438356164383561,0,0,0.5,1.0,0.0,0,0,0.0,0.0,0.0,0.0,0.0,0.0,0.0,0.0,0.0,0,0,0,0.5,0.5,0.5,0.3,0.5,0.5,0.5,0.42000000000000004,0.5,1,0,0,neutral,Unknown,individual,unknown,original,no,0,0,0,0,0,0,0,0,0,0,0,1
365,17,156,927,0.10897435897435898,2.5397260273972604,0,0,0.5,1.0,0.0,0,0,0.0,0.0,0.0,0.0,0.0,0.0,0.0,0.0,0.0,0,0,0,0.5,0.5,0.5,0.5,0.5,0.5,0.5,0.5,0.5,1,0,0,neutral,Unknown,individual,unknown,original,no,0,0,0,0,0,0,0,0,0,0,0,1
365,812,1,4132,812.0,11.32054794520548,0,0,0.5,1.0,0.0,0,0,0.0,0.0,0.0,0.0,0.0,0.0,0.0,0.0,0.0,0,0,0,0.5,0.5,0.5,0.4,0.5,0.5,0.5,0.4600000000000001,0.5,1,0,0,neutral,Unknown,individual,unknown,original,no,0,0,0,0,0,0,0,0,0,0,0,1
365,173,2,7921,86.5,21.7013698630137,0,0,0.5,1.0,0.0,0,0,0.0,0.0,0.0,0.0,0.0,0.0,0.0,0.0,0.0,0,0,0,0.5,0.5,0.5,0.5,0.5,0.5,0.5,0.5,0.5,1,0,0,neutral,Unknown,individual,unknown,original,no,0,0,0,0,0,0,0,0,0,0,0,1
365,516,0,4906,0.0,13.441095890410958,0,0,0.5,1.0,0.0,0,0,0.0,0.0,0.0,0.0,0.0,0.0,0.0,0.0,0.0,0,0,0,0.5,0.5,0.5,0.3,0.5,0.5,0.5,0.42000000000000004,0.5,1,0,0,neutral,Unknown,individual,unknown,original,no,0,0,0,0,0,0,0,0,0,0,0,1
365,294,2,2778,147.0,7.610958904109589,0,0,0.5,1.0,0.0,0,0,0.0,0.0,0.0,0.0,0.0,0.0,0.0,0.0,0.0,0,0,0,0.5,0.5,0.5,0.4,0.5,0.5,0.5,0.4600000000000001,0.5,1,0,0,neutral,Unknown,individual,unknown,original,no,0,0,0,0,0,0,0,0,0,0,0,1
365,6597,0,445,0.0,1.2191780821917808,0,0,0.5,1.0,0.0,0,0,0.0,0.0,0.0,0.0,0.0,0.0,0.0,0.0,0.0,0,0,0,0.5,0.5,0.5,0.3,0.5,0.5,0.5,0.42000000000000004,0.5,1,0,0,neutral,Unknown,individual,unknown,original,no,0,0,0,0,0,0,0,0,0,0,0,1
365,31,1,10392,31.0,28.471232876712328,0,0,0.5,1.0,0.0,0,0,0.0,0.0,0.0,0.0,0.0,0.0,0.0,0.0,0.0,0,0,0,0.5,0.5,0.5,0.5,0.5,0.5,0.5,0.5,0.5,1,0,0,neutral,Unknown,individual,unknown,original,no,0,0,0,0,0,0,0,0,0,0,0,1
365,233,1,657,233.0,1.8,0,0,0.5,1.0,0.0,0,0,0.0,0.0,0.0,0.0,0.0,0.0,0.0,0.0,0.0,0,0,0,0.5,0.5,0.5,0.4,0.5,0.5,0.5,0.4600000000000001,0.5,1,0,0,neutral,Unknown,individual,unknown,original,no,0,0,0,0,0,0,0,0,0,0,0,1
365,44,1,2492,44.0,6.8273972602739725,0,0,0.5,1.0,0.0,0,0,0.0,0.0,0.0,0.0,0.0,0.0,0.0,0.0,0.0,0,0,0,0.5,0.5,0.5,0.5,0.5,0.5,0.5,0.5,0.5,1,0,0,neutral,Unknown,individual,unknown,original,no,0,0,0,0,0,0,0,0,0,0,0,1
365,664,3,5801,221.33333333333334,15.893150684931507,0,0,0.5,1.0,0.0,0,0,0.0,0.0,0.0,0.0,0.0,0.0,0.0,0.0,0.0,0,0,0,0.5,0.5,0.5,0.4,0.5,0.5,0.5,0.4600000000000001,0.5,1,0,0,neutral,Unknown,individual,unknown,original,no,0,0,0,0,0,0,0,0,0,0,0,1
365,52,11,8816,4.7272727272727275,24.153424657534245,0,0,0.5,1.0,0.0,0,0,0.0,0.0,0.0,0.0,0.0,0.0,0.0,0.0,0.0,0,0,0,0.5,0.5,0.5,0.5,0.5,0.5,0.5,0.5,0.5,1,0,0,neutral,Unknown,individual,unknown,original,no,0,0,0,0,0,0,0,0,0,0,0,1
365,11,0,29807,0.0,81.66301369863014,0,0,0.5,1.0,0.0,0,0,0.0,0.0,0.0,0.0,0.0,0.0,0.0,0.0,0.0,0,0,0,0.5,0.5,0.5,0.3,0.5,0.5,0.5,0.42000000000000004,0.5,1,0,0,neutral,Unknown,individual,unknown,original,no,0,0,0,0,0,0,0,0,0,0,0,1
365,33,4,3385,8.25,9.273972602739725,0,0,0.5,1.0,0.0,0,0,0.0,0.0,0.0,0.0,0.0,0.0,0.0,0.0,0.0,0,0,0,0.5,0.5,0.5,0.5,0.5,0.5,0.5,0.5,0.5,1,0,0,neutral,Unknown,individual,unknown,original,no,0,0,0,0,0,0,0,0,0,0,0,1
365,29,0,3037,0.0,8.32054794520548,0,0,0.5,1.0,0.0,0,0,0.0,0.0,0.0,0.0,0.0,0.0,0.0,0.0,0.0,0,0,0,0.5,0.5,0.5,0.3,0.5,0.5,0.5,0.42000000000000004,0.5,1,0,0,neutral,Unknown,individual,unknown,original,no,0,0,0,0,0,0,0,0,0,0,0,1
365,18,1,1876,18.0,5.13972602739726,0,0,0.5,1.0,0.0,0,0,0.0,0.0,0.0,0.0,0.0,0.0,0.0,0.0,0.0,0,0,0,0.5,0.5,0.5,0.5,0.5,0.5,0.5,0.5,0.5,1,0,0,neutral,Unknown,individual,unknown,original,no,0,0,0,0,0,0,0,0,0,0,0,1
365,3141,1,599,3141.0,1.641095890410959,0,0,0.5,1.0,0.0,0,0,0.0,0.0,0.0,0.0,0.0,0.0,0.0,0.0,0.0,0,0,0,0.5,0.5,0.5,0.4,0.5,0.5,0.5,0.4600000000000001,0.5,1,0,0,neutral,Unknown,individual,unknown,original,no,0,0,0,0,0,0,0,0,0,0,0,1
365,13,4,215302,3.25,589.8684931506849,0,0,0.5,1.0,0.0,0,0,0.0,0.0,0.0,0.0,0.0,0.0,0.0,0.0,0.0,0,0,0,0.5,0.5,0.5,0.5,0.5,0.5,0.5,0.5,0.5,1,0,0,neutral,Unknown,individual,unknown,original,no,0,0,0,0,0,0,0,0,0,0,0,1
365,1112,1188,61266,0.936026936026936,167.85205479452054,0,0,0.5,1.0,0.0,0,0,0.0,0.0,0.0,0.0,0.0,0.0,0.0,0.0,0.0,0,0,0,0.5,0.5,0.5,0.5,0.5,0.5,0.5,0.5,0.5,1,0,0,neutral,Unknown,individual,unknown,original,no,0,0,0,0,0,0,0,0,0,0,0,1
365,1263,3,2910,421.0,7.972602739726027,0,0,0.5,1.0,0.0,0,0,0.0,0.0,0.0,0.0,0.0,0.0,0.0,0.0,0.0,0,0,0,0.5,0.5,0.5,0.4,0.5,0.5,0.5,0.4600000000000001,0.5,1,0,0,neutral,Unknown,individual,unknown,original,no,0,0,0,0,0,0,0,0,0,0,0,1
365,1708,5,57367,341.6,157.16986301369863,0,0,0.5,1.0,0.0,0,0,0.0,0.0,0.0,0.0,0.0,0.0,0.0,0.0,0.0,0,0,0,0.5,0.5,0.5,0.4,0.5,0.5,0.5,0.4600000000000001,0.5,1,0,0,neutral,Unknown,individual,unknown,original,no,0,0,0,0,0,0,0,0,0,0,0,1
365,5154,1,4887,5154.0,13.389041095890411,0,0,0.5,1.0,0.0,0,0,0.0,0.0,0.0,0.0,0.0,0.0,0.0,0.0,0.0,0,0,0,0.5,0.5,0.5,0.4,0.5,0.5,0.5,0.4600000000000001,0.5,1,0,0,neutral,Unknown,individual,unknown,original,no,0,0,0,0,0,0,0,0,0,0,0,1
365,562,84,35668,6.690476190476191,97.72054794520548,0,0,0.5,1.0,0.0,0,0,0.0,0.0,0.0,0.0,0.0,0.0,0.0,0.0,0.0,0,0,0,0.5,0.5,0.5,0.5,0.5,0.5,0.5,0.5,0.5,1,0,0,neutral,Unknown,individual,unknown,original,no,0,0,0,0,0,0,0,0,0,0,0,1
365,1068,4,13082,267.0,35.84109589041096,0,0,0.5,1.0,0.0,0,0,0.0,0.0,0.0,0.0,0.0,0.0,0.0,0.0,0.0,0,0,0,0.5,0.5,0.5,0.4,0.5,0.5,0.5,0.4600000000000001,0.5,1,0,0,neutral,Unknown,individual,unknown,original,no,0,0,0,0,0,0,0,0,0,0,0,1
365,4533,2,34619,2266.5,94.84657534246575,0,0,0.5,1.0,0.0,0,0,0.0,0.0,0.0,0.0,0.0,0.0,0.0,0.0,0.0,0,0,0,0.5,0.5,0.5,0.4,0.5,0.5,0.5,0.4600000000000001,0.5,1,0,0,neutral,Unknown,individual,unknown,original,no,0,0,0,0,0,0,0,0,0,0,0,1
365,137,0,1372,0.0,3.758904109589041,0,0,0.5,1.0,0.0,0,0,0.0,0.0,0.0,0.0,0.0,0.0,0.0,0.0,0.0,0,0,0,0.5,0.5,0.5,0.3,0.5,0.5,0.5,0.42000000000000004,0.5,1,0,0,neutral,Unknown,individual,unknown,original,no,0,0,0,0,0,0,0,0,0,0,0,1
365,239,2,3094,119.5,8.476712328767123,0,0,0.5,1.0,0.0,0,0,0.0,0.0,0.0,0.0,0.0,0.0,0.0,0.0,0.0,0,0,0,0.5,0.5,0.5,0.4,0.5,0.5,0.5,0.4600000000000001,0.5,1,0,0,neutral,Unknown,individual,unknown,original,no,0,0,0,0,0,0,0,0,0,0,0,1
365,192,46,5603,4.173913043478261,15.35068493150685,0,0,0.5,1.0,0.0,0,0,0.0,0.0,0.0,0.0,0.0,0.0,0.0,0.0,0.0,0,0,0,0.5,0.5,0.5,0.5,0.5,0.5,0.5,0.5,0.5,1,0,0,neutral,Unknown,individual,unknown,original,no,0,0,0,0,0,0,0,0,0,0,0,1
365,36,0,4460,0.0,12.219178082191782,0,0,0.5,1.0,0.0,0,0,0.0,0.0,0.0,0.0,0.0,0.0,0.0,0.0,0.0,0,0,0,0.5,0.5,0.5,0.3,0.5,0.5,0.5,0.42000000000000004,0.5,1,0,0,neutral,Unknown,individual,unknown,original,no,0,0,0,0,0,0,0,0,0,0,0,1
365,13,0,11030,0.0,30.21917808219178,0,0,0.5,1.0,0.0,0,0,0.0,0.0,0.0,0.0,0.0,0.0,0.0,0.0,0.0,0,0,0,0.5,0.5,0.5,0.3,0.5,0.5,0.5,0.42000000000000004,0.5,1,0,0,neutral,Unknown,individual,unknown,original,no,0,0,0,0,0,0,0,0,0,0,0,1
365,343,1,1030,343.0,2.8219178082191783,0,0,0.5,1.0,0.0,0,0,0.0,0.0,0.0,0.0,0.0,0.0,0.0,0.0,0.0,0,0,0,0.5,0.5,0.5,0.4,0.5,0.5,0.5,0.4600000000000001,0.5,1,0,0,neutral,Unknown,individual,unknown,original,no,0,0,0,0,0,0,0,0,0,0,0,1
365,23,3,3633,7.666666666666667,9.953424657534246,0,0,0.5,1.0,0.0,0,0,0.0,0.0,0.0,0.0,0.0,0.0,0.0,0.0,0.0,0,0,0,0.5,0.5,0.5,0.5,0.5,0.5,0.5,0.5,0.5,1,0,0,neutral,Unknown,individual,unknown,original,no,0,0,0,0,0,0,0,0,0,0,0,1
365,29,2,4385,14.5,12.013698630136986,0,0,0.5,1.0,0.0,0,0,0.0,0.0,0.0,0.0,0.0,0.0,0.0,0.0,0.0,0,0,0,0.5,0.5,0.5,0.5,0.5,0.5,0.5,0.5,0.5,1,0,0,neutral,Unknown,individual,unknown,original,no,0,0,0,0,0,0,0,0,0,0,0,1
365,37,3,35382,12.333333333333334,96.93698630136986,0,0,0.5,1.0,0.0,0,0,0.0,0.0,0.0,0.0,0.0,0.0,0.0,0.0,0.0,0,0,0,0.5,0.5,0.5,0.5,0.5,0.5,0.5,0.5,0.5,1,0,0,neutral,Unknown,individual,unknown,original,no,0,0,0,0,0,0,0,0,0,0,0,1
365,65,0,533,0.0,1.4602739726027398,0,0,0.5,1.0,0.0,0,0,0.0,0.0,0.0,0.0,0.0,0.0,0.0,0.0,0.0,0,0,0,0.5,0.5,0.5,0.3,0.5,0.5,0.5,0.42000000000000004,0.5,1,0,0,neutral,Unknown,individual,unknown,original,no,0,0,0,0,0,0,0,0,0,0,0,1
365,164,5,1685,32.8,4.616438356164384,0,0,0.5,1.0,0.0,0,0,0.0,0.0,0.0,0.0,0.0,0.0,0.0,0.0,0.0,0,0,0,0.5,0.5,0.5,0.5,0.5,0.5,0.5,0.5,0.5,1,0,0,neutral,Unknown,individual,unknown,original,no,0,0,0,0,0,0,0,0,0,0,0,1
365,23,0,2572,0.0,7.046575342465753,0,0,0.5,1.0,0.0,0,0,0.0,0.0,0.0,0.0,0.0,0.0,0.0,0.0,0.0,0,0,0,0.5,0.5,0.5,0.3,0.5,0.5,0.5,0.42000000000000004,0.5,1,0,0,neutral,Unknown,individual,unknown,original,no,0,0,0,0,0,0,0,0,0,0,0,1
365,8551,0,9810,0.0,26.876712328767123,0,0,0.5,1.0,0.0,0,0,0.0,0.0,0.0,0.0,0.0,0.0,0.0,0.0,0.0,0,0,0,0.5,0.5,0.5,0.3,0.5,0.5,0.5,0.42000000000000004,0.5,1,0,0,neutral,Unknown,individual,unknown,original,no,0,0,0,0,0,0,0,0,0,0,0,1
365,1566,16,3669,97.875,10.052054794520547,0,0,0.5,1.0,0.0,0,0,0.0,0.0,0.0,0.0,0.0,0.0,0.0,0.0,0.0,0,0,0,0.5,0.5,0.5,0.5,0.5,0.5,0.5,0.5,0.5,1,0,0,neutral,Unknown,individual,unknown,original,no,0,0,0,0,0,0,0,0,0,0,0,1
365,8,0,1632,0.0,4.471232876712329,0,0,0.5,1.0,0.0,0,0,0.0,0.0,0.0,0.0,0.0,0.0,0.0,0.0,0.0,0,0,0,0.5,0.5,0.5,0.3,0.5,0.5,0.5,0.42000000000000004,0.5,1,0,0,neutral,Unknown,individual,unknown,original,no,0,0,0,0,0,0,0,0,0,0,0,1
365,1867,0,7486,0.0,20.50958904109589,0,0,0.5,1.0,0.0,0,0,0.0,0.0,0.0,0.0,0.0,0.0,0.0,0.0,0.0,0,0,0,0.5,0.5,0.5,0.3,0.5,0.5,0.5,0.42000000000000004,0.5,1,0,0,neutral,Unknown,individual,unknown,original,no,0,0,0,0,0,0,0,0,0,0,0,1
365,8,0,309,0.0,0.8465753424657534,0,0,0.5,1.0,0.0,0,0,0.0,0.0,0.0,0.0,0.0,0.0,0.0,0.0,0.0,0,0,0,0.5,0.5,0.5,0.3,0.5,0.5,0.5,0.42000000000000004,0.5,1,0,0,neutral,Unknown,individual,unknown,original,no,0,0,0,0,0,0,0,0,0,0,0,1
365,4,1,11629,4.0,31.86027397260274,0,0,0.5,1.0,0.0,0,0,0.0,0.0,0.0,0.0,0.0,0.0,0.0,0.0,0.0,0,0,0,0.5,0.5,0.5,0.5,0.5,0.5,0.5,0.5,0.5,1,0,0,neutral,Unknown,individual,unknown,original,no,0,0,0,0,0,0,0,0,0,0,0,1
365,11,2,14400,5.5,39.45205479452055,0,0,0.5,1.0,0.0,0,0,0.0,0.0,0.0,0.0,0.0,0.0,0.0,0.0,0.0,0,0,0,0.5,0.5,0.5,0.5,0.5,0.5,0.5,0.5,0.5,1,0,0,neutral,Unknown,individual,unknown,original,no,0,0,0,0,0,0,0,0,0,0,0,1
365,248,2,3084,124.0,8.449315068493151,0,0,0.5,1.0,0.0,0,0,0.0,0.0,0.0,0.0,0.0,0.0,0.0,0.0,0.0,0,0,0,0.5,0.5,0.5,0.4,0.5,0.5,0.5,0.4600000000000001,0.5,1,0,0,neutral,Unknown,individual,unknown,original,no,0,0,0,0,0,0,0,0,0,0,0,1
365,291,19,982,15.31578947368421,2.6904109589041094,0,0,0.5,1.0,0.0,0,0,0.0,0.0,0.0,0.0,0.0,0.0,0.0,0.0,0.0,0,0,0,0.5,0.5,0.5,0.5,0.5,0.5,0.5,0.5,0.5,1,0,0,neutral,Unknown,individual,unknown,original,no,0,0,0,0,0,0,0,0,0,0,0,1
365,6,0,32721,0.0,89.64657534246575,0,0,0.5,1.0,0.0,0,0,0.0,0.0,0.0,0.0,0.0,0.0,0.0,0.0,0.0,0,0,0,0.5,0.5,0.5,0.3,0.5,0.5,0.5,0.42000000000000004,0.5,1,0,0,neutral,Unknown,individual,unknown,original,no,0,0,0,0,0,0,0,0,0,0,0,1
365,13,0,1443,0.0,3.9534246575342467,0,0,0.5,1.0,0.0,0,0,0.0,0.0,0.0,0.0,0.0,0.0,0.0,0.0,0.0,0,0,0,0.5,0.5,0.5,0.3,0.5,0.5,0.5,0.42000000000000004,0.5,1,0,0,neutral,Unknown,individual,unknown,original,no,0,0,0,0,0,0,0,0,0,0,0,1
365,11,0,2535,0.0,6.945205479452055,0,0,0.5,1.0,0.0,0,0,0.0,0.0,0.0,0.0,0.0,0.0,0.0,0.0,0.0,0,0,0,0.5,0.5,0.5,0.3,0.5,0.5,0.5,0.42000000000000004,0.5,1,0,0,neutral,Unknown,individual,unknown,original,no,0,0,0,0,0,0,0,0,0,0,0,1
365,523,0,6980,0.0,19.123287671232877,0,0,0.5,1.0,0.0,0,0,0.0,0.0,0.0,0.0,0.0,0.0,0.0,0.0,0.0,0,0,0,0.5,0.5,0.5,0.3,0.5,0.5,0.5,0.42000000000000004,0.5,1,0,0,neutral,Unknown,individual,unknown,original,no,0,0,0,0,0,0,0,0,0,0,0,1
365,279,2,1523,139.5,4.1726027397260275,0,0,0.5,1.0,0.0,0,0,0.0,0.0,0.0,0.0,0.0,0.0,0.0,0.0,0.0,0,0,0,0.5,0.5,0.5,0.4,0.5,0.5,0.5,0.4600000000000001,0.5,1,0,0,neutral,Unknown,individual,unknown,original,no,0,0,0,0,0,0,0,0,0,0,0,1
365,24,0,467,0.0,1.2794520547945205,0,0,0.5,1.0,0.0,0,0,0.0,0.0,0.0,0.0,0.0,0.0,0.0,0.0,0.0,0,0,0,0.5,0.5,0.5,0.3,0.5,0.5,0.5,0.42000000000000004,0.5,1,0,0,neutral,Unknown,individual,unknown,original,no,0,0,0,0,0,0,0,0,0,0,0,1
365,167,30,24063,5.566666666666666,65.92602739726027,0,0,0.5,1.0,0.0,0,0,0.0,0.0,0.0,0.0,0.0,0.0,0.0,0.0,0.0,0,0,0,0.5,0.5,0.5,0.5,0.5,0.5,0.5,0.5,0.5,1,0,0,neutral,Unknown,individual,unknown,original,no,0,0,0,0,0,0,0,0,0,0,0,1
365,10,5,15286,2.0,41.87945205479452,0,0,0.5,1.0,0.0,0,0,0.0,0.0,0.0,0.0,0.0,0.0,0.0,0.0,0.0,0,0,0,0.5,0.5,0.5,0.5,0.5,0.5,0.5,0.5,0.5,1,0,0,neutral,Unknown,individual,unknown,original,no,0,0,0,0,0,0,0,0,0,0,0,1
365,1092,2,24199,546.0,66.2986301369863,0,0,0.5,1.0,0.0,0,0,0.0,0.0,0.0,0.0,0.0,0.0,0.0,0.0,0.0,0,0,0,0.5,0.5,0.5,0.4,0.5,0.5,0.5,0.4600000000000001,0.5,1,0,0,neutral,Unknown,individual,unknown,original,no,0,0,0,0,0,0,0,0,0,0,0,1
365,10,0,5575,0.0,15.273972602739725,0,0,0.5,1.0,0.0,0,0,0.0,0.0,0.0,0.0,0.0,0.0,0.0,0.0,0.0,0,0,0,0.5,0.5,0.5,0.3,0.5,0.5,0.5,0.42000000000000004,0.5,1,0,0,neutral,Unknown,individual,unknown,original,no,0,0,0,0,0,0,0,0,0,0,0,1
365,34,6,11946,5.666666666666667,32.728767123287675,0,0,0.5,1.0,0.0,0,0,0.0,0.0,0.0,0.0,0.0,0.0,0.0,0.0,0.0,0,0,0,0.5,0.5,0.5,0.5,0.5,0.5,0.5,0.5,0.5,1,0,0,neutral,Unknown,individual,unknown,original,no,0,0,0,0,0,0,0,0,0,0,0,1
365,1214,5,57948,242.8,158.76164383561644,0,0,0.5,1.0,0.0,0,0,0.0,0.0,0.0,0.0,0.0,0.0,0.0,0.0,0.0,0,0,0,0.5,0.5,0.5,0.4,0.5,0.5,0.5,0.4600000000000001,0.5,1,0,0,neutral,Unknown,individual,unknown,original,no,0,0,0,0,0,0,0,0,0,0,0,1
365,22,0,15233,0.0,41.73424657534247,0,0,0.5,1.0,0.0,0,0,0.0,0.0,0.0,0.0,0.0,0.0,0.0,0.0,0.0,0,0,0,0.5,0.5,0.5,0.3,0.5,0.5,0.5,0.42000000000000004,0.5,1,0,0,neutral,Unknown,individual,unknown,original,no,0,0,0,0,0,0,0,0,0,0,0,1
365,172,37,4760,4.648648648648648,13.04109589041096,0,0,0.5,1.0,0.0,0,0,0.0,0.0,0.0,0.0,0.0,0.0,0.0,0.0,0.0,0,0,0,0.5,0.5,0.5,0.5,0.5,0.5,0.5,0.5,0.5,1,0,0,neutral,Unknown,individual,unknown,original,no,0,0,0,0,0,0,0,0,0,0,0,1
365,20,3,3144,6.666666666666667,8.613698630136986,0,0,0.5,1.0,0.0,0,0,0.0,0.0,0.0,0.0,0.0,0.0,0.0,0.0,0.0,0,0,0,0.5,0.5,0.5,0.5,0.5,0.5,0.5,0.5,0.5,1,0,0,neutral,Unknown,individual,unknown,original,no,0,0,0,0,0,0,0,0,0,0,0,1
365,2253,2,5969,1126.5,16.353424657534248,0,0,0.5,1.0,0.0,0,0,0.0,0.0,0.0,0.0,0.0,0.0,0.0,0.0,0.0,0,0,0,0.5,0.5,0.5,0.4,0.5,0.5,0.5,0.4600000000000001,0.5,1,0,0,neutral,Unknown,individual,unknown,original,no,0,0,0,0,0,0,0,0,0,0,0,1
365,36,1,2635,36.0,7.219178082191781,0,0,0.5,1.0,0.0,0,0,0.0,0.0,0.0,0.0,0.0,0.0,0.0,0.0,0.0,0,0,0,0.5,0.5,0.5,0.5,0.5,0.5,0.5,0.5,0.5,1,0,0,neutral,Unknown,individual,unknown,original,no,0,0,0,0,0,0,0,0,0,0,0,1
365,77,2,7980,38.5,21.863013698630137,0,0,0.5,1.0,0.0,0,0,0.0,0.0,0.0,0.0,0.0,0.0,0.0,0.0,0.0,0,0,0,0.5,0.5,0.5,0.5,0.5,0.5,0.5,0.5,0.5,1,0,0,neutral,Unknown,individual,unknown,original,no,0,0,0,0,0,0,0,0,0,0,0,1
365,30,0,23994,0.0,65.73698630136987,0,0,0.5,1.0,0.0,0,0,0.0,0.0,0.0,0.0,0.0,0.0,0.0,0.0,0.0,0,0,0,0.5,0.5,0.5,0.3,0.5,0.5,0.5,0.42000000000000004,0.5,1,0,0,neutral,Unknown,individual,unknown,original,no,0,0,0,0,0,0,0,0,0,0,0,1
365,8,0,6873,0.0,18.83013698630137,0,0,0.5,1.0,0.0,0,0,0.0,0.0,0.0,0.0,0.0,0.0,0.0,0.0,0.0,0,0,0,0.5,0.5,0.5,0.3,0.5,0.5,0.5,0.42000000000000004,0.5,1,0,0,neutral,Unknown,individual,unknown,original,no,0,0,0,0,0,0,0,0,0,0,0,1
365,24,0,575,0.0,1.5753424657534247,0,0,0.5,1.0,0.0,0,0,0.0,0.0,0.0,0.0,0.0,0.0,0.0,0.0,0.0,0,0,0,0.5,0.5,0.5,0.3,0.5,0.5,0.5,0.42000000000000004,0.5,1,0,0,neutral,Unknown,individual,unknown,original,no,0,0,0,0,0,0,0,0,0,0,0,1
365,121,1,2478,121.0,6.789041095890411,0,0,0.5,1.0,0.0,0,0,0.0,0.0,0.0,0.0,0.0,0.0,0.0,0.0,0.0,0,0,0,0.5,0.5,0.5,0.4,0.5,0.5,0.5,0.4600000000000001,0.5,1,0,0,neutral,Unknown,individual,unknown,original,no,0,0,0,0,0,0,0,0,0,0,0,1
365,1418,1640,11408,0.8646341463414634,31.254794520547946,0,0,0.5,1.0,0.0,0,0,0.0,0.0,0.0,0.0,0.0,0.0,0.0,0.0,0.0,0,0,0,0.5,0.5,0.5,0.5,0.5,0.5,0.5,0.5,0.5,1,0,0,neutral,Unknown,individual,unknown,original,no,0,0,0,0,0,0,0,0,0,0,0,1
365,14,1,2014,14.0,5.517808219178082,0,0,0.5,1.0,0.0,0,0,0.0,0.0,0.0,0.0,0.0,0.0,0.0,0.0,0.0,0,0,0,0.5,0.5,0.5,0.5,0.5,0.5,0.5,0.5,0.5,1,0,0,neutral,Unknown,individual,unknown,original,no,0,0,0,0,0,0,0,0,0,0,0,1
365,186,15,2846,12.4,7.7972602739726025,0,0,0.5,1.0,0.0,0,0,0.0,0.0,0.0,0.0,0.0,0.0,0.0,0.0,0.0,0,0,0,0.5,0.5,0.5,0.5,0.5,0.5,0.5,0.5,0.5,1,0,0,neutral,Unknown,individual,unknown,original,no,0,0,0,0,0,0,0,0,0,0,0,1
365,406,1,6916,406.0,18.947945205479453,0,0,0.5,1.0,0.0,0,0,0.0,0.0,0.0,0.0,0.0,0.0,0.0,0.0,0.0,0,0,0,0.5,0.5,0.5,0.4,0.5,0.5,0.5,0.4600000000000001,0.5,1,0,0,neutral,Unknown,individual,unknown,original,no,0,0,0,0,0,0,0,0,0,0,0,1
365,11,1,522,11.0,1.4301369863013698,0,0,0.5,1.0,0.0,0,0,0.0,0.0,0.0,0.0,0.0,0.0,0.0,0.0,0.0,0,0,0,0.5,0.5,0.5,0.5,0.5,0.5,0.5,0.5,0.5,1,0,0,neutral,Unknown,individual,unknown,original,no,0,0,0,0,0,0,0,0,0,0,0,1
365,55,1,34423,55.0,94.30958904109589,0,0,0.5,1.0,0.0,0,0,0.0,0.0,0.0,0.0,0.0,0.0,0.0,0.0,0.0,0,0,0,0.5,0.5,0.5,0.5,0.5,0.5,0.5,0.5,0.5,1,0,0,neutral,Unknown,individual,unknown,original,no,0,0,0,0,0,0,0,0,0,0,0,1
365,218,285,3477,0.7649122807017544,9.526027397260274,0,0,0.5,1.0,0.0,0,0,0.0,0.0,0.0,0.0,0.0,0.0,0.0,0.0,0.0,0,0,0,0.5,0.5,0.5,0.5,0.5,0.5,0.5,0.5,0.5,1,0,0,neutral,Unknown,individual,unknown,original,no,0,0,0,0,0,0,0,0,0,0,0,1
365,256,358,5614,0.7150837988826816,15.38082191780822,0,0,0.5,1.0,0.0,0,0,0.0,0.0,0.0,0.0,0.0,0.0,0.0,0.0,0.0,0,0,0,0.5,0.5,0.5,0.5,0.5,0.5,0.5,0.5,0.5,1,0,0,neutral,Unknown,individual,unknown,original,no,0,0,0,0,0,0,0,0,0,0,0,1
365,287,346,5545,0.8294797687861272,15.191780821917808,0,0,0.5,1.0,0.0,0,0,0.0,0.0,0.0,0.0,0.0,0.0,0.0,0.0,0.0,0,0,0,0.5,0.5,0.5,0.5,0.5,0.5,0.5,0.5,0.5,1,0,0,neutral,Unknown,individual,unknown,original,no,0,0,0,0,0,0,0,0,0,0,0,0
365,266,354,6022,0.751412429378531,16.4986301369863,0,0,0.5,1.0,0.0,0,0,0.0,0.0,0.0,0.0,0.0,0.0,0.0,0.0,0.0,0,0,0,0.5,0.5,0.5,0.5,0.5,0.5,0.5,0.5,0.5,1,0,0,neutral,Unknown,individual,unknown,original,no,0,0,0,0,0,0,0,0,0,0,0,1
365,286,564,3915,0.5070921985815603,10.726027397260275,0,0,0.5,1.0,0.0,0,0,0.0,0.0,0.0,0.0,0.0,0.0,0.0,0.0,0.0,0,0,0,0.5,0.5,0.5,0.5,0.5,0.5,0.5,0.5,0.5,1,0,0,neutral,Unknown,individual,unknown,original,no,0,0,0,0,0,0,0,0,0,0,0,1
365,26,48,2175,0.5416666666666666,5.958904109589041,0,0,0.5,1.0,0.0,0,0,0.0,0.0,0.0,0.0,0.0,0.0,0.0,0.0,0.0,0,0,0,0.5,0.5,0.5,0.5,0.5,0.5,0.5,0.5,0.5,1,0,0,neutral,Unknown,individual,unknown,original,no,0,0,0,0,0,0,0,0,0,0,0,0
365,15,24,496,0.625,1.358904109589041,0,0,0.5,1.0,0.0,0,0,0.0,0.0,0.0,0.0,0.0,0.0,0.0,0.0,0.0,0,0,0,0.5,0.5,0.5,0.5,0.5,0.5,0.5,0.5,0.5,1,0,0,neutral,Unknown,individual,unknown,original,no,0,0,0,0,0,0,0,0,0,0,0,1
365,19,52,1469,0.36538461538461536,4.024657534246575,0,0,0.5,1.0,0.0,0,0,0.0,0.0,0.0,0.0,0.0,0.0,0.0,0.0,0.0,0,0,0,0.5,0.5,0.5,0.5,0.5,0.5,0.5,0.5,0.5,1,0,0,neutral,Unknown,individual,unknown,original,no,0,0,0,0,0,0,0,0,0,0,0,0
365,604,134,8554,4.507462686567164,23.435616438356163,0,0,0.5,1.0,0.0,0,0,0.0,0.0,0.0,0.0,0.0,0.0,0.0,0.0,0.0,0,0,0,0.5,0.5,0.5,0.5,0.5,0.5,0.5,0.5,0.5,1,0,0,neutral,Unknown,individual,unknown,original,no,0,0,0,0,0,0,0,0,0,0,0,1
365,286,527,35242,0.5426944971537002,96.55342465753425,0,0,0.5,1.0,0.0,0,0,0.0,0.0,0.0,0.0,0.0,0.0,0.0,0.0,0.0,0,0,0,0.5,0.5,0.5,0.5,0.5,0.5,0.5,0.5,0.5,1,0,0,neutral,Unknown,individual,unknown,original,no,0,0,0,0,0,0,0,0,0,0,0,0
365,229,159,9495,1.440251572327044,26.013698630136986,0,0,0.5,1.0,0.0,0,0,0.0,0.0,0.0,0.0,0.0,0.0,0.0,0.0,0.0,0,0,0,0.5,0.5,0.5,0.5,0.5,0.5,0.5,0.5,0.5,1,0,0,neutral,Unknown,individual,unknown,original,no,0,0,0,0,0,0,0,0,0,0,0,0
365,908,685,12680,1.3255474452554745,34.73972602739726,0,0,0.5,1.0,0.0,0,0,0.0,0.0,0.0,0.0,0.0,0.0,0.0,0.0,0.0,0,0,0,0.5,0.5,0.5,0.5,0.5,0.5,0.5,0.5,0.5,1,0,0,neutral,Unknown,individual,unknown,original,no,0,0,0,0,0,0,0,0,0,0,0,0
365,314,642,16895,0.48909657320872274,46.28767123287671,0,0,0.5,1.0,0.0,0,0,0.0,0.0,0.0,0.0,0.0,0.0,0.0,0.0,0.0,0,0,0,0.5,0.5,0.5,0.5,0.5,0.5,0.5,0.5,0.5,1,0,0,neutral,Unknown,individual,unknown,original,no,0,0,0,0,0,0,0,0,0,0,0,1
365,856,2713,53970,0.3155178768890527,147.86301369863014,0,0,0.5,1.0,0.0,0,0,0.0,0.0,0.0,0.0,0.0,0.0,0.0,0.0,0.0,0,0,0,0.5,0.5,0.5,0.5,0.5,0.5,0.5,0.5,0.5,1,0,0,neutral,Unknown,individual,unknown,original,no,0,0,0,0,0,0,0,0,0,0,0,0
365,543,2247,4383,0.2416555407209613,12.008219178082191,0,0,0.5,1.0,0.0,0,0,0.0,0.0,0.0,0.0,0.0,0.0,0.0,0.0,0.0,0,0,0,0.5,0.5,0.5,0.5,0.5,0.5,0.5,0.5,0.5,1,0,0,neutral,Unknown,individual,unknown,original,no,0,0,0,0,0,0,0,0,0,0,0,0
365,349,242,15138,1.4421487603305785,41.47397260273973,0,0,0.5,1.0,0.0,0,0,0.0,0.0,0.0,0.0,0.0,0.0,0.0,0.0,0.0,0,0,0,0.5,0.5,0.5,0.5,0.5,0.5,0.5,0.5,0.5,1,0,0,neutral,Unknown,individual,unknown,original,no,0,0,0,0,0,0,0,0,0,0,0,0
365,148,76,4801,1.9473684210526316,13.153424657534247,0,0,0.5,1.0,0.0,0,0,0.0,0.0,0.0,0.0,0.0,0.0,0.0,0.0,0.0,0,0,0,0.5,0.5,0.5,0.5,0.5,0.5,0.5,0.5,0.5,1,0,0,neutral,Unknown,individual,unknown,original,no,0,0,0,0,0,0,0,0,0,0,0,1
365,6037,5330,5296,1.1326454033771107,14.509589041095891,0,0,0.5,1.0,0.0,0,0,0.0,0.0,0.0,0.0,0.0,0.0,0.0,0.0,0.0,0,0,0,0.5,0.5,0.5,0.5,0.5,0.5,0.5,0.5,0.5,1,0,0,neutral,Unknown,individual,unknown,original,no,0,0,0,0,0,0,0,0,0,0,0,1
365,7,10,4111,0.7,11.263013698630138,0,0,0.5,1.0,0.0,0,0,0.0,0.0,0.0,0.0,0.0,0.0,0.0,0.0,0.0,0,0,0,0.5,0.5,0.5,0.5,0.5,0.5,0.5,0.5,0.5,1,0,0,neutral,Unknown,individual,unknown,original,no,0,0,0,0,0,0,0,0,0,0,0,1
365,642,430,8350,1.4930232558139536,22.876712328767123,0,0,0.5,1.0,0.0,0,0,0.0,0.0,0.0,0.0,0.0,0.0,0.0,0.0,0.0,0,0,0,0.5,0.5,0.5,0.5,0.5,0.5,0.5,0.5,0.5,1,0,0,neutral,Unknown,individual,unknown,original,no,0,0,0,0,0,0,0,0,0,0,0,0
365,216,214,2455,1.0093457943925233,6.726027397260274,0,0,0.5,1.0,0.0,0,0,0.0,0.0,0.0,0.0,0.0,0.0,0.0,0.0,0.0,0,0,0,0.5,0.5,0.5,0.5,0.5,0.5,0.5,0.5,0.5,1,0,0,neutral,Unknown,individual,unknown,original,no,0,0,0,0,0,0,0,0,0,0,0,0
365,93,192,6181,0.484375,16.934246575342467,0,0,0.5,1.0,0.0,0,0,0.0,0.0,0.0,0.0,0.0,0.0,0.0,0.0,0.0,0,0,0,0.5,0.5,0.5,0.5,0.5,0.5,0.5,0.5,0.5,1,0,0,neutral,Unknown,individual,unknown,original,no,0,0,0,0,0,0,0,0,0,0,0,1
365,365,270,14922,1.3518518518518519,40.88219178082192,0,0,0.5,1.0,0.0,0,0,0.0,0.0,0.0,0.0,0.0,0.0,0.0,0.0,0.0,0,0,0,0.5,0.5,0.5,0.5,0.5,0.5,0.5,0.5,0.5,1,0,0,neutral,Unknown,individual,unknown,original,no,0,0,0,0,0,0,0,0,0,0,0,1
365,38,98,346,0.3877551020408163,0.947945205479452,0,0,0.5,1.0,0.0,0,0,0.0,0.0,0.0,0.0,0.0,0.0,0.0,0.0,0.0,0,0,0,0.5,0.5,0.5,0.5,0.5,0.5,0.5,0.5,0.5,1,0,0,neutral,Unknown,individual,unknown,original,no,0,0,0,0,0,0,0,0,0,0,0,1
365,716,0,27901,0.0,76.44109589041096,0,0,0.5,1.0,0.0,0,0,0.0,0.0,0.0,0.0,0.0,0.0,0.0,0.0,0.0,0,0,0,0.5,0.5,0.5,0.3,0.5,0.5,0.5,0.42000000000000004,0.5,1,0,0,neutral,Unknown,individual,unknown,original,no,0,0,0,0,0,0,0,0,0,0,0,1
365,2404,1321,10221,1.8198334595003784,28.002739726027396,0,0,0.5,1.0,0.0,0,0,0.0,0.0,0.0,0.0,0.0,0.0,0.0,0.0,0.0,0,0,0,0.5,0.5,0.5,0.5,0.5,0.5,0.5,0.5,0.5,1,0,0,neutral,Unknown,individual,unknown,original,no,0,0,0,0,0,0,0,0,0,0,0,0
365,418,831,5110,0.5030084235860409,14.0,0,0,0.5,1.0,0.0,0,0,0.0,0.0,0.0,0.0,0.0,0.0,0.0,0.0,0.0,0,0,0,0.5,0.5,0.5,0.5,0.5,0.5,0.5,0.5,0.5,1,0,0,neutral,Unknown,individual,unknown,original,no,0,0,0,0,0,0,0,0,0,0,0,1
365,2476,1725,116571,1.4353623188405797,319.372602739726,0,0,0.5,1.0,0.0,0,0,0.0,0.0,0.0,0.0,0.0,0.0,0.0,0.0,0.0,0,0,0,0.5,0.5,0.5,0.5,0.5,0.5,0.5,0.5,0.5,1,0,0,neutral,Unknown,individual,unknown,original,no,0,0,0,0,0,0,0,0,0,0,0,0
365,313,291,14741,1.0756013745704467,40.38630136986301,0,0,0.5,1.0,0.0,0,0,0.0,0.0,0.0,0.0,0.0,0.0,0.0,0.0,0.0,0,0,0,0.5,0.5,0.5,0.5,0.5,0.5,0.5,0.5,0.5,1,0,0,neutral,Unknown,individual,unknown,original,no,0,0,0,0,0,0,0,0,0,0,0,0
365,179,261,3893,0.685823754789272,10.665753424657535,0,0,0.5,1.0,0.0,0,0,0.0,0.0,0.0,0.0,0.0,0.0,0.0,0.0,0.0,0,0,0,0.5,0.5,0.5,0.5,0.5,0.5,0.5,0.5,0.5,1,0,0,neutral,Unknown,individual,unknown,original,no,0,0,0,0,0,0,0,0,0,0,0,0
365,904,169,9628,5.349112426035503,26.378082191780823,0,0,0.5,1.0,0.0,0,0,0.0,0.0,0.0,0.0,0.0,0.0,0.0,0.0,0.0,0,0,0,0.5,0.5,0.5,0.5,0.5,0.5,0.5,0.5,0.5,1,0,0,neutral,Unknown,individual,unknown,original,no,0,0,0,0,0,0,0,0,0,0,0,1
365,16914,3750,19248,4.5104,52.73424657534247,0,0,0.5,1.0,0.0,0,0,0.0,0.0,0.0,0.0,0.0,0.0,0.0,0.0,0.0,0,0,0,0.5,0.5,0.5,0.5,0.5,0.5,0.5,0.5,0.5,1,0,0,neutral,Unknown,individual,unknown,original,no,0,0,0,0,0,0,0,0,0,0,0,0
365,2934,282,41167,10.404255319148936,112.78630136986301,0,0,0.5,1.0,0.0,0,0,0.0,0.0,0.0,0.0,0.0,0.0,0.0,0.0,0.0,0,0,0,0.5,0.5,0.5,0.5,0.5,0.5,0.5,0.5,0.5,1,0,0,neutral,Unknown,individual,unknown,original,no,0,0,0,0,0,0,0,0,0,0,0,0
365,16,19,838,0.8421052631578947,2.2958904109589042,0,0,0.5,1.0,0.0,0,0,0.0,0.0,0.0,0.0,0.0,0.0,0.0,0.0,0.0,0,0,0,0.5,0.5,0.5,0.5,0.5,0.5,0.5,0.5,0.5,1,0,0,neutral,Unknown,individual,unknown,original,no,0,0,0,0,0,0,0,0,0,0,0,0
365,4239,1306,109609,3.2457886676875956,300.2986301369863,0,0,0.5,1.0,0.0,0,0,0.0,0.0,0.0,0.0,0.0,0.0,0.0,0.0,0.0,0,0,0,0.5,0.5,0.5,0.5,0.5,0.5,0.5,0.5,0.5,1,0,0,neutral,Unknown,individual,unknown,original,no,0,0,0,0,0,0,0,0,0,0,0,0
365,56,118,3470,0.4745762711864407,9.506849315068493,0,0,0.5,1.0,0.0,0,0,0.0,0.0,0.0,0.0,0.0,0.0,0.0,0.0,0.0,0,0,0,0.5,0.5,0.5,0.5,0.5,0.5,0.5,0.5,0.5,1,0,0,neutral,Unknown,individual,unknown,original,no,0,0,0,0,0,0,0,0,0,0,0,0
365,464,367,24105,1.2643051771117166,66.04109589041096,0,0,0.5,1.0,0.0,0,0,0.0,0.0,0.0,0.0,0.0,0.0,0.0,0.0,0.0,0,0,0,0.5,0.5,0.5,0.5,0.5,0.5,0.5,0.5,0.5,1,0,0,neutral,Unknown,individual,unknown,original,no,0,0,0,0,0,0,0,0,0,0,0,0
365,14,15,1526,0.9333333333333333,4.1808219178082195,0,0,0.5,1.0,0.0,0,0,0.0,0.0,0.0,0.0,0.0,0.0,0.0,0.0,0.0,0,0,0,0.5,0.5,0.5,0.5,0.5,0.5,0.5,0.5,0.5,1,0,0,neutral,Unknown,individual,unknown,original,no,0,0,0,0,0,0,0,0,0,0,0,1
365,157,264,1660,0.5946969696969697,4.5479452054794525,0,0,0.5,1.0,0.0,0,0,0.0,0.0,0.0,0.0,0.0,0.0,0.0,0.0,0.0,0,0,0,0.5,0.5,0.5,0.5,0.5,0.5,0.5,0.5,0.5,1,0,0,neutral,Unknown,individual,unknown,original,no,0,0,0,0,0,0,0,0,0,0,0,1
365,596,411,12248,1.4501216545012166,33.556164383561644,0,0,0.5,1.0,0.0,0,0,0.0,0.0,0.0,0.0,0.0,0.0,0.0,0.0,0.0,0,0,0,0.5,0.5,0.5,0.5,0.5,0.5,0.5,0.5,0.5,1,0,0,neutral,Unknown,individual,unknown,original,no,0,0,0,0,0,0,0,0,0,0,0,0
365,132,191,5821,0.6910994764397905,15.947945205479453,0,0,0.5,1.0,0.0,0,0,0.0,0.0,0.0,0.0,0.0,0.0,0.0,0.0,0.0,0,0,0,0.5,0.5,0.5,0.5,0.5,0.5,0.5,0.5,0.5,1,0,0,neutral,Unknown,individual,unknown,original,no,0,0,0,0,0,0,0,0,0,0,0,1
365,158,59,4645,2.6779661016949152,12.726027397260275,0,0,0.5,1.0,0.0,0,0,0.0,0.0,0.0,0.0,0.0,0.0,0.0,0.0,0.0,0,0,0,0.5,0.5,0.5,0.5,0.5,0.5,0.5,0.5,0.5,1,0,0,neutral,Unknown,individual,unknown,original,no,0,0,0,0,0,0,0,0,0,0,0,1
365,108,121,7930,0.8925619834710744,21.726027397260275,0,0,0.5,1.0,0.0,0,0,0.0,0.0,0.0,0.0,0.0,0.0,0.0,0.0,0.0,0,0,0,0.5,0.5,0.5,0.5,0.5,0.5,0.5,0.5,0.5,1,0,0,neutral,Unknown,individual,unknown,original,no,0,0,0,0,0,0,0,0,0,0,0,0
365,388,863,6624,0.4495944380069525,18.147945205479452,0,0,0.5,1.0,0.0,0,0,0.0,0.0,0.0,0.0,0.0,0.0,0.0,0.0,0.0,0,0,0,0.5,0.5,0.5,0.5,0.5,0.5,0.5,0.5,0.5,1,0,0,neutral,Unknown,individual,unknown,original,no,0,0,0,0,0,0,0,0,0,0,0,1
365,12989,1991,54873,6.523857358111502,150.33698630136988,0,0,0.5,1.0,0.0,0,0,0.0,0.0,0.0,0.0,0.0,0.0,0.0,0.0,0.0,0,0,0,0.5,0.5,0.5,0.5,0.5,0.5,0.5,0.5,0.5,1,0,0,neutral,Unknown,individual,unknown,original,no,0,0,0,0,0,0,0,0,0,0,0,0
365,260,142,8321,1.8309859154929577,22.797260273972604,0,0,0.5,1.0,0.0,0,0,0.0,0.0,0.0,0.0,0.0,0.0,0.0,0.0,0.0,0,0,0,0.5,0.5,0.5,0.5,0.5,0.5,0.5,0.5,0.5,1,0,0,neutral,Unknown,individual,unknown,original,no,0,0,0,0,0,0,0,0,0,0,0,1
365,493,968,5350,0.5092975206611571,14.657534246575343,0,0,0.5,1.0,0.0,0,0,0.0,0.0,0.0,0.0,0.0,0.0,0.0,0.0,0.0,0,0,0,0.5,0.5,0.5,0.5,0.5,0.5,0.5,0.5,0.5,1,0,0,neutral,Unknown,individual,unknown,original,no,0,0,0,0,0,0,0,0,0,0,0,0
365,175,1,40035,175.0,109.68493150684931,0,0,0.5,1.0,0.0,0,0,0.0,0.0,0.0,0.0,0.0,0.0,0.0,0.0,0.0,0,0,0,0.5,0.5,0.5,0.4,0.5,0.5,0.5,0.4600000000000001,0.5,1,0,0,neutral,Unknown,individual,unknown,original,no,0,0,0,0,0,0,0,0,0,0,0,1
365,2860,4316,40178,0.6626506024096386,110.07671232876713,0,0,0.5,1.0,0.0,0,0,0.0,0.0,0.0,0.0,0.0,0.0,0.0,0.0,0.0,0,0,0,0.5,0.5,0.5,0.5,0.5,0.5,0.5,0.5,0.5,1,0,0,neutral,Unknown,individual,unknown,original,no,0,0,0,0,0,0,0,0,0,0,0,0
365,769,719,4298,1.0695410292072323,11.775342465753425,0,0,0.5,1.0,0.0,0,0,0.0,0.0,0.0,0.0,0.0,0.0,0.0,0.0,0.0,0,0,0,0.5,0.5,0.5,0.5,0.5,0.5,0.5,0.5,0.5,1,0,0,neutral,Unknown,individual,unknown,original,no,0,0,0,0,0,0,0,0,0,0,0,0
365,1238,1424,60803,0.8693820224719101,166.58356164383562,0,0,0.5,1.0,0.0,0,0,0.0,0.0,0.0,0.0,0.0,0.0,0.0,0.0,0.0,0,0,0,0.5,0.5,0.5,0.5,0.5,0.5,0.5,0.5,0.5,1,0,0,neutral,Unknown,individual,unknown,original,no,0,0,0,0,0,0,0,0,0,0,0,0
365,1231,4937,21431,0.24934170548916346,58.71506849315068,0,0,0.5,1.0,0.0,0,0,0.0,0.0,0.0,0.0,0.0,0.0,0.0,0.0,0.0,0,0,0,0.5,0.5,0.5,0.5,0.5,0.5,0.5,0.5,0.5,1,0,0,neutral,Unknown,individual,unknown,original,no,0,0,0,0,0,0,0,0,0,0,0,1
365,15,42,352,0.35714285714285715,0.9643835616438357,0,0,0.5,1.0,0.0,0,0,0.0,0.0,0.0,0.0,0.0,0.0,0.0,0.0,0.0,0,0,0,0.5,0.5,0.5,0.5,0.5,0.5,0.5,0.5,0.5,1,0,0,neutral,Unknown,individual,unknown,original,no,0,0,0,0,0,0,0,0,0,0,0,1
365,592,1231,5176,0.4809098294069862,14.180821917808219,0,0,0.5,1.0,0.0,0,0,0.0,0.0,0.0,0.0,0.0,0.0,0.0,0.0,0.0,0,0,0,0.5,0.5,0.5,0.5,0.5,0.5,0.5,0.5,0.5,1,0,0,neutral,Unknown,individual,unknown,original,no,0,0,0,0,0,0,0,0,0,0,0,0
365,157,254,3601,0.6181102362204725,9.865753424657534,0,0,0.5,1.0,0.0,0,0,0.0,0.0,0.0,0.0,0.0,0.0,0.0,0.0,0.0,0,0,0,0.5,0.5,0.5,0.5,0.5,0.5,0.5,0.5,0.5,1,0,0,neutral,Unknown,individual,unknown,original,no,0,0,0,0,0,0,0,0,0,0,0,1
365,693,1175,11021,0.5897872340425532,30.194520547945206,0,0,0.5,1.0,0.0,0,0,0.0,0.0,0.0,0.0,0.0,0.0,0.0,0.0,0.0,0,0,0,0.5,0.5,0.5,0.5,0.5,0.5,0.5,0.5,0.5,1,0,0,neutral,Unknown,individual,unknown,original,no,0,0,0,0,0,0,0,0,0,0,0,1
365,331,545,23667,0.6073394495412844,64.84109589041095,0,0,0.5,1.0,0.0,0,0,0.0,0.0,0.0,0.0,0.0,0.0,0.0,0.0,0.0,0,0,0,0.5,0.5,0.5,0.5,0.5,0.5,0.5,0.5,0.5,1,0,0,neutral,Unknown,individual,unknown,original,no,0,0,0,0,0,0,0,0,0,0,0,1
365,123,232,1518,0.5301724137931034,4.158904109589041,0,0,0.5,1.0,0.0,0,0,0.0,0.0,0.0,0.0,0.0,0.0,0.0,0.0,0.0,0,0,0,0.5,0.5,0.5,0.5,0.5,0.5,0.5,0.5,0.5,1,0,0,neutral,Unknown,individual,unknown,original,no,0,0,0,0,0,0,0,0,0,0,0,0
365,150,472,1945,0.3177966101694915,5.328767123287672,0,0,0.5,1.0,0.0,0,0,0.0,0.0,0.0,0.0,0.0,0.0,0.0,0.0,0.0,0,0,0,0.5,0.5,0.5,0.5,0.5,0.5,0.5,0.5,0.5,1,0,0,neutral,Unknown,individual,unknown,original,no,0,0,0,0,0,0,0,0,0,0,0,0
365,363,0,4976,0.0,13.632876712328768,0,0,0.5,1.0,0.0,0,0,0.0,0.0,0.0,0.0,0.0,0.0,0.0,0.0,0.0,0,0,0,0.5,0.5,0.5,0.3,0.5,0.5,0.5,0.42000000000000004,0.5,1,0,0,neutral,Unknown,individual,unknown,original,no,0,0,0,0,0,0,0,0,0,0,0,1
365,528,428,10534,1.233644859813084,28.86027397260274,0,0,0.5,1.0,0.0,0,0,0.0,0.0,0.0,0.0,0.0,0.0,0.0,0.0,0.0,0,0,0,0.5,0.5,0.5,0.5,0.5,0.5,0.5,0.5,0.5,1,0,0,neutral,Unknown,individual,unknown,original,no,0,0,0,0,0,0,0,0,0,0,0,1
365,281,245,11036,1.146938775510204,30.235616438356164,0,0,0.5,1.0,0.0,0,0,0.0,0.0,0.0,0.0,0.0,0.0,0.0,0.0,0.0,0,0,0,0.5,0.5,0.5,0.5,0.5,0.5,0.5,0.5,0.5,1,0,0,neutral,Unknown,individual,unknown,original,no,0,0,0,0,0,0,0,0,0,0,0,0
365,395,184,5743,2.1467391304347827,15.734246575342466,0,0,0.5,1.0,0.0,0,0,0.0,0.0,0.0,0.0,0.0,0.0,0.0,0.0,0.0,0,0,0,0.5,0.5,0.5,0.5,0.5,0.5,0.5,0.5,0.5,1,0,0,neutral,Unknown,individual,unknown,original,no,0,0,0,0,0,0,0,0,0,0,0,1
365,131,84,16301,1.5595238095238095,44.66027397260274,0,0,0.5,1.0,0.0,0,0,0.0,0.0,0.0,0.0,0.0,0.0,0.0,0.0,0.0,0,0,0,0.5,0.5,0.5,0.5,0.5,0.5,0.5,0.5,0.5,1,0,0,neutral,Unknown,individual,unknown,original,no,0,0,0,0,0,0,0,0,0,0,0,1
365,443,674,14053,0.6572700296735905,38.5013698630137,0,0,0.5,1.0,0.0,0,0,0.0,0.0,0.0,0.0,0.0,0.0,0.0,0.0,0.0,0,0,0,0.5,0.5,0.5,0.5,0.5,0.5,0.5,0.5,0.5,1,0,0,neutral,Unknown,individual,unknown,original,no,0,0,0,0,0,0,0,0,0,0,0,0
365,292,148,6228,1.972972972972973,17.063013698630137,0,0,0.5,1.0,0.0,0,0,0.0,0.0,0.0,0.0,0.0,0.0,0.0,0.0,0.0,0,0,0,0.5,0.5,0.5,0.5,0.5,0.5,0.5,0.5,0.5,1,0,0,neutral,Unknown,individual,unknown,original,no,0,0,0,0,0,0,0,0,0,0,0,0
365,78,16,1606,4.875,4.4,0,0,0.5,1.0,0.0,0,0,0.0,0.0,0.0,0.0,0.0,0.0,0.0,0.0,0.0,0,0,0,0.5,0.5,0.5,0.5,0.5,0.5,0.5,0.5,0.5,1,0,0,neutral,Unknown,individual,unknown,original,no,0,0,0,0,0,0,0,0,0,0,0,1
365,144,69,4766,2.0869565217391304,13.057534246575342,0,0,0.5,1.0,0.0,0,0,0.0,0.0,0.0,0.0,0.0,0.0,0.0,0.0,0.0,0,0,0,0.5,0.5,0.5,0.5,0.5,0.5,0.5,0.5,0.5,1,0,0,neutral,Unknown,individual,unknown,original,no,0,0,0,0,0,0,0,0,0,0,0,1
365,2495,1464,89783,1.7042349726775956,245.9808219178082,0,0,0.5,1.0,0.0,0,0,0.0,0.0,0.0,0.0,0.0,0.0,0.0,0.0,0.0,0,0,0,0.5,0.5,0.5,0.5,0.5,0.5,0.5,0.5,0.5,1,0,0,neutral,Unknown,individual,unknown,original,no,0,0,0,0,0,0,0,0,0,0,0,0
365,1475,1946,57298,0.7579650565262076,156.9808219178082,0,0,0.5,1.0,0.0,0,0,0.0,0.0,0.0,0.0,0.0,0.0,0.0,0.0,0.0,0,0,0,0.5,0.5,0.5,0.5,0.5,0.5,0.5,0.5,0.5,1,0,0,neutral,Unknown,individual,unknown,original,no,0,0,0,0,0,0,0,0,0,0,0,0
365,343,38,97414,9.026315789473685,266.8876712328767,0,0,0.5,1.0,0.0,0,0,0.0,0.0,0.0,0.0,0.0,0.0,0.0,0.0,0.0,0,0,0,0.5,0.5,0.5,0.5,0.5,0.5,0.5,0.5,0.5,1,0,0,neutral,Unknown,individual,unknown,original,no,0,0,0,0,0,0,0,0,0,0,0,0
365,19,16,98,1.1875,0.2684931506849315,0,0,0.5,1.0,0.0,0,0,0.0,0.0,0.0,0.0,0.0,0.0,0.0,0.0,0.0,0,0,0,0.5,0.5,0.5,0.5,0.5,0.5,0.5,0.5,0.5,1,0,0,neutral,Unknown,individual,unknown,original,no,0,0,0,0,0,0,0,0,0,0,0,0
365,2201,1113,130575,1.9775381850853548,357.73972602739724,0,0,0.5,1.0,0.0,0,0,0.0,0.0,0.0,0.0,0.0,0.0,0.0,0.0,0.0,0,0,0,0.5,0.5,0.5,0.5,0.5,0.5,0.5,0.5,0.5,1,0,0,neutral,Unknown,individual,unknown,original,no,0,0,0,0,0,0,0,0,0,0,0,1
365,79950,32566,97642,2.455014432229933,267.5123287671233,0,0,0.5,1.0,0.0,0,0,0.0,0.0,0.0,0.0,0.0,0.0,0.0,0.0,0.0,0,0,0,0.5,0.5,0.5,0.5,0.5,0.5,0.5,0.5,0.5,1,0,0,neutral,Unknown,individual,unknown,original,no,0,0,0,0,0,0,0,0,0,0,0,0
365,4,8,4853,0.5,13.295890410958904,0,0,0.5,1.0,0.0,0,0,0.0,0.0,0.0,0.0,0.0,0.0,0.0,0.0,0.0,0,0,0,0.5,0.5,0.5,0.5,0.5,0.5,0.5,0.5,0.5,1,0,0,neutral,Unknown,individual,unknown,original,no,0,0,0,0,0,0,0,0,0,0,0,1
365,107,516,3241,0.20736434108527133,8.87945205479452,0,0,0.5,1.0,0.0,0,0,0.0,0.0,0.0,0.0,0.0,0.0,0.0,0.0,0.0,0,0,0,0.5,0.5,0.5,0.5,0.5,0.5,0.5,0.5,0.5,1,0,0,neutral,Unknown,individual,unknown,original,no,0,0,0,0,0,0,0,0,0,0,0,0
365,415,693,12190,0.5988455988455988,33.397260273972606,0,0,0.5,1.0,0.0,0,0,0.0,0.0,0.0,0.0,0.0,0.0,0.0,0.0,0.0,0,0,0,0.5,0.5,0.5,0.5,0.5,0.5,0.5,0.5,0.5,1,0,0,neutral,Unknown,individual,unknown,original,no,0,0,0,0,0,0,0,0,0,0,0,1
365,329,445,3195,0.7393258426966293,8.753424657534246,0,0,0.5,1.0,0.0,0,0,0.0,0.0,0.0,0.0,0.0,0.0,0.0,0.0,0.0,0,0,0,0.5,0.5,0.5,0.5,0.5,0.5,0.5,0.5,0.5,1,0,0,neutral,Unknown,individual,unknown,original,no,0,0,0,0,0,0,0,0,0,0,0,1
365,16,9,465,1.7777777777777777,1.273972602739726,0,0,0.5,1.0,0.0,0,0,0.0,0.0,0.0,0.0,0.0,0.0,0.0,0.0,0.0,0,0,0,0.5,0.5,0.5,0.5,0.5,0.5,0.5,0.5,0.5,1,0,0,neutral,Unknown,individual,unknown,original,no,0,0,0,0,0,0,0,0,0,0,0,1
365,533,1004,7557,0.5308764940239044,20.704109589041096,0,0,0.5,1.0,0.0,0,0,0.0,0.0,0.0,0.0,0.0,0.0,0.0,0.0,0.0,0,0,0,0.5,0.5,0.5,0.5,0.5,0.5,0.5,0.5,0.5,1,0,0,neutral,Unknown,individual,unknown,original,no,0,0,0,0,0,0,0,0,0,0,0,1
365,129,425,8892,0.3035294117647059,24.361643835616437,0,0,0.5,1.0,0.0,0,0,0.0,0.0,0.0,0.0,0.0,0.0,0.0,0.0,0.0,0,0,0,0.5,0.5,0.5,0.5,0.5,0.5,0.5,0.5,0.5,1,0,0,neutral,Unknown,individual,unknown,original,no,0,0,0,0,0,0,0,0,0,0,0,0
365,545,740,75615,0.7364864864864865,207.16438356164383,0,0,0.5,1.0,0.0,0,0,0.0,0.0,0.0,0.0,0.0,0.0,0.0,0.0,0.0,0,0,0,0.5,0.5,0.5,0.5,0.5,0.5,0.5,0.5,0.5,1,0,0,neutral,Unknown,individual,unknown,original,no,0,0,0,0,0,0,0,0,0,0,0,0
365,473,969,19663,0.48813209494324045,53.87123287671233,0,0,0.5,1.0,0.0,0,0,0.0,0.0,0.0,0.0,0.0,0.0,0.0,0.0,0.0,0,0,0,0.5,0.5,0.5,0.5,0.5,0.5,0.5,0.5,0.5,1,0,0,neutral,Unknown,individual,unknown,original,no,0,0,0,0,0,0,0,0,0,0,0,0
365,97,16,6194,6.0625,16.96986301369863,0,0,0.5,1.0,0.0,0,0,0.0,0.0,0.0,0.0,0.0,0.0,0.0,0.0,0.0,0,0,0,0.5,0.5,0.5,0.5,0.5,0.5,0.5,0.5,0.5,1,0,0,neutral,Unknown,individual,unknown,original,no,0,0,0,0,0,0,0,0,0,0,0,1
365,185,253,20183,0.7312252964426877,55.295890410958904,0,0,0.5,1.0,0.0,0,0,0.0,0.0,0.0,0.0,0.0,0.0,0.0,0.0,0.0,0,0,0,0.5,0.5,0.5,0.5,0.5,0.5,0.5,0.5,0.5,1,0,0,neutral,Unknown,individual,unknown,original,no,0,0,0,0,0,0,0,0,0,0,0,1
365,303,673,14335,0.45022288261515603,39.273972602739725,0,0,0.5,1.0,0.0,0,0,0.0,0.0,0.0,0.0,0.0,0.0,0.0,0.0,0.0,0,0,0,0.5,0.5,0.5,0.5,0.5,0.5,0.5,0.5,0.5,1,0,0,neutral,Unknown,individual,unknown,original,no,0,0,0,0,0,0,0,0,0,0,0,1
365,595,1759,6938,0.3382603752131893,19.008219178082193,0,0,0.5,1.0,0.0,0,0,0.0,0.0,0.0,0.0,0.0,0.0,0.0,0.0,0.0,0,0,0,0.5,0.5,0.5,0.5,0.5,0.5,0.5,0.5,0.5,1,0,0,neutral,Unknown,individual,unknown,original,no,0,0,0,0,0,0,0,0,0,0,0,0
365,292,615,5039,0.47479674796747967,13.805479452054794,0,0,0.5,1.0,0.0,0,0,0.0,0.0,0.0,0.0,0.0,0.0,0.0,0.0,0.0,0,0,0,0.5,0.5,0.5,0.5,0.5,0.5,0.5,0.5,0.5,1,0,0,neutral,Unknown,individual,unknown,original,no,0,0,0,0,0,0,0,0,0,0,0,1
365,772,657,10620,1.1750380517503805,29.095890410958905,0,0,0.5,1.0,0.0,0,0,0.0,0.0,0.0,0.0,0.0,0.0,0.0,0.0,0.0,0,0,0,0.5,0.5,0.5,0.5,0.5,0.5,0.5,0.5,0.5,1,0,0,neutral,Unknown,individual,unknown,original,no,0,0,0,0,0,0,0,0,0,0,0,0
365,183,333,7708,0.5495495495495496,21.117808219178084,0,0,0.5,1.0,0.0,0,0,0.0,0.0,0.0,0.0,0.0,0.0,0.0,0.0,0.0,0,0,0,0.5,0.5,0.5,0.5,0.5,0.5,0.5,0.5,0.5,1,0,0,neutral,Unknown,individual,unknown,original,no,0,0,0,0,0,0,0,0,0,0,0,0
365,65,0,11460,0.0,31.397260273972602,0,0,0.5,1.0,0.0,0,0,0.0,0.0,0.0,0.0,0.0,0.0,0.0,0.0,0.0,0,0,0,0.5,0.5,0.5,0.3,0.5,0.5,0.5,0.42000000000000004,0.5,1,0,0,neutral,Unknown,individual,unknown,original,no,0,0,0,0,0,0,0,0,0,0,0,1
365,28,34,1458,0.8235294117647058,3.9945205479452053,0,0,0.5,1.0,0.0,0,0,0.0,0.0,0.0,0.0,0.0,0.0,0.0,0.0,0.0,0,0,0,0.5,0.5,0.5,0.5,0.5,0.5,0.5,0.5,0.5,1,0,0,neutral,Unknown,individual,unknown,original,no,0,0,0,0,0,0,0,0,0,0,0,1
365,666,966,20427,0.6894409937888198,55.964383561643835,0,0,0.5,1.0,0.0,0,0,0.0,0.0,0.0,0.0,0.0,0.0,0.0,0.0,0.0,0,0,0,0.5,0.5,0.5,0.5,0.5,0.5,0.5,0.5,0.5,1,0,0,neutral,Unknown,individual,unknown,original,no,0,0,0,0,0,0,0,0,0,0,0,0
365,565,804,26654,0.7027363184079602,73.02465753424657,0,0,0.5,1.0,0.0,0,0,0.0,0.0,0.0,0.0,0.0,0.0,0.0,0.0,0.0,0,0,0,0.5,0.5,0.5,0.5,0.5,0.5,0.5,0.5,0.5,1,0,0,neutral,Unknown,individual,unknown,original,no,0,0,0,0,0,0,0,0,0,0,0,1
365,165,152,5273,1.0855263157894737,14.446575342465753,0,0,0.5,1.0,0.0,0,0,0.0,0.0,0.0,0.0,0.0,0.0,0.0,0.0,0.0,0,0,0,0.5,0.5,0.5,0.5,0.5,0.5,0.5,0.5,0.5,1,0,0,neutral,Unknown,individual,unknown,original,no,0,0,0,0,0,0,0,0,0,0,0,1
365,41,168,1162,0.24404761904761904,3.1835616438356165,0,0,0.5,1.0,0.0,0,0,0.0,0.0,0.0,0.0,0.0,0.0,0.0,0.0,0.0,0,0,0,0.5,0.5,0.5,0.5,0.5,0.5,0.5,0.5,0.5,1,0,0,neutral,Unknown,individual,unknown,original,no,0,0,0,0,0,0,0,0,0,0,0,1
365,1065,109,62687,9.770642201834862,171.74520547945207,0,0,0.5,1.0,0.0,0,0,0.0,0.0,0.0,0.0,0.0,0.0,0.0,0.0,0.0,0,0,0,0.5,0.5,0.5,0.5,0.5,0.5,0.5,0.5,0.5,1,0,0,neutral,Unknown,individual,unknown,original,no,0,0,0,0,0,0,0,0,0,0,0,0
365,1312,1094,54465,1.1992687385740401,149.21917808219177,0,0,0.5,1.0,0.0,0,0,0.0,0.0,0.0,0.0,0.0,0.0,0.0,0.0,0.0,0,0,0,0.5,0.5,0.5,0.5,0.5,0.5,0.5,0.5,0.5,1,0,0,neutral,Unknown,individual,unknown,original,no,0,0,0,0,0,0,0,0,0,0,0,0
365,460,458,18552,1.0043668122270741,50.827397260273976,0,0,0.5,1.0,0.0,0,0,0.0,0.0,0.0,0.0,0.0,0.0,0.0,0.0,0.0,0,0,0,0.5,0.5,0.5,0.5,0.5,0.5,0.5,0.5,0.5,1,0,0,neutral,Unknown,individual,unknown,original,no,0,0,0,0,0,0,0,0,0,0,0,0
365,1536,2814,3326,0.5458422174840085,9.112328767123287,0,0,0.5,1.0,0.0,0,0,0.0,0.0,0.0,0.0,0.0,0.0,0.0,0.0,0.0,0,0,0,0.5,0.5,0.5,0.5,0.5,0.5,0.5,0.5,0.5,1,0,0,neutral,Unknown,individual,unknown,original,no,0,0,0,0,0,0,0,0,0,0,0,0
365,9,235,2085,0.03829787234042553,5.712328767123288,0,0,0.5,1.0,0.0,0,0,0.0,0.0,0.0,0.0,0.0,0.0,0.0,0.0,0.0,0,0,0,0.5,0.5,0.5,0.9,0.5,0.5,0.5,0.66,0.5,1,0,0,neutral,Unknown,individual,unknown,original,no,0,0,0,0,0,0,0,0,0,0,0,1
365,10,52,3198,0.19230769230769232,8.761643835616438,0,0,0.5,1.0,0.0,0,0,0.0,0.0,0.0,0.0,0.0,0.0,0.0,0.0,0.0,0,0,0,0.5,0.5,0.5,0.5,0.5,0.5,0.5,0.5,0.5,1,0,0,neutral,Unknown,individual,unknown,original,no,0,0,0,0,0,0,0,0,0,0,0,1
365,81,243,4337,0.3333333333333333,11.882191780821918,0,0,0.5,1.0,0.0,0,0,0.0,0.0,0.0,0.0,0.0,0.0,0.0,0.0,0.0,0,0,0,0.5,0.5,0.5,0.5,0.5,0.5,0.5,0.5,0.5,1,0,0,neutral,Unknown,individual,unknown,original,no,0,0,0,0,0,0,0,0,0,0,0,0
365,991,1473,29476,0.6727766463000678,80.75616438356164,0,0,0.5,1.0,0.0,0,0,0.0,0.0,0.0,0.0,0.0,0.0,0.0,0.0,0.0,0,0,0,0.5,0.5,0.5,0.5,0.5,0.5,0.5,0.5,0.5,1,0,0,neutral,Unknown,individual,unknown,original,no,0,0,0,0,0,0,0,0,0,0,0,0
365,33,137,924,0.24087591240875914,2.5315068493150683,0,0,0.5,1.0,0.0,0,0,0.0,0.0,0.0,0.0,0.0,0.0,0.0,0.0,0.0,0,0,0,0.5,0.5,0.5,0.5,0.5,0.5,0.5,0.5,0.5,1,0,0,neutral,Unknown,individual,unknown,original,no,0,0,0,0,0,0,0,0,0,0,0,0
365,829,747,42575,1.109772423025435,116.64383561643835,0,0,0.5,1.0,0.0,0,0,0.0,0.0,0.0,0.0,0.0,0.0,0.0,0.0,0.0,0,0,0,0.5,0.5,0.5,0.5,0.5,0.5,0.5,0.5,0.5,1,0,0,neutral,Unknown,individual,unknown,original,no,0,0,0,0,0,0,0,0,0,0,0,0
365,178,378,12342,0.4708994708994709,33.81369863013698,0,0,0.5,1.0,0.0,0,0,0.0,0.0,0.0,0.0,0.0,0.0,0.0,0.0,0.0,0,0,0,0.5,0.5,0.5,0.5,0.5,0.5,0.5,0.5,0.5,1,0,0,neutral,Unknown,individual,unknown,original,no,0,0,0,0,0,0,0,0,0,0,0,0
365,186,469,3068,0.39658848614072495,8.405479452054795,0,0,0.5,1.0,0.0,0,0,0.0,0.0,0.0,0.0,0.0,0.0,0.0,0.0,0.0,0,0,0,0.5,0.5,0.5,0.5,0.5,0.5,0.5,0.5,0.5,1,0,0,neutral,Unknown,individual,unknown,original,no,0,0,0,0,0,0,0,0,0,0,0,1
365,185,492,4936,0.37601626016260165,13.523287671232877,0,0,0.5,1.0,0.0,0,0,0.0,0.0,0.0,0.0,0.0,0.0,0.0,0.0,0.0,0,0,0,0.5,0.5,0.5,0.5,0.5,0.5,0.5,0.5,0.5,1,0,0,neutral,Unknown,individual,unknown,original,no,0,0,0,0,0,0,0,0,0,0,0,0
365,674,587,14990,1.1482112436115843,41.06849315068493,0,0,0.5,1.0,0.0,0,0,0.0,0.0,0.0,0.0,0.0,0.0,0.0,0.0,0.0,0,0,0,0.5,0.5,0.5,0.5,0.5,0.5,0.5,0.5,0.5,1,0,0,neutral,Unknown,individual,unknown,original,no,0,0,0,0,0,0,0,0,0,0,0,0
365,190,150,5796,1.2666666666666666,15.87945205479452,0,0,0.5,1.0,0.0,0,0,0.0,0.0,0.0,0.0,0.0,0.0,0.0,0.0,0.0,0,0,0,0.5,0.5,0.5,0.5,0.5,0.5,0.5,0.5,0.5,1,0,0,neutral,Unknown,individual,unknown,original,no,0,0,0,0,0,0,0,0,0,0,0,1
365,189,496,3472,0.3810483870967742,9.512328767123288,0,0,0.5,1.0,0.0,0,0,0.0,0.0,0.0,0.0,0.0,0.0,0.0,0.0,0.0,0,0,0,0.5,0.5,0.5,0.5,0.5,0.5,0.5,0.5,0.5,1,0,0,neutral,Unknown,individual,unknown,original,no,0,0,0,0,0,0,0,0,0,0,0,1
365,1041,1380,28522,0.7543478260869565,78.14246575342466,0,0,0.5,1.0,0.0,0,0,0.0,0.0,0.0,0.0,0.0,0.0,0.0,0.0,0.0,0,0,0,0.5,0.5,0.5,0.5,0.5,0.5,0.5,0.5,0.5,1,0,0,neutral,Unknown,individual,unknown,original,no,0,0,0,0,0,0,0,0,0,0,0,1
365,563,1371,3778,0.41064916119620715,10.35068493150685,0,0,0.5,1.0,0.0,0,0,0.0,0.0,0.0,0.0,0.0,0.0,0.0,0.0,0.0,0,0,0,0.5,0.5,0.5,0.5,0.5,0.5,0.5,0.5,0.5,1,0,0,neutral,Unknown,individual,unknown,original,no,0,0,0,0,0,0,0,0,0,0,0,0
365,579,2757,4903,0.2100108813928183,13.432876712328767,0,0,0.5,1.0,0.0,0,0,0.0,0.0,0.0,0.0,0.0,0.0,0.0,0.0,0.0,0,0,0,0.5,0.5,0.5,0.5,0.5,0.5,0.5,0.5,0.5,1,0,0,neutral,Unknown,individual,unknown,original,no,0,0,0,0,0,0,0,0,0,0,0,1
365,419,511,9448,0.8199608610567515,25.884931506849316,0,0,0.5,1.0,0.0,0,0,0.0,0.0,0.0,0.0,0.0,0.0,0.0,0.0,0.0,0,0,0,0.5,0.5,0.5,0.5,0.5,0.5,0.5,0.5,0.5,1,0,0,neutral,Unknown,individual,unknown,original,no,0,0,0,0,0,0,0,0,0,0,0,1
365,674,781,27072,0.8629961587708067,74.16986301369863,0,0,0.5,1.0,0.0,0,0,0.0,0.0,0.0,0.0,0.0,0.0,0.0,0.0,0.0,0,0,0,0.5,0.5,0.5,0.5,0.5,0.5,0.5,0.5,0.5,1,0,0,neutral,Unknown,individual,unknown,original,no,0,0,0,0,0,0,0,0,0,0,0,0
365,250,845,7509,0.2958579881656805,20.572602739726026,0,0,0.5,1.0,0.0,0,0,0.0,0.0,0.0,0.0,0.0,0.0,0.0,0.0,0.0,0,0,0,0.5,0.5,0.5,0.5,0.5,0.5,0.5,0.5,0.5,1,0,0,neutral,Unknown,individual,unknown,original,no,0,0,0,0,0,0,0,0,0,0,0,0
365,1743,1539,36577,1.1325536062378168,100.21095890410959,0,0,0.5,1.0,0.0,0,0,0.0,0.0,0.0,0.0,0.0,0.0,0.0,0.0,0.0,0,0,0,0.5,0.5,0.5,0.5,0.5,0.5,0.5,0.5,0.5,1,0,0,neutral,Unknown,individual,unknown,original,no,0,0,0,0,0,0,0,0,0,0,0,0
365,32,69,2450,0.463768115942029,6.712328767123288,0,0,0.5,1.0,0.0,0,0,0.0,0.0,0.0,0.0,0.0,0.0,0.0,0.0,0.0,0,0,0,0.5,0.5,0.5,0.5,0.5,0.5,0.5,0.5,0.5,1,0,0,neutral,Unknown,individual,unknown,original,no,0,0,0,0,0,0,0,0,0,0,0,1
365,794,641,13870,1.2386895475819033,38.0,0,0,0.5,1.0,0.0,0,0,0.0,0.0,0.0,0.0,0.0,0.0,0.0,0.0,0.0,0,0,0,0.5,0.5,0.5,0.5,0.5,0.5,0.5,0.5,0.5,1,0,0,neutral,Unknown,individual,unknown,original,no,0,0,0,0,0,0,0,0,0,0,0,0
365,24,23,332,1.0434782608695652,0.9095890410958904,0,0,0.5,1.0,0.0,0,0,0.0,0.0,0.0,0.0,0.0,0.0,0.0,0.0,0.0,0,0,0,0.5,0.5,0.5,0.5,0.5,0.5,0.5,0.5,0.5,1,0,0,neutral,Unknown,individual,unknown,original,no,0,0,0,0,0,0,0,0,0,0,0,0
365,182,175,7898,1.04,21.638356164383563,0,0,0.5,1.0,0.0,0,0,0.0,0.0,0.0,0.0,0.0,0.0,0.0,0.0,0.0,0,0,0,0.5,0.5,0.5,0.5,0.5,0.5,0.5,0.5,0.5,1,0,0,neutral,Unknown,individual,unknown,original,no,0,0,0,0,0,0,0,0,0,0,0,0
365,367,1112,12027,0.3300359712230216,32.95068493150685,0,0,0.5,1.0,0.0,0,0,0.0,0.0,0.0,0.0,0.0,0.0,0.0,0.0,0.0,0,0,0,0.5,0.5,0.5,0.5,0.5,0.5,0.5,0.5,0.5,1,0,0,neutral,Unknown,individual,unknown,original,no,0,0,0,0,0,0,0,0,0,0,0,1
365,48,97,3494,0.4948453608247423,9.572602739726028,0,0,0.5,1.0,0.0,0,0,0.0,0.0,0.0,0.0,0.0,0.0,0.0,0.0,0.0,0,0,0,0.5,0.5,0.5,0.5,0.5,0.5,0.5,0.5,0.5,1,0,0,neutral,Unknown,individual,unknown,original,no,0,0,0,0,0,0,0,0,0,0,0,1
365,163,407,5761,0.4004914004914005,15.783561643835617,0,0,0.5,1.0,0.0,0,0,0.0,0.0,0.0,0.0,0.0,0.0,0.0,0.0,0.0,0,0,0,0.5,0.5,0.5,0.5,0.5,0.5,0.5,0.5,0.5,1,0,0,neutral,Unknown,individual,unknown,original,no,0,0,0,0,0,0,0,0,0,0,0,0
365,129,462,1665,0.2792207792207792,4.561643835616438,0,0,0.5,1.0,0.0,0,0,0.0,0.0,0.0,0.0,0.0,0.0,0.0,0.0,0.0,0,0,0,0.5,0.5,0.5,0.5,0.5,0.5,0.5,0.5,0.5,1,0,0,neutral,Unknown,individual,unknown,original,no,0,0,0,0,0,0,0,0,0,0,0,0
365,1055,1607,10288,0.6565028002489111,28.186301369863013,0,0,0.5,1.0,0.0,0,0,0.0,0.0,0.0,0.0,0.0,0.0,0.0,0.0,0.0,0,0,0,0.5,0.5,0.5,0.5,0.5,0.5,0.5,0.5,0.5,1,0,0,neutral,Unknown,individual,unknown,original,no,0,0,0,0,0,0,0,0,0,0,0,0
365,173,458,2293,0.3777292576419214,6.282191780821917,0,0,0.5,1.0,0.0,0,0,0.0,0.0,0.0,0.0,0.0,0.0,0.0,0.0,0.0,0,0,0,0.5,0.5,0.5,0.5,0.5,0.5,0.5,0.5,0.5,1,0,0,neutral,Unknown,individual,unknown,original,no,0,0,0,0,0,0,0,0,0,0,0,0
365,2123,1297,56570,1.6368542791056284,154.986301369863,0,0,0.5,1.0,0.0,0,0,0.0,0.0,0.0,0.0,0.0,0.0,0.0,0.0,0.0,0,0,0,0.5,0.5,0.5,0.5,0.5,0.5,0.5,0.5,0.5,1,0,0,neutral,Unknown,individual,unknown,original,no,0,0,0,0,0,0,0,0,0,0,0,0
365,378,1176,2282,0.32142857142857145,6.252054794520548,0,0,0.5,1.0,0.0,0,0,0.0,0.0,0.0,0.0,0.0,0.0,0.0,0.0,0.0,0,0,0,0.5,0.5,0.5,0.5,0.5,0.5,0.5,0.5,0.5,1,0,0,neutral,Unknown,individual,unknown,original,no,0,0,0,0,0,0,0,0,0,0,0,0
365,1806,579,39140,3.1191709844559585,107.23287671232876,0,0,0.5,1.0,0.0,0,0,0.0,0.0,0.0,0.0,0.0,0.0,0.0,0.0,0.0,0,0,0,0.5,0.5,0.5,0.5,0.5,0.5,0.5,0.5,0.5,1,0,0,neutral,Unknown,individual,unknown,original,no,0,0,0,0,0,0,0,0,0,0,0,0
365,8095,5179,122768,1.563043058505503,336.35068493150686,0,0,0.5,1.0,0.0,0,0,0.0,0.0,0.0,0.0,0.0,0.0,0.0,0.0,0.0,0,0,0,0.5,0.5,0.5,0.5,0.5,0.5,0.5,0.5,0.5,1,0,0,neutral,Unknown,individual,unknown,original,no,0,0,0,0,0,0,0,0,0,0,0,0
365,22,19,2167,1.1578947368421053,5.936986301369863,0,0,0.5,1.0,0.0,0,0,0.0,0.0,0.0,0.0,0.0,0.0,0.0,0.0,0.0,0,0,0,0.5,0.5,0.5,0.5,0.5,0.5,0.5,0.5,0.5,1,0,0,neutral,Unknown,individual,unknown,original,no,0,0,0,0,0,0,0,0,0,0,0,1
365,925,1059,36083,0.8734655335221907,98.85753424657534,0,0,0.5,1.0,0.0,0,0,0.0,0.0,0.0,0.0,0.0,0.0,0.0,0.0,0.0,0,0,0,0.5,0.5,0.5,0.5,0.5,0.5,0.5,0.5,0.5,1,0,0,neutral,Unknown,individual,unknown,original,no,0,0,0,0,0,0,0,0,0,0,0,1
365,54,87,8159,0.6206896551724138,22.353424657534248,0,0,0.5,1.0,0.0,0,0,0.0,0.0,0.0,0.0,0.0,0.0,0.0,0.0,0.0,0,0,0,0.5,0.5,0.5,0.5,0.5,0.5,0.5,0.5,0.5,1,0,0,neutral,Unknown,individual,unknown,original,no,0,0,0,0,0,0,0,0,0,0,0,1
365,1694,2029,23588,0.8348940364711681,64.62465753424658,0,0,0.5,1.0,0.0,0,0,0.0,0.0,0.0,0.0,0.0,0.0,0.0,0.0,0.0,0,0,0,0.5,0.5,0.5,0.5,0.5,0.5,0.5,0.5,0.5,1,0,0,neutral,Unknown,individual,unknown,original,no,0,0,0,0,0,0,0,0,0,0,0,0
365,181,112,12164,1.6160714285714286,33.326027397260276,0,0,0.5,1.0,0.0,0,0,0.0,0.0,0.0,0.0,0.0,0.0,0.0,0.0,0.0,0,0,0,0.5,0.5,0.5,0.5,0.5,0.5,0.5,0.5,0.5,1,0,0,neutral,Unknown,individual,unknown,original,no,0,0,0,0,0,0,0,0,0,0,0,0
365,474,451,6540,1.0509977827050998,17.91780821917808,0,0,0.5,1.0,0.0,0,0,0.0,0.0,0.0,0.0,0.0,0.0,0.0,0.0,0.0,0,0,0,0.5,0.5,0.5,0.5,0.5,0.5,0.5,0.5,0.5,1,0,0,neutral,Unknown,individual,unknown,original,no,0,0,0,0,0,0,0,0,0,0,0,0
365,2257,75,16637,30.093333333333334,45.58082191780822,0,0,0.5,1.0,0.0,0,0,0.0,0.0,0.0,0.0,0.0,0.0,0.0,0.0,0.0,0,0,0,0.5,0.5,0.5,0.5,0.5,0.5,0.5,0.5,0.5,1,0,0,neutral,Unknown,individual,unknown,original,no,0,0,0,0,0,0,0,0,0,0,0,1
365,248,644,5502,0.38509316770186336,15.073972602739726,0,0,0.5,1.0,0.0,0,0,0.0,0.0,0.0,0.0,0.0,0.0,0.0,0.0,0.0,0,0,0,0.5,0.5,0.5,0.5,0.5,0.5,0.5,0.5,0.5,1,0,0,neutral,Unknown,individual,unknown,original,no,0,0,0,0,0,0,0,0,0,0,0,0
365,343,622,6926,0.5514469453376206,18.975342465753425,0,0,0.5,1.0,0.0,0,0,0.0,0.0,0.0,0.0,0.0,0.0,0.0,0.0,0.0,0,0,0,0.5,0.5,0.5,0.5,0.5,0.5,0.5,0.5,0.5,1,0,0,neutral,Unknown,individual,unknown,original,no,0,0,0,0,0,0,0,0,0,0,0,1
365,388,465,13034,0.8344086021505376,35.70958904109589,0,0,0.5,1.0,0.0,0,0,0.0,0.0,0.0,0.0,0.0,0.0,0.0,0.0,0.0,0,0,0,0.5,0.5,0.5,0.5,0.5,0.5,0.5,0.5,0.5,1,0,0,neutral,Unknown,individual,unknown,original,no,0,0,0,0,0,0,0,0,0,0,0,1
365,182,415,3461,0.43855421686746987,9.482191780821918,0,0,0.5,1.0,0.0,0,0,0.0,0.0,0.0,0.0,0.0,0.0,0.0,0.0,0.0,0,0,0,0.5,0.5,0.5,0.5,0.5,0.5,0.5,0.5,0.5,1,0,0,neutral,Unknown,individual,unknown,original,no,0,0,0,0,0,0,0,0,0,0,0,1
365,751,828,9194,0.9070048309178744,25.18904109589041,0,0,0.5,1.0,0.0,0,0,0.0,0.0,0.0,0.0,0.0,0.0,0.0,0.0,0.0,0,0,0,0.5,0.5,0.5,0.5,0.5,0.5,0.5,0.5,0.5,1,0,0,neutral,Unknown,individual,unknown,original,no,0,0,0,0,0,0,0,0,0,0,0,1
365,319,237,23673,1.3459915611814346,64.85753424657534,0,0,0.5,1.0,0.0,0,0,0.0,0.0,0.0,0.0,0.0,0.0,0.0,0.0,0.0,0,0,0,0.5,0.5,0.5,0.5,0.5,0.5,0.5,0.5,0.5,1,0,0,neutral,Unknown,individual,unknown,original,no,0,0,0,0,0,0,0,0,0,0,0,1
365,792,1675,16498,0.4728358208955224,45.2,0,0,0.5,1.0,0.0,0,0,0.0,0.0,0.0,0.0,0.0,0.0,0.0,0.0,0.0,0,0,0,0.5,0.5,0.5,0.5,0.5,0.5,0.5,0.5,0.5,1,0,0,neutral,Unknown,individual,unknown,original,no,0,0,0,0,0,0,0,0,0,0,0,1
365,19,6,1495,3.1666666666666665,4.095890410958904,0,0,0.5,1.0,0.0,0,0,0.0,0.0,0.0,0.0,0.0,0.0,0.0,0.0,0.0,0,0,0,0.5,0.5,0.5,0.5,0.5,0.5,0.5,0.5,0.5,1,0,0,neutral,Unknown,individual,unknown,original,no,0,0,0,0,0,0,0,0,0,0,0,1
365,19,40,805,0.475,2.2054794520547945,0,0,0.5,1.0,0.0,0,0,0.0,0.0,0.0,0.0,0.0,0.0,0.0,0.0,0.0,0,0,0,0.5,0.5,0.5,0.5,0.5,0.5,0.5,0.5,0.5,1,0,0,neutral,Unknown,individual,unknown,original,no,0,0,0,0,0,0,0,0,0,0,0,0
365,223,902,8308,0.24722838137472283,22.76164383561644,0,0,0.5,1.0,0.0,0,0,0.0,0.0,0.0,0.0,0.0,0.0,0.0,0.0,0.0,0,0,0,0.5,0.5,0.5,0.5,0.5,0.5,0.5,0.5,0.5,1,0,0,neutral,Unknown,individual,unknown,original,no,0,0,0,0,0,0,0,0,0,0,0,0
365,92145,82900,74912,1.1115199034981906,205.23835616438356,0,0,0.5,1.0,0.0,0,0,0.0,0.0,0.0,0.0,0.0,0.0,0.0,0.0,0.0,0,0,0,0.5,0.5,0.5,0.5,0.5,0.5,0.5,0.5,0.5,1,0,0,neutral,Unknown,individual,unknown,original,no,0,0,0,0,0,0,0,0,0,0,0,0
365,148,141,6802,1.049645390070922,18.635616438356163,0,0,0.5,1.0,0.0,0,0,0.0,0.0,0.0,0.0,0.0,0.0,0.0,0.0,0.0,0,0,0,0.5,0.5,0.5,0.5,0.5,0.5,0.5,0.5,0.5,1,0,0,neutral,Unknown,individual,unknown,original,no,0,0,0,0,0,0,0,0,0,0,0,1
365,432,469,9089,0.9211087420042644,24.9013698630137,0,0,0.5,1.0,0.0,0,0,0.0,0.0,0.0,0.0,0.0,0.0,0.0,0.0,0.0,0,0,0,0.5,0.5,0.5,0.5,0.5,0.5,0.5,0.5,0.5,1,0,0,neutral,Unknown,individual,unknown,original,no,0,0,0,0,0,0,0,0,0,0,0,1
365,1594,363,62095,4.3911845730027546,170.12328767123287,0,0,0.5,1.0,0.0,0,0,0.0,0.0,0.0,0.0,0.0,0.0,0.0,0.0,0.0,0,0,0,0.5,0.5,0.5,0.5,0.5,0.5,0.5,0.5,0.5,1,0,0,neutral,Unknown,individual,unknown,original,no,0,0,0,0,0,0,0,0,0,0,0,0
365,130,105,5213,1.2380952380952381,14.282191780821918,0,0,0.5,1.0,0.0,0,0,0.0,0.0,0.0,0.0,0.0,0.0,0.0,0.0,0.0,0,0,0,0.5,0.5,0.5,0.5,0.5,0.5,0.5,0.5,0.5,1,0,0,neutral,Unknown,individual,unknown,original,no,0,0,0,0,0,0,0,0,0,0,0,0
365,42,283,509,0.14840989399293286,1.3945205479452054,0,0,0.5,1.0,0.0,0,0,0.0,0.0,0.0,0.0,0.0,0.0,0.0,0.0,0.0,0,0,0,0.5,0.5,0.5,0.5,0.5,0.5,0.5,0.5,0.5,1,0,0,neutral,Unknown,individual,unknown,original,no,0,0,0,0,0,0,0,0,0,0,0,0
365,437,510,30978,0.8568627450980392,84.87123287671233,0,0,0.5,1.0,0.0,0,0,0.0,0.0,0.0,0.0,0.0,0.0,0.0,0.0,0.0,0,0,0,0.5,0.5,0.5,0.5,0.5,0.5,0.5,0.5,0.5,1,0,0,neutral,Unknown,individual,unknown,original,no,0,0,0,0,0,0,0,0,0,0,0,0
365,12635,771,10908,16.387808041504538,29.884931506849316,0,0,0.5,1.0,0.0,0,0,0.0,0.0,0.0,0.0,0.0,0.0,0.0,0.0,0.0,0,0,0,0.5,0.5,0.5,0.5,0.5,0.5,0.5,0.5,0.5,1,0,0,neutral,Unknown,individual,unknown,original,yes,0,0,0,0,0,0,0,0,0,0,0,0
365,264,358,4539,0.7374301675977654,12.435616438356165,0,0,0.5,1.0,0.0,0,0,0.0,0.0,0.0,0.0,0.0,0.0,0.0,0.0,0.0,0,0,0,0.5,0.5,0.5,0.5,0.5,0.5,0.5,0.5,0.5,1,0,0,neutral,Unknown,individual,unknown,original,no,0,0,0,0,0,0,0,0,0,0,0,1
365,200,196,8947,1.0204081632653061,24.512328767123286,0,0,0.5,1.0,0.0,0,0,0.0,0.0,0.0,0.0,0.0,0.0,0.0,0.0,0.0,0,0,0,0.5,0.5,0.5,0.5,0.5,0.5,0.5,0.5,0.5,1,0,0,neutral,Unknown,individual,unknown,original,no,0,0,0,0,0,0,0,0,0,0,0,0
365,24114,2301,1013273,10.479791395045632,2776.090410958904,0,0,0.5,1.0,0.0,0,0,0.0,0.0,0.0,0.0,0.0,0.0,0.0,0.0,0.0,0,0,0,0.5,0.5,0.5,0.5,0.5,0.5,0.5,0.5,0.5,1,0,0,neutral,Unknown,individual,unknown,original,no,0,0,0,0,0,0,0,0,0,0,0,1
365,1388,869,9424,1.5972382048331415,25.81917808219178,0,0,0.5,1.0,0.0,0,0,0.0,0.0,0.0,0.0,0.0,0.0,0.0,0.0,0.0,0,0,0,0.5,0.5,0.5,0.5,0.5,0.5,0.5,0.5,0.5,1,0,0,neutral,Unknown,individual,unknown,original,no,0,0,0,0,0,0,0,0,0,0,0,0
365,215,340,2013,0.6323529411764706,5.515068493150685,0,0,0.5,1.0,0.0,0,0,0.0,0.0,0.0,0.0,0.0,0.0,0.0,0.0,0.0,0,0,0,0.5,0.5,0.5,0.5,0.5,0.5,0.5,0.5,0.5,1,0,0,neutral,Unknown,individual,unknown,original,no,0,0,0,0,0,0,0,0,0,0,0,1
365,283,545,3923,0.5192660550458715,10.747945205479452,0,0,0.5,1.0,0.0,0,0,0.0,0.0,0.0,0.0,0.0,0.0,0.0,0.0,0.0,0,0,0,0.5,0.5,0.5,0.5,0.5,0.5,0.5,0.5,0.5,1,0,0,neutral,Unknown,individual,unknown,original,no,0,0,0,0,0,0,0,0,0,0,0,1
365,40,26,3448,1.5384615384615385,9.446575342465753,0,0,0.5,1.0,0.0,0,0,0.0,0.0,0.0,0.0,0.0,0.0,0.0,0.0,0.0,0,0,0,0.5,0.5,0.5,0.5,0.5,0.5,0.5,0.5,0.5,1,0,0,neutral,Unknown,individual,unknown,original,no,0,0,0,0,0,0,0,0,0,0,0,1
365,127,380,7985,0.33421052631578946,21.876712328767123,0,0,0.5,1.0,0.0,0,0,0.0,0.0,0.0,0.0,0.0,0.0,0.0,0.0,0.0,0,0,0,0.5,0.5,0.5,0.5,0.5,0.5,0.5,0.5,0.5,1,0,0,neutral,Unknown,individual,unknown,original,no,0,0,0,0,0,0,0,0,0,0,0,0
365,236,108,22973,2.185185185185185,62.93972602739726,0,0,0.5,1.0,0.0,0,0,0.0,0.0,0.0,0.0,0.0,0.0,0.0,0.0,0.0,0,0,0,0.5,0.5,0.5,0.5,0.5,0.5,0.5,0.5,0.5,1,0,0,neutral,Unknown,individual,unknown,original,no,0,0,0,0,0,0,0,0,0,0,0,1
365,10,261,2201,0.038314176245210725,6.03013698630137,0,0,0.5,1.0,0.0,0,0,0.0,0.0,0.0,0.0,0.0,0.0,0.0,0.0,0.0,0,0,0,0.5,0.5,0.5,0.9,0.5,0.5,0.5,0.66,0.5,1,0,0,neutral,Unknown,individual,unknown,original,no,0,0,0,0,0,0,0,0,0,0,0,1
365,626,224,15100,2.794642857142857,41.36986301369863,0,0,0.5,1.0,0.0,0,0,0.0,0.0,0.0,0.0,0.0,0.0,0.0,0.0,0.0,0,0,0,0.5,0.5,0.5,0.5,0.5,0.5,0.5,0.5,0.5,1,0,0,neutral,Unknown,individual,unknown,original,no,0,0,0,0,0,0,0,0,0,0,0,1
365,701,1056,19814,0.6638257575757576,54.28493150684932,0,0,0.5,1.0,0.0,0,0,0.0,0.0,0.0,0.0,0.0,0.0,0.0,0.0,0.0,0,0,0,0.5,0.5,0.5,0.5,0.5,0.5,0.5,0.5,0.5,1,0,0,neutral,Unknown,individual,unknown,original,no,0,0,0,0,0,0,0,0,0,0,0,1
365,35,47,943,0.7446808510638298,2.5835616438356164,0,0,0.5,1.0,0.0,0,0,0.0,0.0,0.0,0.0,0.0,0.0,0.0,0.0,0.0,0,0,0,0.5,0.5,0.5,0.5,0.5,0.5,0.5,0.5,0.5,1,0,0,neutral,Unknown,individual,unknown,original,no,0,0,0,0,0,0,0,0,0,0,0,1
365,1,2,2038,0.5,5.583561643835616,0,0,0.5,1.0,0.0,0,0,0.0,0.0,0.0,0.0,0.0,0.0,0.0,0.0,0.0,0,0,0,0.5,0.5,0.5,0.5,0.5,0.5,0.5,0.5,0.5,1,0,0,neutral,Unknown,individual,unknown,original,no,0,0,0,0,0,0,0,0,0,0,0,1
365,249,238,10282,1.046218487394958,28.16986301369863,0,0,0.5,1.0,0.0,0,0,0.0,0.0,0.0,0.0,0.0,0.0,0.0,0.0,0.0,0,0,0,0.5,0.5,0.5,0.5,0.5,0.5,0.5,0.5,0.5,1,0,0,neutral,Unknown,individual,unknown,original,no,0,0,0,0,0,0,0,0,0,0,0,0
365,310,515,28955,0.6019417475728155,79.32876712328768,0,0,0.5,1.0,0.0,0,0,0.0,0.0,0.0,0.0,0.0,0.0,0.0,0.0,0.0,0,0,0,0.5,0.5,0.5,0.5,0.5,0.5,0.5,0.5,0.5,1,0,0,neutral,Unknown,individual,unknown,original,no,0,0,0,0,0,0,0,0,0,0,0,0
365,6055,452,8816,13.396017699115044,24.153424657534245,0,0,0.5,1.0,0.0,0,0,0.0,0.0,0.0,0.0,0.0,0.0,0.0,0.0,0.0,0,0,0,0.5,0.5,0.5,0.5,0.5,0.5,0.5,0.5,0.5,1,0,0,neutral,Unknown,individual,unknown,original,no,0,0,0,0,0,0,0,0,0,0,0,1
365,221,318,5972,0.6949685534591195,16.361643835616437,0,0,0.5,1.0,0.0,0,0,0.0,0.0,0.0,0.0,0.0,0.0,0.0,0.0,0.0,0,0,0,0.5,0.5,0.5,0.5,0.5,0.5,0.5,0.5,0.5,1,0,0,neutral,Unknown,individual,unknown,original,no,0,0,0,0,0,0,0,0,0,0,0,0
365,19,38,2039,0.5,5.586301369863014,0,0,0.5,1.0,0.0,0,0,0.0,0.0,0.0,0.0,0.0,0.0,0.0,0.0,0.0,0,0,0,0.5,0.5,0.5,0.5,0.5,0.5,0.5,0.5,0.5,1,0,0,neutral,Unknown,individual,unknown,original,no,0,0,0,0,0,0,0,0,0,0,0,1
365,450,1490,5341,0.30201342281879195,14.632876712328768,0,0,0.5,1.0,0.0,0,0,0.0,0.0,0.0,0.0,0.0,0.0,0.0,0.0,0.0,0,0,0,0.5,0.5,0.5,0.5,0.5,0.5,0.5,0.5,0.5,1,0,0,neutral,Unknown,individual,unknown,original,no,0,0,0,0,0,0,0,0,0,0,0,0
365,634,627,49285,1.0111642743221692,135.02739726027397,0,0,0.5,1.0,0.0,0,0,0.0,0.0,0.0,0.0,0.0,0.0,0.0,0.0,0.0,0,0,0,0.5,0.5,0.5,0.5,0.5,0.5,0.5,0.5,0.5,1,0,0,neutral,Unknown,individual,unknown,original,no,0,0,0,0,0,0,0,0,0,0,0,1
365,33,122,3149,0.27049180327868855,8.627397260273973,0,0,0.5,1.0,0.0,0,0,0.0,0.0,0.0,0.0,0.0,0.0,0.0,0.0,0.0,0,0,0,0.5,0.5,0.5,0.5,0.5,0.5,0.5,0.5,0.5,1,0,0,neutral,Unknown,individual,unknown,original,no,0,0,0,0,0,0,0,0,0,0,0,1
365,2626,2875,14215,0.9133913043478261,38.945205479452056,0,0,0.5,1.0,0.0,0,0,0.0,0.0,0.0,0.0,0.0,0.0,0.0,0.0,0.0,0,0,0,0.5,0.5,0.5,0.5,0.5,0.5,0.5,0.5,0.5,1,0,0,neutral,Unknown,individual,unknown,original,no,0,0,0,0,0,0,0,0,0,0,0,0
365,353,887,3077,0.3979706877113867,8.43013698630137,0,0,0.5,1.0,0.0,0,0,0.0,0.0,0.0,0.0,0.0,0.0,0.0,0.0,0.0,0,0,0,0.5,0.5,0.5,0.5,0.5,0.5,0.5,0.5,0.5,1,0,0,neutral,Unknown,individual,unknown,original,no,0,0,0,0,0,0,0,0,0,0,0,1
365,257,198,4264,1.297979797979798,11.682191780821919,0,0,0.5,1.0,0.0,0,0,0.0,0.0,0.0,0.0,0.0,0.0,0.0,0.0,0.0,0,0,0,0.5,0.5,0.5,0.5,0.5,0.5,0.5,0.5,0.5,1,0,0,neutral,Unknown,individual,unknown,original,no,0,0,0,0,0,0,0,0,0,0,0,1
365,113,537,5313,0.21042830540037244,14.556164383561644,0,0,0.5,1.0,0.0,0,0,0.0,0.0,0.0,0.0,0.0,0.0,0.0,0.0,0.0,0,0,0,0.5,0.5,0.5,0.5,0.5,0.5,0.5,0.5,0.5,1,0,0,neutral,Unknown,individual,unknown,original,no,0,0,0,0,0,0,0,0,0,0,0,0
365,27,16,1750,1.6875,4.794520547945205,0,0,0.5,1.0,0.0,0,0,0.0,0.0,0.0,0.0,0.0,0.0,0.0,0.0,0.0,0,0,0,0.5,0.5,0.5,0.5,0.5,0.5,0.5,0.5,0.5,1,0,0,neutral,Unknown,individual,unknown,original,no,0,0,0,0,0,0,0,0,0,0,0,1
365,72,97,913,0.7422680412371134,2.5013698630136987,0,0,0.5,1.0,0.0,0,0,0.0,0.0,0.0,0.0,0.0,0.0,0.0,0.0,0.0,0,0,0,0.5,0.5,0.5,0.5,0.5,0.5,0.5,0.5,0.5,1,0,0,neutral,Unknown,individual,unknown,original,no,0,0,0,0,0,0,0,0,0,0,0,0
365,517,948,19305,0.5453586497890295,52.89041095890411,0,0,0.5,1.0,0.0,0,0,0.0,0.0,0.0,0.0,0.0,0.0,0.0,0.0,0.0,0,0,0,0.5,0.5,0.5,0.5,0.5,0.5,0.5,0.5,0.5,1,0,0,neutral,Unknown,individual,unknown,original,no,0,0,0,0,0,0,0,0,0,0,0,1
365,29,34,1215,0.8529411764705882,3.328767123287671,0,0,0.5,1.0,0.0,0,0,0.0,0.0,0.0,0.0,0.0,0.0,0.0,0.0,0.0,0,0,0,0.5,0.5,0.5,0.5,0.5,0.5,0.5,0.5,0.5,1,0,0,neutral,Unknown,individual,unknown,original,no,0,0,0,0,0,0,0,0,0,0,0,1
365,291,840,3103,0.3464285714285714,8.501369863013698,0,0,0.5,1.0,0.0,0,0,0.0,0.0,0.0,0.0,0.0,0.0,0.0,0.0,0.0,0,0,0,0.5,0.5,0.5,0.5,0.5,0.5,0.5,0.5,0.5,1,0,0,neutral,Unknown,individual,unknown,original,no,0,0,0,0,0,0,0,0,0,0,0,0
365,14,117,537,0.11965811965811966,1.4712328767123288,0,0,0.5,1.0,0.0,0,0,0.0,0.0,0.0,0.0,0.0,0.0,0.0,0.0,0.0,0,0,0,0.5,0.5,0.5,0.5,0.5,0.5,0.5,0.5,0.5,1,0,0,neutral,Unknown,individual,unknown,original,no,0,0,0,0,0,0,0,0,0,0,0,1
365,573,1365,12209,0.4197802197802198,33.44931506849315,0,0,0.5,1.0,0.0,0,0,0.0,0.0,0.0,0.0,0.0,0.0,0.0,0.0,0.0,0,0,0,0.5,0.5,0.5,0.5,0.5,0.5,0.5,0.5,0.5,1,0,0,neutral,Unknown,individual,unknown,original,no,0,0,0,0,0,0,0,0,0,0,0,0
365,7482,3333,222413,2.244824482448245,609.3506849315069,0,0,0.5,1.0,0.0,0,0,0.0,0.0,0.0,0.0,0.0,0.0,0.0,0.0,0.0,0,0,0,0.5,0.5,0.5,0.5,0.5,0.5,0.5,0.5,0.5,1,0,0,neutral,Unknown,individual,unknown,original,no,0,0,0,0,0,0,0,0,0,0,0,1
365,1125,1257,56864,0.8949880668257757,155.7917808219178,0,0,0.5,1.0,0.0,0,0,0.0,0.0,0.0,0.0,0.0,0.0,0.0,0.0,0.0,0,0,0,0.5,0.5,0.5,0.5,0.5,0.5,0.5,0.5,0.5,1,0,0,neutral,Unknown,individual,unknown,original,no,0,0,0,0,0,0,0,0,0,0,0,0
365,62,379,959,0.16358839050131926,2.627397260273973,0,0,0.5,1.0,0.0,0,0,0.0,0.0,0.0,0.0,0.0,0.0,0.0,0.0,0.0,0,0,0,0.5,0.5,0.5,0.5,0.5,0.5,0.5,0.5,0.5,1,0,0,neutral,Unknown,individual,unknown,original,no,0,0,0,0,0,0,0,0,0,0,0,0
365,1613,1566,5799,1.0300127713920817,15.887671232876713,0,0,0.5,1.0,0.0,0,0,0.0,0.0,0.0,0.0,0.0,0.0,0.0,0.0,0.0,0,0,0,0.5,0.5,0.5,0.5,0.5,0.5,0.5,0.5,0.5,1,0,0,neutral,Unknown,individual,unknown,original,no,0,0,0,0,0,0,0,0,0,0,0,0
365,1313,2333,32135,0.5627946849549935,88.04109589041096,0,0,0.5,1.0,0.0,0,0,0.0,0.0,0.0,0.0,0.0,0.0,0.0,0.0,0.0,0,0,0,0.5,0.5,0.5,0.5,0.5,0.5,0.5,0.5,0.5,1,0,0,neutral,Unknown,individual,unknown,original,no,0,0,0,0,0,0,0,0,0,0,0,1
365,401,819,4508,0.4896214896214896,12.35068493150685,0,0,0.5,1.0,0.0,0,0,0.0,0.0,0.0,0.0,0.0,0.0,0.0,0.0,0.0,0,0,0,0.5,0.5,0.5,0.5,0.5,0.5,0.5,0.5,0.5,1,0,0,neutral,Unknown,individual,unknown,original,no,0,0,0,0,0,0,0,0,0,0,0,1
365,309,1462,44138,0.21135430916552667,120.92602739726027,0,0,0.5,1.0,0.0,0,0,0.0,0.0,0.0,0.0,0.0,0.0,0.0,0.0,0.0,0,0,0,0.5,0.5,0.5,0.5,0.5,0.5,0.5,0.5,0.5,1,0,0,neutral,Unknown,individual,unknown,original,no,0,0,0,0,0,0,0,0,0,0,0,0
365,273,219,9476,1.2465753424657535,25.96164383561644,0,0,0.5,1.0,0.0,0,0,0.0,0.0,0.0,0.0,0.0,0.0,0.0,0.0,0.0,0,0,0,0.5,0.5,0.5,0.5,0.5,0.5,0.5,0.5,0.5,1,0,0,neutral,Unknown,individual,unknown,original,no,0,0,0,0,0,0,0,0,0,0,0,0
365,280,276,5955,1.0144927536231885,16.315068493150687,0,0,0.5,1.0,0.0,0,0,0.0,0.0,0.0,0.0,0.0,0.0,0.0,0.0,0.0,0,0,0,0.5,0.5,0.5,0.5,0.5,0.5,0.5,0.5,0.5,1,0,0,neutral,Unknown,individual,unknown,original,no,0,0,0,0,0,0,0,0,0,0,0,0
365,622,790,6310,0.7873417721518987,17.28767123287671,0,0,0.5,1.0,0.0,0,0,0.0,0.0,0.0,0.0,0.0,0.0,0.0,0.0,0.0,0,0,0,0.5,0.5,0.5,0.5,0.5,0.5,0.5,0.5,0.5,1,0,0,neutral,Unknown,individual,unknown,original,no,0,0,0,0,0,0,0,0,0,0,0,0
365,614,383,57910,1.6031331592689295,158.65753424657535,0,0,0.5,1.0,0.0,0,0,0.0,0.0,0.0,0.0,0.0,0.0,0.0,0.0,0.0,0,0,0,0.5,0.5,0.5,0.5,0.5,0.5,0.5,0.5,0.5,1,0,0,neutral,Unknown,individual,unknown,original,no,0,0,0,0,0,0,0,0,0,0,0,1
365,164,117,3277,1.4017094017094016,8.978082191780821,0,0,0.5,1.0,0.0,0,0,0.0,0.0,0.0,0.0,0.0,0.0,0.0,0.0,0.0,0,0,0,0.5,0.5,0.5,0.5,0.5,0.5,0.5,0.5,0.5,1,0,0,neutral,Unknown,individual,unknown,original,no,0,0,0,0,0,0,0,0,0,0,0,1
365,717,1239,8339,0.5786924939467313,22.846575342465755,0,0,0.5,1.0,0.0,0,0,0.0,0.0,0.0,0.0,0.0,0.0,0.0,0.0,0.0,0,0,0,0.5,0.5,0.5,0.5,0.5,0.5,0.5,0.5,0.5,1,0,0,neutral,Unknown,individual,unknown,original,no,0,0,0,0,0,0,0,0,0,0,0,0
365,163,171,5534,0.9532163742690059,15.161643835616438,0,0,0.5,1.0,0.0,0,0,0.0,0.0,0.0,0.0,0.0,0.0,0.0,0.0,0.0,0,0,0,0.5,0.5,0.5,0.5,0.5,0.5,0.5,0.5,0.5,1,0,0,neutral,Unknown,individual,unknown,original,no,0,0,0,0,0,0,0,0,0,0,0,0
365,300,539,12889,0.5565862708719852,35.31232876712329,0,0,0.5,1.0,0.0,0,0,0.0,0.0,0.0,0.0,0.0,0.0,0.0,0.0,0.0,0,0,0,0.5,0.5,0.5,0.5,0.5,0.5,0.5,0.5,0.5,1,0,0,neutral,Unknown,individual,unknown,original,no,0,0,0,0,0,0,0,0,0,0,0,1
365,16,32,648,0.5,1.7753424657534247,0,0,0.5,1.0,0.0,0,0,0.0,0.0,0.0,0.0,0.0,0.0,0.0,0.0,0.0,0,0,0,0.5,0.5,0.5,0.5,0.5,0.5,0.5,0.5,0.5,1,0,0,neutral,Unknown,individual,unknown,original,no,0,0,0,0,0,0,0,0,0,0,0,0
365,241,232,6496,1.0387931034482758,17.797260273972604,0,0,0.5,1.0,0.0,0,0,0.0,0.0,0.0,0.0,0.0,0.0,0.0,0.0,0.0,0,0,0,0.5,0.5,0.5,0.5,0.5,0.5,0.5,0.5,0.5,1,0,0,neutral,Unknown,individual,unknown,original,no,0,0,0,0,0,0,0,0,0,0,0,0
365,313,397,3313,0.7884130982367759,9.076712328767123,0,0,0.5,1.0,0.0,0,0,0.0,0.0,0.0,0.0,0.0,0.0,0.0,0.0,0.0,0,0,0,0.5,0.5,0.5,0.5,0.5,0.5,0.5,0.5,0.5,1,0,0,neutral,Unknown,individual,unknown,original,no,0,0,0,0,0,0,0,0,0,0,0,1
365,527,737,8789,0.7150610583446404,24.07945205479452,0,0,0.5,1.0,0.0,0,0,0.0,0.0,0.0,0.0,0.0,0.0,0.0,0.0,0.0,0,0,0,0.5,0.5,0.5,0.5,0.5,0.5,0.5,0.5,0.5,1,0,0,neutral,Unknown,individual,unknown,original,no,0,0,0,0,0,0,0,0,0,0,0,1
365,101,4,11519,25.25,31.55890410958904,0,0,0.5,1.0,0.0,0,0,0.0,0.0,0.0,0.0,0.0,0.0,0.0,0.0,0.0,0,0,0,0.5,0.5,0.5,0.5,0.5,0.5,0.5,0.5,0.5,1,0,0,neutral,Unknown,individual,unknown,original,no,0,0,0,0,0,0,0,0,0,0,0,1
365,286,272,13761,1.0514705882352942,37.701369863013696,0,0,0.5,1.0,0.0,0,0,0.0,0.0,0.0,0.0,0.0,0.0,0.0,0.0,0.0,0,0,0,0.5,0.5,0.5,0.5,0.5,0.5,0.5,0.5,0.5,1,0,0,neutral,Unknown,individual,unknown,original,no,0,0,0,0,0,0,0,0,0,0,0,0
365,34,67,5619,0.5074626865671642,15.394520547945206,0,0,0.5,1.0,0.0,0,0,0.0,0.0,0.0,0.0,0.0,0.0,0.0,0.0,0.0,0,0,0,0.5,0.5,0.5,0.5,0.5,0.5,0.5,0.5,0.5,1,0,0,neutral,Unknown,individual,unknown,original,no,0,0,0,0,0,0,0,0,0,0,0,0
365,755,1015,19497,0.7438423645320197,53.416438356164385,0,0,0.5,1.0,0.0,0,0,0.0,0.0,0.0,0.0,0.0,0.0,0.0,0.0,0.0,0,0,0,0.5,0.5,0.5,0.5,0.5,0.5,0.5,0.5,0.5,1,0,0,neutral,Unknown,individual,unknown,original,no,0,0,0,0,0,0,0,0,0,0,0,1
365,3472,3004,24200,1.1557922769640478,66.3013698630137,0,0,0.5,1.0,0.0,0,0,0.0,0.0,0.0,0.0,0.0,0.0,0.0,0.0,0.0,0,0,0,0.5,0.5,0.5,0.5,0.5,0.5,0.5,0.5,0.5,1,0,0,neutral,Unknown,individual,unknown,original,no,0,0,0,0,0,0,0,0,0,0,0,0
365,444,557,9763,0.7971274685816876,26.747945205479454,0,0,0.5,1.0,0.0,0,0,0.0,0.0,0.0,0.0,0.0,0.0,0.0,0.0,0.0,0,0,0,0.5,0.5,0.5,0.5,0.5,0.5,0.5,0.5,0.5,1,0,0,neutral,Unknown,individual,unknown,original,no,0,0,0,0,0,0,0,0,0,0,0,0
365,321,0,2667,0.0,7.306849315068493,0,0,0.5,1.0,0.0,0,0,0.0,0.0,0.0,0.0,0.0,0.0,0.0,0.0,0.0,0,0,0,0.5,0.5,0.5,0.3,0.5,0.5,0.5,0.42000000000000004,0.5,1,0,0,neutral,Unknown,individual,unknown,original,no,0,0,0,0,0,0,0,0,0,0,0,1
365,769,537,23341,1.4320297951582868,63.94794520547945,0,0,0.5,1.0,0.0,0,0,0.0,0.0,0.0,0.0,0.0,0.0,0.0,0.0,0.0,0,0,0,0.5,0.5,0.5,0.5,0.5,0.5,0.5,0.5,0.5,1,0,0,neutral,Unknown,individual,unknown,original,no,0,0,0,0,0,0,0,0,0,0,0,0
365,224,466,5020,0.48068669527896996,13.753424657534246,0,0,0.5,1.0,0.0,0,0,0.0,0.0,0.0,0.0,0.0,0.0,0.0,0.0,0.0,0,0,0,0.5,0.5,0.5,0.5,0.5,0.5,0.5,0.5,0.5,1,0,0,neutral,Unknown,individual,unknown,original,no,0,0,0,0,0,0,0,0,0,0,0,1
365,31,152,1037,0.20394736842105263,2.841095890410959,0,0,0.5,1.0,0.0,0,0,0.0,0.0,0.0,0.0,0.0,0.0,0.0,0.0,0.0,0,0,0,0.5,0.5,0.5,0.5,0.5,0.5,0.5,0.5,0.5,1,0,0,neutral,Unknown,individual,unknown,original,no,0,0,0,0,0,0,0,0,0,0,0,1
365,4664,819,31618,5.694749694749695,86.62465753424658,0,0,0.5,1.0,0.0,0,0,0.0,0.0,0.0,0.0,0.0,0.0,0.0,0.0,0.0,0,0,0,0.5,0.5,0.5,0.5,0.5,0.5,0.5,0.5,0.5,1,0,0,neutral,Unknown,individual,unknown,original,no,0,0,0,0,0,0,0,0,0,0,0,0
365,2502,4158,5421,0.6017316017316018,14.852054794520548,0,0,0.5,1.0,0.0,0,0,0.0,0.0,0.0,0.0,0.0,0.0,0.0,0.0,0.0,0,0,0,0.5,0.5,0.5,0.5,0.5,0.5,0.5,0.5,0.5,1,0,0,neutral,Unknown,individual,unknown,original,no,0,0,0,0,0,0,0,0,0,0,0,1
365,730,1254,35615,0.5821371610845295,97.57534246575342,0,0,0.5,1.0,0.0,0,0,0.0,0.0,0.0,0.0,0.0,0.0,0.0,0.0,0.0,0,0,0,0.5,0.5,0.5,0.5,0.5,0.5,0.5,0.5,0.5,1,0,0,neutral,Unknown,individual,unknown,original,no,0,0,0,0,0,0,0,0,0,0,0,0
365,1404,385,51071,3.6467532467532466,139.92054794520547,0,0,0.5,1.0,0.0,0,0,0.0,0.0,0.0,0.0,0.0,0.0,0.0,0.0,0.0,0,0,0,0.5,0.5,0.5,0.5,0.5,0.5,0.5,0.5,0.5,1,0,0,neutral,Unknown,individual,unknown,original,no,0,0,0,0,0,0,0,0,0,0,0,0
365,289,401,3210,0.7206982543640897,8.794520547945206,0,0,0.5,1.0,0.0,0,0,0.0,0.0,0.0,0.0,0.0,0.0,0.0,0.0,0.0,0,0,0,0.5,0.5,0.5,0.5,0.5,0.5,0.5,0.5,0.5,1,0,0,neutral,Unknown,individual,unknown,original,no,0,0,0,0,0,0,0,0,0,0,0,1
365,263,418,39601,0.6291866028708134,108.4958904109589,0,0,0.5,1.0,0.0,0,0,0.0,0.0,0.0,0.0,0.0,0.0,0.0,0.0,0.0,0,0,0,0.5,0.5,0.5,0.5,0.5,0.5,0.5,0.5,0.5,1,0,0,neutral,Unknown,individual,unknown,original,no,0,0,0,0,0,0,0,0,0,0,0,0
365,203,64,19247,3.171875,52.73150684931507,0,0,0.5,1.0,0.0,0,0,0.0,0.0,0.0,0.0,0.0,0.0,0.0,0.0,0.0,0,0,0,0.5,0.5,0.5,0.5,0.5,0.5,0.5,0.5,0.5,1,0,0,neutral,Unknown,individual,unknown,original,no,0,0,0,0,0,0,0,0,0,0,0,1
365,20154,4565,122908,4.414895947426068,336.73424657534247,0,0,0.5,1.0,0.0,0,0,0.0,0.0,0.0,0.0,0.0,0.0,0.0,0.0,0.0,0,0,0,0.5,0.5,0.5,0.5,0.5,0.5,0.5,0.5,0.5,1,0,0,neutral,Unknown,individual,unknown,original,no,0,0,0,0,0,0,0,0,0,0,0,1
365,959,849,15373,1.1295641931684335,42.11780821917808,0,0,0.5,1.0,0.0,0,0,0.0,0.0,0.0,0.0,0.0,0.0,0.0,0.0,0.0,0,0,0,0.5,0.5,0.5,0.5,0.5,0.5,0.5,0.5,0.5,1,0,0,neutral,Unknown,individual,unknown,original,no,0,0,0,0,0,0,0,0,0,0,0,1
365,106,305,4489,0.3475409836065574,12.2986301369863,0,0,0.5,1.0,0.0,0,0,0.0,0.0,0.0,0.0,0.0,0.0,0.0,0.0,0.0,0,0,0,0.5,0.5,0.5,0.5,0.5,0.5,0.5,0.5,0.5,1,0,0,neutral,Unknown,individual,unknown,original,no,0,0,0,0,0,0,0,0,0,0,0,1
365,215,374,10282,0.5748663101604278,28.16986301369863,0,0,0.5,1.0,0.0,0,0,0.0,0.0,0.0,0.0,0.0,0.0,0.0,0.0,0.0,0,0,0,0.5,0.5,0.5,0.5,0.5,0.5,0.5,0.5,0.5,1,0,0,neutral,Unknown,individual,unknown,original,no,0,0,0,0,0,0,0,0,0,0,0,1
365,397,783,11371,0.5070242656449553,31.153424657534245,0,0,0.5,1.0,0.0,0,0,0.0,0.0,0.0,0.0,0.0,0.0,0.0,0.0,0.0,0,0,0,0.5,0.5,0.5,0.5,0.5,0.5,0.5,0.5,0.5,1,0,0,neutral,Unknown,individual,unknown,original,no,0,0,0,0,0,0,0,0,0,0,0,0
365,41,688,2181,0.059593023255813955,5.975342465753425,0,0,0.5,1.0,0.0,0,0,0.0,0.0,0.0,0.0,0.0,0.0,0.0,0.0,0.0,0,0,0,0.5,0.5,0.5,0.9,0.5,0.5,0.5,0.66,0.5,1,0,0,neutral,Unknown,individual,unknown,original,no,0,0,0,0,0,0,0,0,0,0,0,1
365,2989,1535,13815,1.9472312703583061,37.84931506849315,0,0,0.5,1.0,0.0,0,0,0.0,0.0,0.0,0.0,0.0,0.0,0.0,0.0,0.0,0,0,0,0.5,0.5,0.5,0.5,0.5,0.5,0.5,0.5,0.5,1,0,0,neutral,Unknown,individual,unknown,original,no,0,0,0,0,0,0,0,0,0,0,0,0
365,173,1062,8554,0.16290018832391714,23.435616438356163,0,0,0.5,1.0,0.0,0,0,0.0,0.0,0.0,0.0,0.0,0.0,0.0,0.0,0.0,0,0,0,0.5,0.5,0.5,0.5,0.5,0.5,0.5,0.5,0.5,1,0,0,neutral,Unknown,individual,unknown,original,no,0,0,0,0,0,0,0,0,0,0,0,0
365,507,4806,21507,0.10549313358302122,58.92328767123288,0,0,0.5,1.0,0.0,0,0,0.0,0.0,0.0,0.0,0.0,0.0,0.0,0.0,0.0,0,0,0,0.5,0.5,0.5,0.5,0.5,0.5,0.5,0.5,0.5,1,0,0,neutral,Unknown,individual,unknown,original,no,0,0,0,0,0,0,0,0,0,0,0,0
365,3201,1160,7907,2.7594827586206896,21.663013698630138,0,0,0.5,1.0,0.0,0,0,0.0,0.0,0.0,0.0,0.0,0.0,0.0,0.0,0.0,0,0,0,0.5,0.5,0.5,0.5,0.5,0.5,0.5,0.5,0.5,1,0,0,neutral,Unknown,individual,unknown,original,no,0,0,0,0,0,0,0,0,0,0,0,0
365,435,561,10893,0.7754010695187166,29.843835616438355,0,0,0.5,1.0,0.0,0,0,0.0,0.0,0.0,0.0,0.0,0.0,0.0,0.0,0.0,0,0,0,0.5,0.5,0.5,0.5,0.5,0.5,0.5,0.5,0.5,1,0,0,neutral,Unknown,individual,unknown,original,no,0,0,0,0,0,0,0,0,0,0,0,0
365,101,24,11311,4.208333333333333,30.98904109589041,0,0,0.5,1.0,0.0,0,0,0.0,0.0,0.0,0.0,0.0,0.0,0.0,0.0,0.0,0,0,0,0.5,0.5,0.5,0.5,0.5,0.5,0.5,0.5,0.5,1,0,0,neutral,Unknown,individual,unknown,original,no,0,0,0,0,0,0,0,0,0,0,0,1
365,2108,3613,161880,0.5834486576252422,443.5068493150685,0,0,0.5,1.0,0.0,0,0,0.0,0.0,0.0,0.0,0.0,0.0,0.0,0.0,0.0,0,0,0,0.5,0.5,0.5,0.5,0.5,0.5,0.5,0.5,0.5,1,0,0,neutral,Unknown,individual,unknown,original,no,0,0,0,0,0,0,0,0,0,0,0,0
365,294,1374,9388,0.21397379912663755,25.720547945205478,0,0,0.5,1.0,0.0,0,0,0.0,0.0,0.0,0.0,0.0,0.0,0.0,0.0,0.0,0,0,0,0.5,0.5,0.5,0.5,0.5,0.5,0.5,0.5,0.5,1,0,0,neutral,Unknown,individual,unknown,original,no,0,0,0,0,0,0,0,0,0,0,0,0
365,40473,32522,145520,1.244480659246049,398.6849315068493,0,0,0.5,1.0,0.0,0,0,0.0,0.0,0.0,0.0,0.0,0.0,0.0,0.0,0.0,0,0,0,0.5,0.5,0.5,0.5,0.5,0.5,0.5,0.5,0.5,1,0,0,neutral,Unknown,individual,unknown,original,no,0,0,0,0,0,0,0,0,0,0,0,1
365,42,0,1129,0.0,3.0931506849315067,0,0,0.5,1.0,0.0,0,0,0.0,0.0,0.0,0.0,0.0,0.0,0.0,0.0,0.0,0,0,0,0.5,0.5,0.5,0.3,0.5,0.5,0.5,0.42000000000000004,0.5,1,0,0,neutral,Unknown,individual,unknown,original,no,0,0,0,0,0,0,0,0,0,0,0,1
365,426,488,4812,0.8729508196721312,13.183561643835617,0,0,0.5,1.0,0.0,0,0,0.0,0.0,0.0,0.0,0.0,0.0,0.0,0.0,0.0,0,0,0,0.5,0.5,0.5,0.5,0.5,0.5,0.5,0.5,0.5,1,0,0,neutral,Unknown,individual,unknown,original,no,0,0,0,0,0,0,0,0,0,0,0,0
365,382,0,5334,0.0,14.613698630136986,0,0,0.5,1.0,0.0,0,0,0.0,0.0,0.0,0.0,0.0,0.0,0.0,0.0,0.0,0,0,0,0.5,0.5,0.5,0.3,0.5,0.5,0.5,0.42000000000000004,0.5,1,0,0,neutral,Unknown,individual,unknown,original,no,0,0,0,0,0,0,0,0,0,0,0,1
365,63,92,893,0.6847826086956522,2.4465753424657533,0,0,0.5,1.0,0.0,0,0,0.0,0.0,0.0,0.0,0.0,0.0,0.0,0.0,0.0,0,0,0,0.5,0.5,0.5,0.5,0.5,0.5,0.5,0.5,0.5,1,0,0,neutral,Unknown,individual,unknown,original,no,0,0,0,0,0,0,0,0,0,0,0,0
365,468,865,5968,0.5410404624277456,16.350684931506848,0,0,0.5,1.0,0.0,0,0,0.0,0.0,0.0,0.0,0.0,0.0,0.0,0.0,0.0,0,0,0,0.5,0.5,0.5,0.5,0.5,0.5,0.5,0.5,0.5,1,0,0,neutral,Unknown,individual,unknown,original,no,0,0,0,0,0,0,0,0,0,0,0,1
365,14,7,6054,2.0,16.586301369863012,0,0,0.5,1.0,0.0,0,0,0.0,0.0,0.0,0.0,0.0,0.0,0.0,0.0,0.0,0,0,0,0.5,0.5,0.5,0.5,0.5,0.5,0.5,0.5,0.5,1,0,0,neutral,Unknown,individual,unknown,original,no,0,0,0,0,0,0,0,0,0,0,0,1
365,310,363,7277,0.8539944903581267,19.936986301369863,0,0,0.5,1.0,0.0,0,0,0.0,0.0,0.0,0.0,0.0,0.0,0.0,0.0,0.0,0,0,0,0.5,0.5,0.5,0.5,0.5,0.5,0.5,0.5,0.5,1,0,0,neutral,Unknown,individual,unknown,original,no,0,0,0,0,0,0,0,0,0,0,0,0
365,76,26,1229,2.923076923076923,3.367123287671233,0,0,0.5,1.0,0.0,0,0,0.0,0.0,0.0,0.0,0.0,0.0,0.0,0.0,0.0,0,0,0,0.5,0.5,0.5,0.5,0.5,0.5,0.5,0.5,0.5,1,0,0,neutral,Unknown,individual,unknown,original,no,0,0,0,0,0,0,0,0,0,0,0,0
365,804,691,10539,1.1635311143270621,28.873972602739727,0,0,0.5,1.0,0.0,0,0,0.0,0.0,0.0,0.0,0.0,0.0,0.0,0.0,0.0,0,0,0,0.5,0.5,0.5,0.5,0.5,0.5,0.5,0.5,0.5,1,0,0,neutral,Unknown,individual,unknown,original,no,0,0,0,0,0,0,0,0,0,0,0,1
365,182,131,4886,1.3893129770992367,13.386301369863014,0,0,0.5,1.0,0.0,0,0,0.0,0.0,0.0,0.0,0.0,0.0,0.0,0.0,0.0,0,0,0,0.5,0.5,0.5,0.5,0.5,0.5,0.5,0.5,0.5,1,0,0,neutral,Unknown,individual,unknown,original,no,0,0,0,0,0,0,0,0,0,0,0,1
365,461,834,11501,0.552757793764988,31.50958904109589,0,0,0.5,1.0,0.0,0,0,0.0,0.0,0.0,0.0,0.0,0.0,0.0,0.0,0.0,0,0,0,0.5,0.5,0.5,0.5,0.5,0.5,0.5,0.5,0.5,1,0,0,neutral,Unknown,individual,unknown,original,no,0,0,0,0,0,0,0,0,0,0,0,1
365,1181,1436,15582,0.8224233983286908,42.69041095890411,0,0,0.5,1.0,0.0,0,0,0.0,0.0,0.0,0.0,0.0,0.0,0.0,0.0,0.0,0,0,0,0.5,0.5,0.5,0.5,0.5,0.5,0.5,0.5,0.5,1,0,0,neutral,Unknown,individual,unknown,original,no,0,0,0,0,0,0,0,0,0,0,0,0
365,28,1,2623,28.0,7.186301369863013,0,0,0.5,1.0,0.0,0,0,0.0,0.0,0.0,0.0,0.0,0.0,0.0,0.0,0.0,0,0,0,0.5,0.5,0.5,0.5,0.5,0.5,0.5,0.5,0.5,1,0,0,neutral,Unknown,individual,unknown,original,no,0,0,0,0,0,0,0,0,0,0,0,1
365,166,95,4730,1.7473684210526317,12.95890410958904,0,0,0.5,1.0,0.0,0,0,0.0,0.0,0.0,0.0,0.0,0.0,0.0,0.0,0.0,0,0,0,0.5,0.5,0.5,0.5,0.5,0.5,0.5,0.5,0.5,1,0,0,neutral,Unknown,individual,unknown,original,no,0,0,0,0,0,0,0,0,0,0,0,1
365,767,599,9473,1.2804674457429048,25.953424657534246,0,0,0.5,1.0,0.0,0,0,0.0,0.0,0.0,0.0,0.0,0.0,0.0,0.0,0.0,0,0,0,0.5,0.5,0.5,0.5,0.5,0.5,0.5,0.5,0.5,1,0,0,neutral,Unknown,individual,unknown,original,no,0,0,0,0,0,0,0,0,0,0,0,0
365,573,326,16424,1.7576687116564418,44.9972602739726,0,0,0.5,1.0,0.0,0,0,0.0,0.0,0.0,0.0,0.0,0.0,0.0,0.0,0.0,0,0,0,0.5,0.5,0.5,0.5,0.5,0.5,0.5,0.5,0.5,1,0,0,neutral,Unknown,individual,unknown,original,no,0,0,0,0,0,0,0,0,0,0,0,0
365,17,122,491,0.13934426229508196,1.3452054794520547,0,0,0.5,1.0,0.0,0,0,0.0,0.0,0.0,0.0,0.0,0.0,0.0,0.0,0.0,0,0,0,0.5,0.5,0.5,0.5,0.5,0.5,0.5,0.5,0.5,1,0,0,neutral,Unknown,individual,unknown,original,no,0,0,0,0,0,0,0,0,0,0,0,1
365,882,1615,14689,0.5461300309597523,40.24383561643835,0,0,0.5,1.0,0.0,0,0,0.0,0.0,0.0,0.0,0.0,0.0,0.0,0.0,0.0,0,0,0,0.5,0.5,0.5,0.5,0.5,0.5,0.5,0.5,0.5,1,0,0,neutral,Unknown,individual,unknown,original,no,0,0,0,0,0,0,0,0,0,0,0,0
365,261,249,27592,1.0481927710843373,75.59452054794521,0,0,0.5,1.0,0.0,0,0,0.0,0.0,0.0,0.0,0.0,0.0,0.0,0.0,0.0,0,0,0,0.5,0.5,0.5,0.5,0.5,0.5,0.5,0.5,0.5,1,0,0,neutral,Unknown,individual,unknown,original,no,0,0,0,0,0,0,0,0,0,0,0,1
365,9,50,536,0.18,1.4684931506849315,0,0,0.5,1.0,0.0,0,0,0.0,0.0,0.0,0.0,0.0,0.0,0.0,0.0,0.0,0,0,0,0.5,0.5,0.5,0.5,0.5,0.5,0.5,0.5,0.5,1,0,0,neutral,Unknown,individual,unknown,original,no,0,0,0,0,0,0,0,0,0,0,0,0
365,9,8,4028,1.125,11.035616438356165,0,0,0.5,1.0,0.0,0,0,0.0,0.0,0.0,0.0,0.0,0.0,0.0,0.0,0.0,0,0,0,0.5,0.5,0.5,0.5,0.5,0.5,0.5,0.5,0.5,1,0,0,neutral,Unknown,individual,unknown,original,no,0,0,0,0,0,0,0,0,0,0,0,1
365,27,55,2965,0.4909090909090909,8.123287671232877,0,0,0.5,1.0,0.0,0,0,0.0,0.0,0.0,0.0,0.0,0.0,0.0,0.0,0.0,0,0,0,0.5,0.5,0.5,0.5,0.5,0.5,0.5,0.5,0.5,1,0,0,neutral,Unknown,individual,unknown,original,no,0,0,0,0,0,0,0,0,0,0,0,0
365,219,63,4517,3.4761904761904763,12.375342465753425,0,0,0.5,1.0,0.0,0,0,0.0,0.0,0.0,0.0,0.0,0.0,0.0,0.0,0.0,0,0,0,0.5,0.5,0.5,0.5,0.5,0.5,0.5,0.5,0.5,1,0,0,neutral,Unknown,individual,unknown,original,no,0,0,0,0,0,0,0,0,0,0,0,1
365,378,316,19235,1.1962025316455696,52.6986301369863,0,0,0.5,1.0,0.0,0,0,0.0,0.0,0.0,0.0,0.0,0.0,0.0,0.0,0.0,0,0,0,0.5,0.5,0.5,0.5,0.5,0.5,0.5,0.5,0.5,1,0,0,neutral,Unknown,individual,unknown,original,no,0,0,0,0,0,0,0,0,0,0,0,0
365,836,550,21867,1.52,59.90958904109589,0,0,0.5,1.0,0.0,0,0,0.0,0.0,0.0,0.0,0.0,0.0,0.0,0.0,0.0,0,0,0,0.5,0.5,0.5,0.5,0.5,0.5,0.5,0.5,0.5,1,0,0,neutral,Unknown,individual,unknown,original,no,0,0,0,0,0,0,0,0,0,0,0,0
365,459,898,7698,0.5111358574610245,21.09041095890411,0,0,0.5,1.0,0.0,0,0,0.0,0.0,0.0,0.0,0.0,0.0,0.0,0.0,0.0,0,0,0,0.5,0.5,0.5,0.5,0.5,0.5,0.5,0.5,0.5,1,0,0,neutral,Unknown,individual,unknown,original,no,0,0,0,0,0,0,0,0,0,0,0,1
365,237,144,6710,1.6458333333333333,18.383561643835616,0,0,0.5,1.0,0.0,0,0,0.0,0.0,0.0,0.0,0.0,0.0,0.0,0.0,0.0,0,0,0,0.5,0.5,0.5,0.5,0.5,0.5,0.5,0.5,0.5,1,0,0,neutral,Unknown,individual,unknown,original,no,0,0,0,0,0,0,0,0,0,0,0,1
365,159,241,5666,0.6597510373443983,15.523287671232877,0,0,0.5,1.0,0.0,0,0,0.0,0.0,0.0,0.0,0.0,0.0,0.0,0.0,0.0,0,0,0,0.5,0.5,0.5,0.5,0.5,0.5,0.5,0.5,0.5,1,0,0,neutral,Unknown,individual,unknown,original,no,0,0,0,0,0,0,0,0,0,0,0,0
365,492,1083,6079,0.45429362880886426,16.654794520547945,0,0,0.5,1.0,0.0,0,0,0.0,0.0,0.0,0.0,0.0,0.0,0.0,0.0,0.0,0,0,0,0.5,0.5,0.5,0.5,0.5,0.5,0.5,0.5,0.5,1,0,0,neutral,Unknown,individual,unknown,original,no,0,0,0,0,0,0,0,0,0,0,0,1
365,257,348,4481,0.7385057471264368,12.276712328767124,0,0,0.5,1.0,0.0,0,0,0.0,0.0,0.0,0.0,0.0,0.0,0.0,0.0,0.0,0,0,0,0.5,0.5,0.5,0.5,0.5,0.5,0.5,0.5,0.5,1,0,0,neutral,Unknown,individual,unknown,original,no,0,0,0,0,0,0,0,0,0,0,0,1
365,582,499,33761,1.1663326653306614,92.4958904109589,0,0,0.5,1.0,0.0,0,0,0.0,0.0,0.0,0.0,0.0,0.0,0.0,0.0,0.0,0,0,0,0.5,0.5,0.5,0.5,0.5,0.5,0.5,0.5,0.5,1,0,0,neutral,Unknown,individual,unknown,original,no,0,0,0,0,0,0,0,0,0,0,0,1
365,942,748,53431,1.2593582887700534,146.38630136986302,0,0,0.5,1.0,0.0,0,0,0.0,0.0,0.0,0.0,0.0,0.0,0.0,0.0,0.0,0,0,0,0.5,0.5,0.5,0.5,0.5,0.5,0.5,0.5,0.5,1,0,0,neutral,Unknown,individual,unknown,original,no,0,0,0,0,0,0,0,0,0,0,0,1
365,460,449,10546,1.024498886414254,28.893150684931506,0,0,0.5,1.0,0.0,0,0,0.0,0.0,0.0,0.0,0.0,0.0,0.0,0.0,0.0,0,0,0,0.5,0.5,0.5,0.5,0.5,0.5,0.5,0.5,0.5,1,0,0,neutral,Unknown,individual,unknown,original,no,0,0,0,0,0,0,0,0,0,0,0,1
365,30,55,5263,0.5454545454545454,14.419178082191781,0,0,0.5,1.0,0.0,0,0,0.0,0.0,0.0,0.0,0.0,0.0,0.0,0.0,0.0,0,0,0,0.5,0.5,0.5,0.5,0.5,0.5,0.5,0.5,0.5,1,0,0,neutral,Unknown,individual,unknown,original,no,0,0,0,0,0,0,0,0,0,0,0,1
365,281,699,3101,0.402002861230329,8.495890410958904,0,0,0.5,1.0,0.0,0,0,0.0,0.0,0.0,0.0,0.0,0.0,0.0,0.0,0.0,0,0,0,0.5,0.5,0.5,0.5,0.5,0.5,0.5,0.5,0.5,1,0,0,neutral,Unknown,individual,unknown,original,no,0,0,0,0,0,0,0,0,0,0,0,1
365,3,1,715011,3.0,1958.9342465753425,0,0,0.5,1.0,0.0,0,0,0.0,0.0,0.0,0.0,0.0,0.0,0.0,0.0,0.0,0,0,0,0.5,0.5,0.5,0.5,0.5,0.5,0.5,0.5,0.5,1,0,0,neutral,Unknown,individual,unknown,original,no,0,0,0,0,0,0,0,0,0,0,0,1
365,204,233,6511,0.8755364806866953,17.838356164383562,0,0,0.5,1.0,0.0,0,0,0.0,0.0,0.0,0.0,0.0,0.0,0.0,0.0,0.0,0,0,0,0.5,0.5,0.5,0.5,0.5,0.5,0.5,0.5,0.5,1,0,0,neutral,Unknown,individual,unknown,original,no,0,0,0,0,0,0,0,0,0,0,0,1
365,1237,426,44825,2.903755868544601,122.8082191780822,0,0,0.5,1.0,0.0,0,0,0.0,0.0,0.0,0.0,0.0,0.0,0.0,0.0,0.0,0,0,0,0.5,0.5,0.5,0.5,0.5,0.5,0.5,0.5,0.5,1,0,0,neutral,Unknown,individual,unknown,original,no,0,0,0,0,0,0,0,0,0,0,0,1
365,197,207,2116,0.9516908212560387,5.7972602739726025,0,0,0.5,1.0,0.0,0,0,0.0,0.0,0.0,0.0,0.0,0.0,0.0,0.0,0.0,0,0,0,0.5,0.5,0.5,0.5,0.5,0.5,0.5,0.5,0.5,1,0,0,neutral,Unknown,individual,unknown,original,no,0,0,0,0,0,0,0,0,0,0,0,1
365,2791,1,141413,2791.0,387.4328767123288,0,0,0.5,1.0,0.0,0,0,0.0,0.0,0.0,0.0,0.0,0.0,0.0,0.0,0.0,0,0,0,0.5,0.5,0.5,0.4,0.5,0.5,0.5,0.4600000000000001,0.5,1,0,0,neutral,Unknown,individual,unknown,original,no,0,0,0,0,0,0,0,0,0,0,0,1
365,202,88,2798,2.2954545454545454,7.6657534246575345,0,0,0.5,1.0,0.0,0,0,0.0,0.0,0.0,0.0,0.0,0.0,0.0,0.0,0.0,0,0,0,0.5,0.5,0.5,0.5,0.5,0.5,0.5,0.5,0.5,1,0,0,neutral,Unknown,individual,unknown,original,no,0,0,0,0,0,0,0,0,0,0,0,1
365,10,8,4907,1.25,13.443835616438356,0,0,0.5,1.0,0.0,0,0,0.0,0.0,0.0,0.0,0.0,0.0,0.0,0.0,0.0,0,0,0,0.5,0.5,0.5,0.5,0.5,0.5,0.5,0.5,0.5,1,0,0,neutral,Unknown,individual,unknown,original,no,0,0,0,0,0,0,0,0,0,0,0,1
365,2501,1073,25906,2.330848089468779,70.97534246575343,0,0,0.5,1.0,0.0,0,0,0.0,0.0,0.0,0.0,0.0,0.0,0.0,0.0,0.0,0,0,0,0.5,0.5,0.5,0.5,0.5,0.5,0.5,0.5,0.5,1,0,0,neutral,Unknown,individual,unknown,original,no,0,0,0,0,0,0,0,0,0,0,0,0
365,403,632,370,0.6376582278481012,1.0136986301369864,0,0,0.5,1.0,0.0,0,0,0.0,0.0,0.0,0.0,0.0,0.0,0.0,0.0,0.0,0,0,0,0.5,0.5,0.5,0.5,0.5,0.5,0.5,0.5,0.5,1,0,0,neutral,Unknown,individual,unknown,original,no,0,0,0,0,0,0,0,0,0,0,0,0
365,263,489,11979,0.5378323108384458,32.81917808219178,0,0,0.5,1.0,0.0,0,0,0.0,0.0,0.0,0.0,0.0,0.0,0.0,0.0,0.0,0,0,0,0.5,0.5,0.5,0.5,0.5,0.5,0.5,0.5,0.5,1,0,0,neutral,Unknown,individual,unknown,original,no,0,0,0,0,0,0,0,0,0,0,0,1
365,3966,273,22448,14.527472527472527,61.5013698630137,0,0,0.5,1.0,0.0,0,0,0.0,0.0,0.0,0.0,0.0,0.0,0.0,0.0,0.0,0,0,0,0.5,0.5,0.5,0.5,0.5,0.5,0.5,0.5,0.5,1,0,0,neutral,Unknown,individual,unknown,original,no,0,0,0,0,0,0,0,0,0,0,0,0
365,1443,1334,55272,1.0817091454272865,151.43013698630136,0,0,0.5,1.0,0.0,0,0,0.0,0.0,0.0,0.0,0.0,0.0,0.0,0.0,0.0,0,0,0,0.5,0.5,0.5,0.5,0.5,0.5,0.5,0.5,0.5,1,0,0,neutral,Unknown,individual,unknown,original,no,0,0,0,0,0,0,0,0,0,0,0,0
365,1044,677,65490,1.5420974889217134,179.42465753424656,0,0,0.5,1.0,0.0,0,0,0.0,0.0,0.0,0.0,0.0,0.0,0.0,0.0,0.0,0,0,0,0.5,0.5,0.5,0.5,0.5,0.5,0.5,0.5,0.5,1,0,0,neutral,Unknown,individual,unknown,original,no,0,0,0,0,0,0,0,0,0,0,0,0
365,140,52,4939,2.6923076923076925,13.531506849315068,0,0,0.5,1.0,0.0,0,0,0.0,0.0,0.0,0.0,0.0,0.0,0.0,0.0,0.0,0,0,0,0.5,0.5,0.5,0.5,0.5,0.5,0.5,0.5,0.5,1,0,0,neutral,Unknown,individual,unknown,original,no,0,0,0,0,0,0,0,0,0,0,0,1
365,222,187,2705,1.1871657754010696,7.410958904109589,0,0,0.5,1.0,0.0,0,0,0.0,0.0,0.0,0.0,0.0,0.0,0.0,0.0,0.0,0,0,0,0.5,0.5,0.5,0.5,0.5,0.5,0.5,0.5,0.5,1,0,0,neutral,Unknown,individual,unknown,original,no,0,0,0,0,0,0,0,0,0,0,0,0
365,9,26,2581,0.34615384615384615,7.071232876712329,0,0,0.5,1.0,0.0,0,0,0.0,0.0,0.0,0.0,0.0,0.0,0.0,0.0,0.0,0,0,0,0.5,0.5,0.5,0.5,0.5,0.5,0.5,0.5,0.5,1,0,0,neutral,Unknown,individual,unknown,original,no,0,0,0,0,0,0,0,0,0,0,0,1
365,594,927,15344,0.6407766990291263,42.038356164383565,0,0,0.5,1.0,0.0,0,0,0.0,0.0,0.0,0.0,0.0,0.0,0.0,0.0,0.0,0,0,0,0.5,0.5,0.5,0.5,0.5,0.5,0.5,0.5,0.5,1,0,0,neutral,Unknown,individual,unknown,original,no,0,0,0,0,0,0,0,0,0,0,0,1
365,339,489,7639,0.6932515337423313,20.92876712328767,0,0,0.5,1.0,0.0,0,0,0.0,0.0,0.0,0.0,0.0,0.0,0.0,0.0,0.0,0,0,0,0.5,0.5,0.5,0.5,0.5,0.5,0.5,0.5,0.5,1,0,0,neutral,Unknown,individual,unknown,original,no,0,0,0,0,0,0,0,0,0,0,0,1
365,169,388,13601,0.43556701030927836,37.26301369863014,0,0,0.5,1.0,0.0,0,0,0.0,0.0,0.0,0.0,0.0,0.0,0.0,0.0,0.0,0,0,0,0.5,0.5,0.5,0.5,0.5,0.5,0.5,0.5,0.5,1,0,0,neutral,Unknown,individual,unknown,original,no,0,0,0,0,0,0,0,0,0,0,0,0
365,217,2064,53928,0.10513565891472869,147.74794520547945,0,0,0.5,1.0,0.0,0,0,0.0,0.0,0.0,0.0,0.0,0.0,0.0,0.0,0.0,0,0,0,0.5,0.5,0.5,0.5,0.5,0.5,0.5,0.5,0.5,1,0,0,neutral,Unknown,individual,unknown,original,no,0,0,0,0,0,0,0,0,0,0,0,0
365,340,519,23587,0.6551059730250481,64.62191780821918,0,0,0.5,1.0,0.0,0,0,0.0,0.0,0.0,0.0,0.0,0.0,0.0,0.0,0.0,0,0,0,0.5,0.5,0.5,0.5,0.5,0.5,0.5,0.5,0.5,1,0,0,neutral,Unknown,individual,unknown,original,no,0,0,0,0,0,0,0,0,0,0,0,1
365,5689,2150,89502,2.646046511627907,245.2109589041096,0,0,0.5,1.0,0.0,0,0,0.0,0.0,0.0,0.0,0.0,0.0,0.0,0.0,0.0,0,0,0,0.5,0.5,0.5,0.5,0.5,0.5,0.5,0.5,0.5,1,0,0,neutral,Unknown,individual,unknown,original,no,0,0,0,0,0,0,0,0,0,0,0,0
365,303,63,34260,4.809523809523809,93.86301369863014,0,0,0.5,1.0,0.0,0,0,0.0,0.0,0.0,0.0,0.0,0.0,0.0,0.0,0.0,0,0,0,0.5,0.5,0.5,0.5,0.5,0.5,0.5,0.5,0.5,1,0,0,neutral,Unknown,individual,unknown,original,no,0,0,0,0,0,0,0,0,0,0,0,0
365,278,302,28929,0.9205298013245033,79.25753424657535,0,0,0.5,1.0,0.0,0,0,0.0,0.0,0.0,0.0,0.0,0.0,0.0,0.0,0.0,0,0,0,0.5,0.5,0.5,0.5,0.5,0.5,0.5,0.5,0.5,1,0,0,neutral,Unknown,individual,unknown,original,no,0,0,0,0,0,0,0,0,0,0,0,1
365,39,289,1601,0.13494809688581316,4.3863013698630136,0,0,0.5,1.0,0.0,0,0,0.0,0.0,0.0,0.0,0.0,0.0,0.0,0.0,0.0,0,0,0,0.5,0.5,0.5,0.5,0.5,0.5,0.5,0.5,0.5,1,0,0,neutral,Unknown,individual,unknown,original,no,0,0,0,0,0,0,0,0,0,0,0,0
365,441,1239,2688,0.3559322033898305,7.364383561643836,0,0,0.5,1.0,0.0,0,0,0.0,0.0,0.0,0.0,0.0,0.0,0.0,0.0,0.0,0,0,0,0.5,0.5,0.5,0.5,0.5,0.5,0.5,0.5,0.5,1,0,0,neutral,Unknown,individual,unknown,original,no,0,0,0,0,0,0,0,0,0,0,0,0
365,763,90,13916,8.477777777777778,38.12602739726027,0,0,0.5,1.0,0.0,0,0,0.0,0.0,0.0,0.0,0.0,0.0,0.0,0.0,0.0,0,0,0,0.5,0.5,0.5,0.5,0.5,0.5,0.5,0.5,0.5,1,0,0,neutral,Unknown,individual,unknown,original,no,0,0,0,0,0,0,0,0,0,0,0,1
365,1465,1876,65895,0.7809168443496801,180.53424657534248,0,0,0.5,1.0,0.0,0,0,0.0,0.0,0.0,0.0,0.0,0.0,0.0,0.0,0.0,0,0,0,0.5,0.5,0.5,0.5,0.5,0.5,0.5,0.5,0.5,1,0,0,neutral,Unknown,individual,unknown,original,no,0,0,0,0,0,0,0,0,0,0,0,0
365,128,192,4942,0.6666666666666666,13.53972602739726,0,0,0.5,1.0,0.0,0,0,0.0,0.0,0.0,0.0,0.0,0.0,0.0,0.0,0.0,0,0,0,0.5,0.5,0.5,0.5,0.5,0.5,0.5,0.5,0.5,1,0,0,neutral,Unknown,individual,unknown,original,no,0,0,0,0,0,0,0,0,0,0,0,1
365,46,121,609,0.38016528925619836,1.6684931506849314,0,0,0.5,1.0,0.0,0,0,0.0,0.0,0.0,0.0,0.0,0.0,0.0,0.0,0.0,0,0,0,0.5,0.5,0.5,0.5,0.5,0.5,0.5,0.5,0.5,1,0,0,neutral,Unknown,individual,unknown,original,no,0,0,0,0,0,0,0,0,0,0,0,1
365,496,1084,7246,0.4575645756457565,19.852054794520548,0,0,0.5,1.0,0.0,0,0,0.0,0.0,0.0,0.0,0.0,0.0,0.0,0.0,0.0,0,0,0,0.5,0.5,0.5,0.5,0.5,0.5,0.5,0.5,0.5,1,0,0,neutral,Unknown,individual,unknown,original,no,0,0,0,0,0,0,0,0,0,0,0,1
365,126,134,1234,0.9402985074626866,3.3808219178082193,0,0,0.5,1.0,0.0,0,0,0.0,0.0,0.0,0.0,0.0,0.0,0.0,0.0,0.0,0,0,0,0.5,0.5,0.5,0.5,0.5,0.5,0.5,0.5,0.5,1,0,0,neutral,Unknown,individual,unknown,original,no,0,0,0,0,0,0,0,0,0,0,0,1
365,92,13,5281,7.076923076923077,14.468493150684932,0,0,0.5,1.0,0.0,0,0,0.0,0.0,0.0,0.0,0.0,0.0,0.0,0.0,0.0,0,0,0,0.5,0.5,0.5,0.5,0.5,0.5,0.5,0.5,0.5,1,0,0,neutral,Unknown,individual,unknown,original,no,0,0,0,0,0,0,0,0,0,0,0,1
365,7242,1431,16955,5.060796645702306,46.45205479452055,0,0,0.5,1.0,0.0,0,0,0.0,0.0,0.0,0.0,0.0,0.0,0.0,0.0,0.0,0,0,0,0.5,0.5,0.5,0.5,0.5,0.5,0.5,0.5,0.5,1,0,0,neutral,Unknown,individual,unknown,original,no,0,0,0,0,0,0,0,0,0,0,0,1
365,107,144,5954,0.7430555555555556,16.312328767123287,0,0,0.5,1.0,0.0,0,0,0.0,0.0,0.0,0.0,0.0,0.0,0.0,0.0,0.0,0,0,0,0.5,0.5,0.5,0.5,0.5,0.5,0.5,0.5,0.5,1,0,0,neutral,Unknown,individual,unknown,original,no,0,0,0,0,0,0,0,0,0,0,0,1
365,542,445,11454,1.2179775280898877,31.38082191780822,0,0,0.5,1.0,0.0,0,0,0.0,0.0,0.0,0.0,0.0,0.0,0.0,0.0,0.0,0,0,0,0.5,0.5,0.5,0.5,0.5,0.5,0.5,0.5,0.5,1,0,0,neutral,Unknown,individual,unknown,original,no,0,0,0,0,0,0,0,0,0,0,0,1
365,6933,1461,15482,4.745379876796714,42.416438356164385,0,0,0.5,1.0,0.0,0,0,0.0,0.0,0.0,0.0,0.0,0.0,0.0,0.0,0.0,0,0,0,0.5,0.5,0.5,0.5,0.5,0.5,0.5,0.5,0.5,1,0,0,neutral,Unknown,individual,unknown,original,no,0,0,0,0,0,0,0,0,0,0,0,0
365,0,2,1455,0.0,3.9863013698630136,0,0,0.5,1.0,0.0,0,0,0.0,0.0,0.0,0.0,0.0,0.0,0.0,0.0,0.0,0,0,0,0.5,0.5,0.5,0.8,0.5,0.5,0.5,0.6200000000000001,0.5,1,0,0,neutral,Unknown,individual,unknown,original,no,0,0,0,0,0,0,0,0,0,0,0,0
365,292,420,2998,0.6952380952380952,8.213698630136987,0,0,0.5,1.0,0.0,0,0,0.0,0.0,0.0,0.0,0.0,0.0,0.0,0.0,0.0,0,0,0,0.5,0.5,0.5,0.5,0.5,0.5,0.5,0.5,0.5,1,0,0,neutral,Unknown,individual,unknown,original,no,0,0,0,0,0,0,0,0,0,0,0,1
365,139,54,5472,2.574074074074074,14.991780821917809,0,0,0.5,1.0,0.0,0,0,0.0,0.0,0.0,0.0,0.0,0.0,0.0,0.0,0.0,0,0,0,0.5,0.5,0.5,0.5,0.5,0.5,0.5,0.5,0.5,1,0,0,neutral,Unknown,individual,unknown,original,no,0,0,0,0,0,0,0,0,0,0,0,1
365,15,36,1351,0.4166666666666667,3.7013698630136984,0,0,0.5,1.0,0.0,0,0,0.0,0.0,0.0,0.0,0.0,0.0,0.0,0.0,0.0,0,0,0,0.5,0.5,0.5,0.5,0.5,0.5,0.5,0.5,0.5,1,0,0,neutral,Unknown,individual,unknown,original,no,0,0,0,0,0,0,0,0,0,0,0,0
365,273,544,3559,0.5018382352941176,9.75068493150685,0,0,0.5,1.0,0.0,0,0,0.0,0.0,0.0,0.0,0.0,0.0,0.0,0.0,0.0,0,0,0,0.5,0.5,0.5,0.5,0.5,0.5,0.5,0.5,0.5,1,0,0,neutral,Unknown,individual,unknown,original,no,0,0,0,0,0,0,0,0,0,0,0,1
365,36,112,7413,0.32142857142857145,20.30958904109589,0,0,0.5,1.0,0.0,0,0,0.0,0.0,0.0,0.0,0.0,0.0,0.0,0.0,0.0,0,0,0,0.5,0.5,0.5,0.5,0.5,0.5,0.5,0.5,0.5,1,0,0,neutral,Unknown,individual,unknown,original,no,0,0,0,0,0,0,0,0,0,0,0,1
365,603,284,29162,2.1232394366197185,79.8958904109589,0,0,0.5,1.0,0.0,0,0,0.0,0.0,0.0,0.0,0.0,0.0,0.0,0.0,0.0,0,0,0,0.5,0.5,0.5,0.5,0.5,0.5,0.5,0.5,0.5,1,0,0,neutral,Unknown,individual,unknown,original,no,0,0,0,0,0,0,0,0,0,0,0,0
365,236,456,3560,0.5175438596491229,9.753424657534246,0,0,0.5,1.0,0.0,0,0,0.0,0.0,0.0,0.0,0.0,0.0,0.0,0.0,0.0,0,0,0,0.5,0.5,0.5,0.5,0.5,0.5,0.5,0.5,0.5,1,0,0,neutral,Unknown,individual,unknown,original,no,0,0,0,0,0,0,0,0,0,0,0,1
365,2334,996,11729,2.3433734939759034,32.134246575342466,0,0,0.5,1.0,0.0,0,0,0.0,0.0,0.0,0.0,0.0,0.0,0.0,0.0,0.0,0,0,0,0.5,0.5,0.5,0.5,0.5,0.5,0.5,0.5,0.5,1,0,0,neutral,Unknown,individual,unknown,original,no,0,0,0,0,0,0,0,0,0,0,0,0
365,12,14,454,0.8571428571428571,1.2438356164383562,0,0,0.5,1.0,0.0,0,0,0.0,0.0,0.0,0.0,0.0,0.0,0.0,0.0,0.0,0,0,0,0.5,0.5,0.5,0.5,0.5,0.5,0.5,0.5,0.5,1,0,0,neutral,Unknown,individual,unknown,original,no,0,0,0,0,0,0,0,0,0,0,0,1
365,14,55,418,0.2545454545454545,1.1452054794520548,0,0,0.5,1.0,0.0,0,0,0.0,0.0,0.0,0.0,0.0,0.0,0.0,0.0,0.0,0,0,0,0.5,0.5,0.5,0.5,0.5,0.5,0.5,0.5,0.5,1,0,0,neutral,Unknown,individual,unknown,original,no,0,0,0,0,0,0,0,0,0,0,0,0
365,2249,2220,2662,1.013063063063063,7.293150684931507,0,0,0.5,1.0,0.0,0,0,0.0,0.0,0.0,0.0,0.0,0.0,0.0,0.0,0.0,0,0,0,0.5,0.5,0.5,0.5,0.5,0.5,0.5,0.5,0.5,1,0,0,neutral,Unknown,individual,unknown,original,no,0,0,0,0,0,0,0,0,0,0,0,0
365,269,182,3999,1.478021978021978,10.956164383561644,0,0,0.5,1.0,0.0,0,0,0.0,0.0,0.0,0.0,0.0,0.0,0.0,0.0,0.0,0,0,0,0.5,0.5,0.5,0.5,0.5,0.5,0.5,0.5,0.5,1,0,0,neutral,Unknown,individual,unknown,original,no,0,0,0,0,0,0,0,0,0,0,0,1
365,573,575,6724,0.9965217391304347,18.421917808219177,0,0,0.5,1.0,0.0,0,0,0.0,0.0,0.0,0.0,0.0,0.0,0.0,0.0,0.0,0,0,0,0.5,0.5,0.5,0.5,0.5,0.5,0.5,0.5,0.5,1,0,0,neutral,Unknown,individual,unknown,original,no,0,0,0,0,0,0,0,0,0,0,0,0
365,1725,949,32925,1.8177028451001054,90.20547945205479,0,0,0.5,1.0,0.0,0,0,0.0,0.0,0.0,0.0,0.0,0.0,0.0,0.0,0.0,0,0,0,0.5,0.5,0.5,0.5,0.5,0.5,0.5,0.5,0.5,1,0,0,neutral,Unknown,individual,unknown,original,no,0,0,0,0,0,0,0,0,0,0,0,0
365,478,886,4959,0.5395033860045146,13.586301369863014,0,0,0.5,1.0,0.0,0,0,0.0,0.0,0.0,0.0,0.0,0.0,0.0,0.0,0.0,0,0,0,0.5,0.5,0.5,0.5,0.5,0.5,0.5,0.5,0.5,1,0,0,neutral,Unknown,individual,unknown,original,no,0,0,0,0,0,0,0,0,0,0,0,1
365,67,474,1300,0.14135021097046413,3.5616438356164384,0,0,0.5,1.0,0.0,0,0,0.0,0.0,0.0,0.0,0.0,0.0,0.0,0.0,0.0,0,0,0,0.5,0.5,0.5,0.5,0.5,0.5,0.5,0.5,0.5,1,0,0,neutral,Unknown,individual,unknown,original,no,0,0,0,0,0,0,0,0,0,0,0,0
365,66,77,4641,0.8571428571428571,12.715068493150685,0,0,0.5,1.0,0.0,0,0,0.0,0.0,0.0,0.0,0.0,0.0,0.0,0.0,0.0,0,0,0,0.5,0.5,0.5,0.5,0.5,0.5,0.5,0.5,0.5,1,0,0,neutral,Unknown,individual,unknown,original,no,0,0,0,0,0,0,0,0,0,0,0,0
365,85,277,3930,0.30685920577617326,10.767123287671232,0,0,0.5,1.0,0.0,0,0,0.0,0.0,0.0,0.0,0.0,0.0,0.0,0.0,0.0,0,0,0,0.5,0.5,0.5,0.5,0.5,0.5,0.5,0.5,0.5,1,0,0,neutral,Unknown,individual,unknown,original,no,0,0,0,0,0,0,0,0,0,0,0,0
365,0,0,95067,0.0,260.45753424657534,0,0,0.5,1.0,0.0,0,0,0.0,0.0,0.0,0.0,0.0,0.0,0.0,0.0,0.0,0,0,0,0.5,0.5,0.5,1.0,0.5,0.5,0.5,0.7000000000000001,0.5,1,0,0,neutral,Unknown,individual,unknown,original,no,0,0,0,0,0,0,0,0,0,0,0,0
365,197,191,1968,1.031413612565445,5.391780821917808,0,0,0.5,1.0,0.0,0,0,0.0,0.0,0.0,0.0,0.0,0.0,0.0,0.0,0.0,0,0,0,0.5,0.5,0.5,0.5,0.5,0.5,0.5,0.5,0.5,1,0,0,neutral,Unknown,individual,unknown,original,no,0,0,0,0,0,0,0,0,0,0,0,0
365,501,913,7204,0.5487404162102957,19.736986301369864,0,0,0.5,1.0,0.0,0,0,0.0,0.0,0.0,0.0,0.0,0.0,0.0,0.0,0.0,0,0,0,0.5,0.5,0.5,0.5,0.5,0.5,0.5,0.5,0.5,1,0,0,neutral,Unknown,individual,unknown,original,no,0,0,0,0,0,0,0,0,0,0,0,1
365,21,24,299,0.875,0.8191780821917808,0,0,0.5,1.0,0.0,0,0,0.0,0.0,0.0,0.0,0.0,0.0,0.0,0.0,0.0,0,0,0,0.5,0.5,0.5,0.5,0.5,0.5,0.5,0.5,0.5,1,0,0,neutral,Unknown,individual,unknown,original,no,0,0,0,0,0,0,0,0,0,0,0,1
365,759,755,26700,1.005298013245033,73.15068493150685,0,0,0.5,1.0,0.0,0,0,0.0,0.0,0.0,0.0,0.0,0.0,0.0,0.0,0.0,0,0,0,0.5,0.5,0.5,0.5,0.5,0.5,0.5,0.5,0.5,1,0,0,neutral,Unknown,individual,unknown,original,no,0,0,0,0,0,0,0,0,0,0,0,0
365,305,414,3081,0.7367149758454107,8.441095890410958,0,0,0.5,1.0,0.0,0,0,0.0,0.0,0.0,0.0,0.0,0.0,0.0,0.0,0.0,0,0,0,0.5,0.5,0.5,0.5,0.5,0.5,0.5,0.5,0.5,1,0,0,neutral,Unknown,individual,unknown,original,no,0,0,0,0,0,0,0,0,0,0,0,1
365,282,536,7067,0.5261194029850746,19.361643835616437,0,0,0.5,1.0,0.0,0,0,0.0,0.0,0.0,0.0,0.0,0.0,0.0,0.0,0.0,0,0,0,0.5,0.5,0.5,0.5,0.5,0.5,0.5,0.5,0.5,1,0,0,neutral,Unknown,individual,unknown,original,no,0,0,0,0,0,0,0,0,0,0,0,0
365,236,237,13044,0.9957805907172996,35.73698630136986,0,0,0.5,1.0,0.0,0,0,0.0,0.0,0.0,0.0,0.0,0.0,0.0,0.0,0.0,0,0,0,0.5,0.5,0.5,0.5,0.5,0.5,0.5,0.5,0.5,1,0,0,neutral,Unknown,individual,unknown,original,no,0,0,0,0,0,0,0,0,0,0,0,1
365,48,271,4411,0.17712177121771217,12.084931506849315,0,0,0.5,1.0,0.0,0,0,0.0,0.0,0.0,0.0,0.0,0.0,0.0,0.0,0.0,0,0,0,0.5,0.5,0.5,0.5,0.5,0.5,0.5,0.5,0.5,1,0,0,neutral,Unknown,individual,unknown,original,no,0,0,0,0,0,0,0,0,0,0,0,0
365,151,64,5421,2.359375,14.852054794520548,0,0,0.5,1.0,0.0,0,0,0.0,0.0,0.0,0.0,0.0,0.0,0.0,0.0,0.0,0,0,0,0.5,0.5,0.5,0.5,0.5,0.5,0.5,0.5,0.5,1,0,0,neutral,Unknown,individual,unknown,original,no,0,0,0,0,0,0,0,0,0,0,0,1
365,431,1283,5355,0.33593141075604055,14.67123287671233,0,0,0.5,1.0,0.0,0,0,0.0,0.0,0.0,0.0,0.0,0.0,0.0,0.0,0.0,0,0,0,0.5,0.5,0.5,0.5,0.5,0.5,0.5,0.5,0.5,1,0,0,neutral,Unknown,individual,unknown,original,no,0,0,0,0,0,0,0,0,0,0,0,0
365,524,726,36541,0.721763085399449,100.11232876712329,0,0,0.5,1.0,0.0,0,0,0.0,0.0,0.0,0.0,0.0,0.0,0.0,0.0,0.0,0,0,0,0.5,0.5,0.5,0.5,0.5,0.5,0.5,0.5,0.5,1,0,0,neutral,Unknown,individual,unknown,original,no,0,0,0,0,0,0,0,0,0,0,0,0
365,643,1149,12883,0.5596170583115753,35.295890410958904,0,0,0.5,1.0,0.0,0,0,0.0,0.0,0.0,0.0,0.0,0.0,0.0,0.0,0.0,0,0,0,0.5,0.5,0.5,0.5,0.5,0.5,0.5,0.5,0.5,1,0,0,neutral,Unknown,individual,unknown,original,no,0,0,0,0,0,0,0,0,0,0,0,0
365,289,381,6057,0.7585301837270341,16.594520547945205,0,0,0.5,1.0,0.0,0,0,0.0,0.0,0.0,0.0,0.0,0.0,0.0,0.0,0.0,0,0,0,0.5,0.5,0.5,0.5,0.5,0.5,0.5,0.5,0.5,1,0,0,neutral,Unknown,individual,unknown,original,no,0,0,0,0,0,0,0,0,0,0,0,1
365,21,16,3150,1.3125,8.63013698630137,0,0,0.5,1.0,0.0,0,0,0.0,0.0,0.0,0.0,0.0,0.0,0.0,0.0,0.0,0,0,0,0.5,0.5,0.5,0.5,0.5,0.5,0.5,0.5,0.5,1,0,0,neutral,Unknown,individual,unknown,original,no,0,0,0,0,0,0,0,0,0,0,0,1
365,320,576,12863,0.5555555555555556,35.24109589041096,0,0,0.5,1.0,0.0,0,0,0.0,0.0,0.0,0.0,0.0,0.0,0.0,0.0,0.0,0,0,0,0.5,0.5,0.5,0.5,0.5,0.5,0.5,0.5,0.5,1,0,0,neutral,Unknown,individual,unknown,original,no,0,0,0,0,0,0,0,0,0,0,0,0
365,250,195,2787,1.2820512820512822,7.635616438356164,0,0,0.5,1.0,0.0,0,0,0.0,0.0,0.0,0.0,0.0,0.0,0.0,0.0,0.0,0,0,0,0.5,0.5,0.5,0.5,0.5,0.5,0.5,0.5,0.5,1,0,0,neutral,Unknown,individual,unknown,original,no,0,0,0,0,0,0,0,0,0,0,0,0
365,760,411,40490,1.8491484184914841,110.93150684931507,0,0,0.5,1.0,0.0,0,0,0.0,0.0,0.0,0.0,0.0,0.0,0.0,0.0,0.0,0,0,0,0.5,0.5,0.5,0.5,0.5,0.5,0.5,0.5,0.5,1,0,0,neutral,Unknown,individual,unknown,original,no,0,0,0,0,0,0,0,0,0,0,0,0
365,258,548,3812,0.4708029197080292,10.443835616438356,0,0,0.5,1.0,0.0,0,0,0.0,0.0,0.0,0.0,0.0,0.0,0.0,0.0,0.0,0,0,0,0.5,0.5,0.5,0.5,0.5,0.5,0.5,0.5,0.5,1,0,0,neutral,Unknown,individual,unknown,original,no,0,0,0,0,0,0,0,0,0,0,0,1
365,87971,949,29463,92.6986301369863,80.72054794520548,0,0,0.5,1.0,0.0,0,0,0.0,0.0,0.0,0.0,0.0,0.0,0.0,0.0,0.0,0,0,0,0.5,0.5,0.5,0.5,0.5,0.5,0.5,0.5,0.5,1,0,0,neutral,Unknown,individual,unknown,original,no,0,0,0,0,0,0,0,0,0,0,0,0
365,14,5,296,2.8,0.810958904109589,0,0,0.5,1.0,0.0,0,0,0.0,0.0,0.0,0.0,0.0,0.0,0.0,0.0,0.0,0,0,0,0.5,0.5,0.5,0.5,0.5,0.5,0.5,0.5,0.5,1,0,0,neutral,Unknown,individual,unknown,original,no,0,0,0,0,0,0,0,0,0,0,0,1
365,238,412,3521,0.5776699029126213,9.646575342465754,0,0,0.5,1.0,0.0,0,0,0.0,0.0,0.0,0.0,0.0,0.0,0.0,0.0,0.0,0,0,0,0.5,0.5,0.5,0.5,0.5,0.5,0.5,0.5,0.5,1,0,0,neutral,Unknown,individual,unknown,original,no,0,0,0,0,0,0,0,0,0,0,0,1
365,205,210,2051,0.9761904761904762,5.619178082191781,0,0,0.5,1.0,0.0,0,0,0.0,0.0,0.0,0.0,0.0,0.0,0.0,0.0,0.0,0,0,0,0.5,0.5,0.5,0.5,0.5,0.5,0.5,0.5,0.5,1,0,0,neutral,Unknown,individual,unknown,original,no,0,0,0,0,0,0,0,0,0,0,0,1
365,573,779,9677,0.7355584082156611,26.512328767123286,0,0,0.5,1.0,0.0,0,0,0.0,0.0,0.0,0.0,0.0,0.0,0.0,0.0,0.0,0,0,0,0.5,0.5,0.5,0.5,0.5,0.5,0.5,0.5,0.5,1,0,0,neutral,Unknown,individual,unknown,original,no,0,0,0,0,0,0,0,0,0,0,0,1
365,2880,466,83714,6.180257510729613,229.35342465753425,0,0,0.5,1.0,0.0,0,0,0.0,0.0,0.0,0.0,0.0,0.0,0.0,0.0,0.0,0,0,0,0.5,0.5,0.5,0.5,0.5,0.5,0.5,0.5,0.5,1,0,0,neutral,Unknown,individual,unknown,original,no,0,0,0,0,0,0,0,0,0,0,0,0
365,736,879,2171,0.8373151308304891,5.947945205479452,0,0,0.5,1.0,0.0,0,0,0.0,0.0,0.0,0.0,0.0,0.0,0.0,0.0,0.0,0,0,0,0.5,0.5,0.5,0.5,0.5,0.5,0.5,0.5,0.5,1,0,0,neutral,Unknown,individual,unknown,original,no,0,0,0,0,0,0,0,0,0,0,0,0
365,363,797,30051,0.45545796737766625,82.33150684931506,0,0,0.5,1.0,0.0,0,0,0.0,0.0,0.0,0.0,0.0,0.0,0.0,0.0,0.0,0,0,0,0.5,0.5,0.5,0.5,0.5,0.5,0.5,0.5,0.5,1,0,0,neutral,Unknown,individual,unknown,original,no,0,0,0,0,0,0,0,0,0,0,0,0
365,201,191,6781,1.0523560209424083,18.578082191780823,0,0,0.5,1.0,0.0,0,0,0.0,0.0,0.0,0.0,0.0,0.0,0.0,0.0,0.0,0,0,0,0.5,0.5,0.5,0.5,0.5,0.5,0.5,0.5,0.5,1,0,0,neutral,Unknown,individual,unknown,original,no,0,0,0,0,0,0,0,0,0,0,0,0
365,213,183,4071,1.1639344262295082,11.153424657534247,0,0,0.5,1.0,0.0,0,0,0.0,0.0,0.0,0.0,0.0,0.0,0.0,0.0,0.0,0,0,0,0.5,0.5,0.5,0.5,0.5,0.5,0.5,0.5,0.5,1,0,0,neutral,Unknown,individual,unknown,original,no,0,0,0,0,0,0,0,0,0,0,0,1
365,224,161,4100,1.391304347826087,11.232876712328768,0,0,0.5,1.0,0.0,0,0,0.0,0.0,0.0,0.0,0.0,0.0,0.0,0.0,0.0,0,0,0,0.5,0.5,0.5,0.5,0.5,0.5,0.5,0.5,0.5,1,0,0,neutral,Unknown,individual,unknown,original,no,0,0,0,0,0,0,0,0,0,0,0,1
365,188,202,2115,0.9306930693069307,5.794520547945205,0,0,0.5,1.0,0.0,0,0,0.0,0.0,0.0,0.0,0.0,0.0,0.0,0.0,0.0,0,0,0,0.5,0.5,0.5,0.5,0.5,0.5,0.5,0.5,0.5,1,0,0,neutral,Unknown,individual,unknown,original,no,0,0,0,0,0,0,0,0,0,0,0,1
365,39,29,6838,1.3448275862068966,18.734246575342464,0,0,0.5,1.0,0.0,0,0,0.0,0.0,0.0,0.0,0.0,0.0,0.0,0.0,0.0,0,0,0,0.5,0.5,0.5,0.5,0.5,0.5,0.5,0.5,0.5,1,0,0,neutral,Unknown,individual,unknown,original,no,0,0,0,0,0,0,0,0,0,0,0,1
365,69,227,1622,0.3039647577092511,4.443835616438356,0,0,0.5,1.0,0.0,0,0,0.0,0.0,0.0,0.0,0.0,0.0,0.0,0.0,0.0,0,0,0,0.5,0.5,0.5,0.5,0.5,0.5,0.5,0.5,0.5,1,0,0,neutral,Unknown,individual,unknown,original,no,0,0,0,0,0,0,0,0,0,0,0,0
365,185,196,18903,0.9438775510204082,51.78904109589041,0,0,0.5,1.0,0.0,0,0,0.0,0.0,0.0,0.0,0.0,0.0,0.0,0.0,0.0,0,0,0,0.5,0.5,0.5,0.5,0.5,0.5,0.5,0.5,0.5,1,0,0,neutral,Unknown,individual,unknown,original,no,0,0,0,0,0,0,0,0,0,0,0,0
365,157,228,4512,0.6885964912280702,12.361643835616439,0,0,0.5,1.0,0.0,0,0,0.0,0.0,0.0,0.0,0.0,0.0,0.0,0.0,0.0,0,0,0,0.5,0.5,0.5,0.5,0.5,0.5,0.5,0.5,0.5,1,0,0,neutral,Unknown,individual,unknown,original,no,0,0,0,0,0,0,0,0,0,0,0,1
365,711,1000,25762,0.711,70.58082191780822,0,0,0.5,1.0,0.0,0,0,0.0,0.0,0.0,0.0,0.0,0.0,0.0,0.0,0.0,0,0,0,0.5,0.5,0.5,0.5,0.5,0.5,0.5,0.5,0.5,1,0,0,neutral,Unknown,individual,unknown,original,no,0,0,0,0,0,0,0,0,0,0,0,1
365,262,413,26799,0.6343825665859564,73.42191780821918,0,0,0.5,1.0,0.0,0,0,0.0,0.0,0.0,0.0,0.0,0.0,0.0,0.0,0.0,0,0,0,0.5,0.5,0.5,0.5,0.5,0.5,0.5,0.5,0.5,1,0,0,neutral,Unknown,individual,unknown,original,no,0,0,0,0,0,0,0,0,0,0,0,0
365,8960,9671,55293,0.9264812325509254,151.48767123287672,0,0,0.5,1.0,0.0,0,0,0.0,0.0,0.0,0.0,0.0,0.0,0.0,0.0,0.0,0,0,0,0.5,0.5,0.5,0.5,0.5,0.5,0.5,0.5,0.5,1,0,0,neutral,Unknown,individual,unknown,original,no,0,0,0,0,0,0,0,0,0,0,0,1
365,434,441,7579,0.9841269841269841,20.764383561643836,0,0,0.5,1.0,0.0,0,0,0.0,0.0,0.0,0.0,0.0,0.0,0.0,0.0,0.0,0,0,0,0.5,0.5,0.5,0.5,0.5,0.5,0.5,0.5,0.5,1,0,0,neutral,Unknown,individual,unknown,original,no,0,0,0,0,0,0,0,0,0,0,0,1
365,145,143,3099,1.013986013986014,8.490410958904109,0,0,0.5,1.0,0.0,0,0,0.0,0.0,0.0,0.0,0.0,0.0,0.0,0.0,0.0,0,0,0,0.5,0.5,0.5,0.5,0.5,0.5,0.5,0.5,0.5,1,0,0,neutral,Unknown,individual,unknown,original,no,0,0,0,0,0,0,0,0,0,0,0,1
365,236,596,3172,0.3959731543624161,8.69041095890411,0,0,0.5,1.0,0.0,0,0,0.0,0.0,0.0,0.0,0.0,0.0,0.0,0.0,0.0,0,0,0,0.5,0.5,0.5,0.5,0.5,0.5,0.5,0.5,0.5,1,0,0,neutral,Unknown,individual,unknown,original,no,0,0,0,0,0,0,0,0,0,0,0,0
365,113,264,5510,0.42803030303030304,15.095890410958905,0,0,0.5,1.0,0.0,0,0,0.0,0.0,0.0,0.0,0.0,0.0,0.0,0.0,0.0,0,0,0,0.5,0.5,0.5,0.5,0.5,0.5,0.5,0.5,0.5,1,0,0,neutral,Unknown,individual,unknown,original,no,0,0,0,0,0,0,0,0,0,0,0,0
365,310877,1345,27235,231.13531598513012,74.61643835616438,0,0,0.5,1.0,0.0,0,0,0.0,0.0,0.0,0.0,0.0,0.0,0.0,0.0,0.0,0,0,0,0.5,0.5,0.5,0.4,0.5,0.5,0.5,0.4600000000000001,0.5,1,0,0,neutral,Unknown,individual,unknown,original,no,0,0,0,0,0,0,0,0,0,0,0,0
365,30,71,1993,0.4225352112676056,5.46027397260274,0,0,0.5,1.0,0.0,0,0,0.0,0.0,0.0,0.0,0.0,0.0,0.0,0.0,0.0,0,0,0,0.5,0.5,0.5,0.5,0.5,0.5,0.5,0.5,0.5,1,0,0,neutral,Unknown,individual,unknown,original,no,0,0,0,0,0,0,0,0,0,0,0,1
365,26,60,4429,0.43333333333333335,12.134246575342466,0,0,0.5,1.0,0.0,0,0,0.0,0.0,0.0,0.0,0.0,0.0,0.0,0.0,0.0,0,0,0,0.5,0.5,0.5,0.5,0.5,0.5,0.5,0.5,0.5,1,0,0,neutral,Unknown,individual,unknown,original,no,0,0,0,0,0,0,0,0,0,0,0,1
365,709,1301,24151,0.5449654112221368,66.16712328767123,0,0,0.5,1.0,0.0,0,0,0.0,0.0,0.0,0.0,0.0,0.0,0.0,0.0,0.0,0,0,0,0.5,0.5,0.5,0.5,0.5,0.5,0.5,0.5,0.5,1,0,0,neutral,Unknown,individual,unknown,original,no,0,0,0,0,0,0,0,0,0,0,0,0
365,175843,204,9121,861.9754901960785,24.98904109589041,0,0,0.5,1.0,0.0,0,0,0.0,0.0,0.0,0.0,0.0,0.0,0.0,0.0,0.0,0,0,0,0.5,0.5,0.5,0.4,0.5,0.5,0.5,0.4600000000000001,0.5,1,0,0,neutral,Unknown,individual,unknown,original,yes,0,0,0,0,0,0,0,0,0,0,0,0
365,55,104,3224,0.5288461538461539,8.832876712328767,0,0,0.5,1.0,0.0,0,0,0.0,0.0,0.0,0.0,0.0,0.0,0.0,0.0,0.0,0,0,0,0.5,0.5,0.5,0.5,0.5,0.5,0.5,0.5,0.5,1,0,0,neutral,Unknown,individual,unknown,original,no,0,0,0,0,0,0,0,0,0,0,0,0
365,18,24,2520,0.75,6.904109589041096,0,0,0.5,1.0,0.0,0,0,0.0,0.0,0.0,0.0,0.0,0.0,0.0,0.0,0.0,0,0,0,0.5,0.5,0.5,0.5,0.5,0.5,0.5,0.5,0.5,1,0,0,neutral,Unknown,individual,unknown,original,no,0,0,0,0,0,0,0,0,0,0,0,1
365,377,415,25872,0.908433734939759,70.88219178082191,0,0,0.5,1.0,0.0,0,0,0.0,0.0,0.0,0.0,0.0,0.0,0.0,0.0,0.0,0,0,0,0.5,0.5,0.5,0.5,0.5,0.5,0.5,0.5,0.5,1,0,0,neutral,Unknown,individual,unknown,original,no,0,0,0,0,0,0,0,0,0,0,0,0
365,46,26,4089,1.7692307692307692,11.202739726027398,0,0,0.5,1.0,0.0,0,0,0.0,0.0,0.0,0.0,0.0,0.0,0.0,0.0,0.0,0,0,0,0.5,0.5,0.5,0.5,0.5,0.5,0.5,0.5,0.5,1,0,0,neutral,Unknown,individual,unknown,original,no,0,0,0,0,0,0,0,0,0,0,0,0
365,72,116,3484,0.6206896551724138,9.545205479452054,0,0,0.5,1.0,0.0,0,0,0.0,0.0,0.0,0.0,0.0,0.0,0.0,0.0,0.0,0,0,0,0.5,0.5,0.5,0.5,0.5,0.5,0.5,0.5,0.5,1,0,0,neutral,Unknown,individual,unknown,original,no,0,0,0,0,0,0,0,0,0,0,0,1
365,383,767,12969,0.49934810951760106,35.53150684931507,0,0,0.5,1.0,0.0,0,0,0.0,0.0,0.0,0.0,0.0,0.0,0.0,0.0,0.0,0,0,0,0.5,0.5,0.5,0.5,0.5,0.5,0.5,0.5,0.5,1,0,0,neutral,Unknown,individual,unknown,original,no,0,0,0,0,0,0,0,0,0,0,0,1
365,126,164,29977,0.7682926829268293,82.12876712328767,0,0,0.5,1.0,0.0,0,0,0.0,0.0,0.0,0.0,0.0,0.0,0.0,0.0,0.0,0,0,0,0.5,0.5,0.5,0.5,0.5,0.5,0.5,0.5,0.5,1,0,0,neutral,Unknown,individual,unknown,original,no,0,0,0,0,0,0,0,0,0,0,0,0
365,319,543,8238,0.5874769797421732,22.56986301369863,0,0,0.5,1.0,0.0,0,0,0.0,0.0,0.0,0.0,0.0,0.0,0.0,0.0,0.0,0,0,0,0.5,0.5,0.5,0.5,0.5,0.5,0.5,0.5,0.5,1,0,0,neutral,Unknown,individual,unknown,original,no,0,0,0,0,0,0,0,0,0,0,0,1
365,50,84,7281,0.5952380952380952,19.947945205479453,0,0,0.5,1.0,0.0,0,0,0.0,0.0,0.0,0.0,0.0,0.0,0.0,0.0,0.0,0,0,0,0.5,0.5,0.5,0.5,0.5,0.5,0.5,0.5,0.5,1,0,0,neutral,Unknown,individual,unknown,original,no,0,0,0,0,0,0,0,0,0,0,0,1
365,365,516,7257,0.7073643410852714,19.882191780821916,0,0,0.5,1.0,0.0,0,0,0.0,0.0,0.0,0.0,0.0,0.0,0.0,0.0,0.0,0,0,0,0.5,0.5,0.5,0.5,0.5,0.5,0.5,0.5,0.5,1,0,0,neutral,Unknown,individual,unknown,original,no,0,0,0,0,0,0,0,0,0,0,0,1
365,323,1556,14723,0.20758354755784061,40.33698630136986,0,0,0.5,1.0,0.0,0,0,0.0,0.0,0.0,0.0,0.0,0.0,0.0,0.0,0.0,0,0,0,0.5,0.5,0.5,0.5,0.5,0.5,0.5,0.5,0.5,1,0,0,neutral,Unknown,individual,unknown,original,no,0,0,0,0,0,0,0,0,0,0,0,0
365,4,0,297,0.0,0.8136986301369863,0,0,0.5,1.0,0.0,0,0,0.0,0.0,0.0,0.0,0.0,0.0,0.0,0.0,0.0,0,0,0,0.5,0.5,0.5,0.3,0.5,0.5,0.5,0.42000000000000004,0.5,1,0,0,neutral,Unknown,individual,unknown,original,no,0,0,0,0,0,0,0,0,0,0,0,1
365,22,47,11786,0.46808510638297873,32.29041095890411,0,0,0.5,1.0,0.0,0,0,0.0,0.0,0.0,0.0,0.0,0.0,0.0,0.0,0.0,0,0,0,0.5,0.5,0.5,0.5,0.5,0.5,0.5,0.5,0.5,1,0,0,neutral,Unknown,individual,unknown,original,no,0,0,0,0,0,0,0,0,0,0,0,0
365,2643,2510,42198,1.052988047808765,115.6109589041096,0,0,0.5,1.0,0.0,0,0,0.0,0.0,0.0,0.0,0.0,0.0,0.0,0.0,0.0,0,0,0,0.5,0.5,0.5,0.5,0.5,0.5,0.5,0.5,0.5,1,0,0,neutral,Unknown,individual,unknown,original,no,0,0,0,0,0,0,0,0,0,0,0,0
365,41,266,1152,0.15413533834586465,3.1561643835616437,0,0,0.5,1.0,0.0,0,0,0.0,0.0,0.0,0.0,0.0,0.0,0.0,0.0,0.0,0,0,0,0.5,0.5,0.5,0.5,0.5,0.5,0.5,0.5,0.5,1,0,0,neutral,Unknown,individual,unknown,original,no,0,0,0,0,0,0,0,0,0,0,0,0
365,407,727,18913,0.5598349381017882,51.81643835616438,0,0,0.5,1.0,0.0,0,0,0.0,0.0,0.0,0.0,0.0,0.0,0.0,0.0,0.0,0,0,0,0.5,0.5,0.5,0.5,0.5,0.5,0.5,0.5,0.5,1,0,0,neutral,Unknown,individual,unknown,original,no,0,0,0,0,0,0,0,0,0,0,0,1
365,220,271,9863,0.8118081180811808,27.02191780821918,0,0,0.5,1.0,0.0,0,0,0.0,0.0,0.0,0.0,0.0,0.0,0.0,0.0,0.0,0,0,0,0.5,0.5,0.5,0.5,0.5,0.5,0.5,0.5,0.5,1,0,0,neutral,Unknown,individual,unknown,original,no,0,0,0,0,0,0,0,0,0,0,0,1
365,632,1667,21931,0.379124175164967,60.084931506849315,0,0,0.5,1.0,0.0,0,0,0.0,0.0,0.0,0.0,0.0,0.0,0.0,0.0,0.0,0,0,0,0.5,0.5,0.5,0.5,0.5,0.5,0.5,0.5,0.5,1,0,0,neutral,Unknown,individual,unknown,original,no,0,0,0,0,0,0,0,0,0,0,0,1
365,163,196,23574,0.8316326530612245,64.58630136986301,0,0,0.5,1.0,0.0,0,0,0.0,0.0,0.0,0.0,0.0,0.0,0.0,0.0,0.0,0,0,0,0.5,0.5,0.5,0.5,0.5,0.5,0.5,0.5,0.5,1,0,0,neutral,Unknown,individual,unknown,original,no,0,0,0,0,0,0,0,0,0,0,0,1
365,233,845,3341,0.2757396449704142,9.153424657534247,0,0,0.5,1.0,0.0,0,0,0.0,0.0,0.0,0.0,0.0,0.0,0.0,0.0,0.0,0,0,0,0.5,0.5,0.5,0.5,0.5,0.5,0.5,0.5,0.5,1,0,0,neutral,Unknown,individual,unknown,original,no,0,0,0,0,0,0,0,0,0,0,0,1
365,320,424,3140,0.7547169811320755,8.602739726027398,0,0,0.5,1.0,0.0,0,0,0.0,0.0,0.0,0.0,0.0,0.0,0.0,0.0,0.0,0,0,0,0.5,0.5,0.5,0.5,0.5,0.5,0.5,0.5,0.5,1,0,0,neutral,Unknown,individual,unknown,original,no,0,0,0,0,0,0,0,0,0,0,0,1
365,435,618,10888,0.7038834951456311,29.83013698630137,0,0,0.5,1.0,0.0,0,0,0.0,0.0,0.0,0.0,0.0,0.0,0.0,0.0,0.0,0,0,0,0.5,0.5,0.5,0.5,0.5,0.5,0.5,0.5,0.5,1,0,0,neutral,Unknown,individual,unknown,original,no,0,0,0,0,0,0,0,0,0,0,0,1
365,226,436,4022,0.518348623853211,11.01917808219178,0,0,0.5,1.0,0.0,0,0,0.0,0.0,0.0,0.0,0.0,0.0,0.0,0.0,0.0,0,0,0,0.5,0.5,0.5,0.5,0.5,0.5,0.5,0.5,0.5,1,0,0,neutral,Unknown,individual,unknown,original,no,0,0,0,0,0,0,0,0,0,0,0,1
365,31,36,4376,0.8611111111111112,11.98904109589041,0,0,0.5,1.0,0.0,0,0,0.0,0.0,0.0,0.0,0.0,0.0,0.0,0.0,0.0,0,0,0,0.5,0.5,0.5,0.5,0.5,0.5,0.5,0.5,0.5,1,0,0,neutral,Unknown,individual,unknown,original,no,0,0,0,0,0,0,0,0,0,0,0,1
365,34,232,7648,0.14655172413793102,20.953424657534246,0,0,0.5,1.0,0.0,0,0,0.0,0.0,0.0,0.0,0.0,0.0,0.0,0.0,0.0,0,0,0,0.5,0.5,0.5,0.5,0.5,0.5,0.5,0.5,0.5,1,0,0,neutral,Unknown,individual,unknown,original,no,0,0,0,0,0,0,0,0,0,0,0,0
365,952,1162,21569,0.8192771084337349,59.09315068493151,0,0,0.5,1.0,0.0,0,0,0.0,0.0,0.0,0.0,0.0,0.0,0.0,0.0,0.0,0,0,0,0.5,0.5,0.5,0.5,0.5,0.5,0.5,0.5,0.5,1,0,0,neutral,Unknown,individual,unknown,original,no,0,0,0,0,0,0,0,0,0,0,0,1
365,601,684,21307,0.8786549707602339,58.37534246575343,0,0,0.5,1.0,0.0,0,0,0.0,0.0,0.0,0.0,0.0,0.0,0.0,0.0,0.0,0,0,0,0.5,0.5,0.5,0.5,0.5,0.5,0.5,0.5,0.5,1,0,0,neutral,Unknown,individual,unknown,original,no,0,0,0,0,0,0,0,0,0,0,0,1
365,192,448,6734,0.42857142857142855,18.44931506849315,0,0,0.5,1.0,0.0,0,0,0.0,0.0,0.0,0.0,0.0,0.0,0.0,0.0,0.0,0,0,0,0.5,0.5,0.5,0.5,0.5,0.5,0.5,0.5,0.5,1,0,0,neutral,Unknown,individual,unknown,original,no,0,0,0,0,0,0,0,0,0,0,0,0
365,211,251,4165,0.8406374501992032,11.41095890410959,0,0,0.5,1.0,0.0,0,0,0.0,0.0,0.0,0.0,0.0,0.0,0.0,0.0,0.0,0,0,0,0.5,0.5,0.5,0.5,0.5,0.5,0.5,0.5,0.5,1,0,0,neutral,Unknown,individual,unknown,original,no,0,0,0,0,0,0,0,0,0,0,0,1
365,11,14,1496,0.7857142857142857,4.098630136986301,0,0,0.5,1.0,0.0,0,0,0.0,0.0,0.0,0.0,0.0,0.0,0.0,0.0,0.0,0,0,0,0.5,0.5,0.5,0.5,0.5,0.5,0.5,0.5,0.5,1,0,0,neutral,Unknown,individual,unknown,original,no,0,0,0,0,0,0,0,0,0,0,0,1
365,160,687,2041,0.2328966521106259,5.5917808219178085,0,0,0.5,1.0,0.0,0,0,0.0,0.0,0.0,0.0,0.0,0.0,0.0,0.0,0.0,0,0,0,0.5,0.5,0.5,0.5,0.5,0.5,0.5,0.5,0.5,1,0,0,neutral,Unknown,individual,unknown,original,no,0,0,0,0,0,0,0,0,0,0,0,0
365,831,1631,21878,0.5095033721643164,59.93972602739726,0,0,0.5,1.0,0.0,0,0,0.0,0.0,0.0,0.0,0.0,0.0,0.0,0.0,0.0,0,0,0,0.5,0.5,0.5,0.5,0.5,0.5,0.5,0.5,0.5,1,0,0,neutral,Unknown,individual,unknown,original,no,0,0,0,0,0,0,0,0,0,0,0,1
365,210,224,2006,0.9375,5.495890410958904,0,0,0.5,1.0,0.0,0,0,0.0,0.0,0.0,0.0,0.0,0.0,0.0,0.0,0.0,0,0,0,0.5,0.5,0.5,0.5,0.5,0.5,0.5,0.5,0.5,1,0,0,neutral,Unknown,individual,unknown,original,no,0,0,0,0,0,0,0,0,0,0,0,1
365,7,12,1904,0.5833333333333334,5.2164383561643834,0,0,0.5,1.0,0.0,0,0,0.0,0.0,0.0,0.0,0.0,0.0,0.0,0.0,0.0,0,0,0,0.5,0.5,0.5,0.5,0.5,0.5,0.5,0.5,0.5,1,0,0,neutral,Unknown,individual,unknown,original,no,0,0,0,0,0,0,0,0,0,0,0,1
365,394,1759,2942,0.22399090392268334,8.06027397260274,0,0,0.5,1.0,0.0,0,0,0.0,0.0,0.0,0.0,0.0,0.0,0.0,0.0,0.0,0,0,0,0.5,0.5,0.5,0.5,0.5,0.5,0.5,0.5,0.5,1,0,0,neutral,Unknown,individual,unknown,original,no,0,0,0,0,0,0,0,0,0,0,0,0
365,23,82,903,0.2804878048780488,2.473972602739726,0,0,0.5,1.0,0.0,0,0,0.0,0.0,0.0,0.0,0.0,0.0,0.0,0.0,0.0,0,0,0,0.5,0.5,0.5,0.5,0.5,0.5,0.5,0.5,0.5,1,0,0,neutral,Unknown,individual,unknown,original,no,0,0,0,0,0,0,0,0,0,0,0,1
365,332,477,4926,0.6960167714884696,13.495890410958904,0,0,0.5,1.0,0.0,0,0,0.0,0.0,0.0,0.0,0.0,0.0,0.0,0.0,0.0,0,0,0,0.5,0.5,0.5,0.5,0.5,0.5,0.5,0.5,0.5,1,0,0,neutral,Unknown,individual,unknown,original,no,0,0,0,0,0,0,0,0,0,0,0,0
365,31,21,2610,1.4761904761904763,7.1506849315068495,0,0,0.5,1.0,0.0,0,0,0.0,0.0,0.0,0.0,0.0,0.0,0.0,0.0,0.0,0,0,0,0.5,0.5,0.5,0.5,0.5,0.5,0.5,0.5,0.5,1,0,0,neutral,Unknown,individual,unknown,original,no,0,0,0,0,0,0,0,0,0,0,0,0
365,1518,633,7965,2.3981042654028437,21.82191780821918,0,0,0.5,1.0,0.0,0,0,0.0,0.0,0.0,0.0,0.0,0.0,0.0,0.0,0.0,0,0,0,0.5,0.5,0.5,0.5,0.5,0.5,0.5,0.5,0.5,1,0,0,neutral,Unknown,individual,unknown,original,no,0,0,0,0,0,0,0,0,0,0,0,0
365,84,97,4348,0.865979381443299,11.912328767123288,0,0,0.5,1.0,0.0,0,0,0.0,0.0,0.0,0.0,0.0,0.0,0.0,0.0,0.0,0,0,0,0.5,0.5,0.5,0.5,0.5,0.5,0.5,0.5,0.5,1,0,0,neutral,Unknown,individual,unknown,original,no,0,0,0,0,0,0,0,0,0,0,0,0
365,283,332,17572,0.8524096385542169,48.14246575342466,0,0,0.5,1.0,0.0,0,0,0.0,0.0,0.0,0.0,0.0,0.0,0.0,0.0,0.0,0,0,0,0.5,0.5,0.5,0.5,0.5,0.5,0.5,0.5,0.5,1,0,0,neutral,Unknown,individual,unknown,original,no,0,0,0,0,0,0,0,0,0,0,0,0
365,604,726,10103,0.8319559228650137,27.67945205479452,0,0,0.5,1.0,0.0,0,0,0.0,0.0,0.0,0.0,0.0,0.0,0.0,0.0,0.0,0,0,0,0.5,0.5,0.5,0.5,0.5,0.5,0.5,0.5,0.5,1,0,0,neutral,Unknown,individual,unknown,original,no,0,0,0,0,0,0,0,0,0,0,0,0
365,0,100,371,0.0,1.0164383561643835,0,0,0.5,1.0,0.0,0,0,0.0,0.0,0.0,0.0,0.0,0.0,0.0,0.0,0.0,0,0,0,0.5,0.5,0.5,0.8,0.5,0.5,0.5,0.6200000000000001,0.5,1,0,0,neutral,Unknown,individual,unknown,original,no,0,0,0,0,0,0,0,0,0,0,0,1
365,350,648,3671,0.5401234567901234,10.057534246575342,0,0,0.5,1.0,0.0,0,0,0.0,0.0,0.0,0.0,0.0,0.0,0.0,0.0,0.0,0,0,0,0.5,0.5,0.5,0.5,0.5,0.5,0.5,0.5,0.5,1,0,0,neutral,Unknown,individual,unknown,original,no,0,0,0,0,0,0,0,0,0,0,0,0
365,307,300,22972,1.0233333333333334,62.93698630136986,0,0,0.5,1.0,0.0,0,0,0.0,0.0,0.0,0.0,0.0,0.0,0.0,0.0,0.0,0,0,0,0.5,0.5,0.5,0.5,0.5,0.5,0.5,0.5,0.5,1,0,0,neutral,Unknown,individual,unknown,original,no,0,0,0,0,0,0,0,0,0,0,0,0
365,646,1755,4808,0.3680911680911681,13.172602739726027,0,0,0.5,1.0,0.0,0,0,0.0,0.0,0.0,0.0,0.0,0.0,0.0,0.0,0.0,0,0,0,0.5,0.5,0.5,0.5,0.5,0.5,0.5,0.5,0.5,1,0,0,neutral,Unknown,individual,unknown,original,no,0,0,0,0,0,0,0,0,0,0,0,0
365,297,357,3118,0.8319327731092437,8.542465753424658,0,0,0.5,1.0,0.0,0,0,0.0,0.0,0.0,0.0,0.0,0.0,0.0,0.0,0.0,0,0,0,0.5,0.5,0.5,0.5,0.5,0.5,0.5,0.5,0.5,1,0,0,neutral,Unknown,individual,unknown,original,no,0,0,0,0,0,0,0,0,0,0,0,0
365,3538,4451,54355,0.7948775556054819,148.91780821917808,0,0,0.5,1.0,0.0,0,0,0.0,0.0,0.0,0.0,0.0,0.0,0.0,0.0,0.0,0,0,0,0.5,0.5,0.5,0.5,0.5,0.5,0.5,0.5,0.5,1,0,0,neutral,Unknown,individual,unknown,original,no,0,0,0,0,0,0,0,0,0,0,0,0
365,588,244,16043,2.4098360655737703,43.95342465753425,0,0,0.5,1.0,0.0,0,0,0.0,0.0,0.0,0.0,0.0,0.0,0.0,0.0,0.0,0,0,0,0.5,0.5,0.5,0.5,0.5,0.5,0.5,0.5,0.5,1,0,0,neutral,Unknown,individual,unknown,original,no,0,0,0,0,0,0,0,0,0,0,0,0
365,268,927,6380,0.2891046386192017,17.47945205479452,0,0,0.5,1.0,0.0,0,0,0.0,0.0,0.0,0.0,0.0,0.0,0.0,0.0,0.0,0,0,0,0.5,0.5,0.5,0.5,0.5,0.5,0.5,0.5,0.5,1,0,0,neutral,Unknown,individual,unknown,original,no,0,0,0,0,0,0,0,0,0,0,0,0
365,194,242,18758,0.8016528925619835,51.391780821917806,0,0,0.5,1.0,0.0,0,0,0.0,0.0,0.0,0.0,0.0,0.0,0.0,0.0,0.0,0,0,0,0.5,0.5,0.5,0.5,0.5,0.5,0.5,0.5,0.5,1,0,0,neutral,Unknown,individual,unknown,original,no,0,0,0,0,0,0,0,0,0,0,0,1
365,129,77,4566,1.6753246753246753,12.509589041095891,0,0,0.5,1.0,0.0,0,0,0.0,0.0,0.0,0.0,0.0,0.0,0.0,0.0,0.0,0,0,0,0.5,0.5,0.5,0.5,0.5,0.5,0.5,0.5,0.5,1,0,0,neutral,Unknown,individual,unknown,original,no,0,0,0,0,0,0,0,0,0,0,0,1
365,121,50,4772,2.42,13.073972602739726,0,0,0.5,1.0,0.0,0,0,0.0,0.0,0.0,0.0,0.0,0.0,0.0,0.0,0.0,0,0,0,0.5,0.5,0.5,0.5,0.5,0.5,0.5,0.5,0.5,1,0,0,neutral,Unknown,individual,unknown,original,no,0,0,0,0,0,0,0,0,0,0,0,1
365,52,72,1995,0.7222222222222222,5.465753424657534,0,0,0.5,1.0,0.0,0,0,0.0,0.0,0.0,0.0,0.0,0.0,0.0,0.0,0.0,0,0,0,0.5,0.5,0.5,0.5,0.5,0.5,0.5,0.5,0.5,1,0,0,neutral,Unknown,individual,unknown,original,no,0,0,0,0,0,0,0,0,0,0,0,0
365,292,424,4669,0.6886792452830188,12.791780821917808,0,0,0.5,1.0,0.0,0,0,0.0,0.0,0.0,0.0,0.0,0.0,0.0,0.0,0.0,0,0,0,0.5,0.5,0.5,0.5,0.5,0.5,0.5,0.5,0.5,1,0,0,neutral,Unknown,individual,unknown,original,no,0,0,0,0,0,0,0,0,0,0,0,1
365,12082,2012,26887,6.004970178926441,73.66301369863014,0,0,0.5,1.0,0.0,0,0,0.0,0.0,0.0,0.0,0.0,0.0,0.0,0.0,0.0,0,0,0,0.5,0.5,0.5,0.5,0.5,0.5,0.5,0.5,0.5,1,0,0,neutral,Unknown,individual,unknown,original,no,0,0,0,0,0,0,0,0,0,0,0,0
365,3,5,159,0.6,0.43561643835616437,0,0,0.5,1.0,0.0,0,0,0.0,0.0,0.0,0.0,0.0,0.0,0.0,0.0,0.0,0,0,0,0.5,0.5,0.5,0.5,0.5,0.5,0.5,0.5,0.5,1,0,0,neutral,Unknown,individual,unknown,original,no,0,0,0,0,0,0,0,0,0,0,0,0
365,499,2396,5510,0.20826377295492488,15.095890410958905,0,0,0.5,1.0,0.0,0,0,0.0,0.0,0.0,0.0,0.0,0.0,0.0,0.0,0.0,0,0,0,0.5,0.5,0.5,0.5,0.5,0.5,0.5,0.5,0.5,1,0,0,neutral,Unknown,individual,unknown,original,no,0,0,0,0,0,0,0,0,0,0,0,0
365,308,568,5906,0.5422535211267606,16.18082191780822,0,0,0.5,1.0,0.0,0,0,0.0,0.0,0.0,0.0,0.0,0.0,0.0,0.0,0.0,0,0,0,0.5,0.5,0.5,0.5,0.5,0.5,0.5,0.5,0.5,1,0,0,neutral,Unknown,individual,unknown,original,no,0,0,0,0,0,0,0,0,0,0,0,1
365,5376,884,57973,6.081447963800905,158.83013698630137,0,0,0.5,1.0,0.0,0,0,0.0,0.0,0.0,0.0,0.0,0.0,0.0,0.0,0.0,0,0,0,0.5,0.5,0.5,0.5,0.5,0.5,0.5,0.5,0.5,1,0,0,neutral,Unknown,individual,unknown,original,no,0,0,0,0,0,0,0,0,0,0,0,0
365,93,181,4576,0.5138121546961326,12.536986301369863,0,0,0.5,1.0,0.0,0,0,0.0,0.0,0.0,0.0,0.0,0.0,0.0,0.0,0.0,0,0,0,0.5,0.5,0.5,0.5,0.5,0.5,0.5,0.5,0.5,1,0,0,neutral,Unknown,individual,unknown,original,no,0,0,0,0,0,0,0,0,0,0,0,1
365,169,229,3561,0.7379912663755459,9.756164383561643,0,0,0.5,1.0,0.0,0,0,0.0,0.0,0.0,0.0,0.0,0.0,0.0,0.0,0.0,0,0,0,0.5,0.5,0.5,0.5,0.5,0.5,0.5,0.5,0.5,1,0,0,neutral,Unknown,individual,unknown,original,no,0,0,0,0,0,0,0,0,0,0,0,0
365,1624,944,12597,1.7203389830508475,34.512328767123286,0,0,0.5,1.0,0.0,0,0,0.0,0.0,0.0,0.0,0.0,0.0,0.0,0.0,0.0,0,0,0,0.5,0.5,0.5,0.5,0.5,0.5,0.5,0.5,0.5,1,0,0,neutral,Unknown,individual,unknown,original,no,0,0,0,0,0,0,0,0,0,0,0,0
365,297,557,4133,0.533213644524237,11.323287671232876,0,0,0.5,1.0,0.0,0,0,0.0,0.0,0.0,0.0,0.0,0.0,0.0,0.0,0.0,0,0,0,0.5,0.5,0.5,0.5,0.5,0.5,0.5,0.5,0.5,1,0,0,neutral,Unknown,individual,unknown,original,no,0,0,0,0,0,0,0,0,0,0,0,1
365,498,699,11277,0.7124463519313304,30.895890410958906,0,0,0.5,1.0,0.0,0,0,0.0,0.0,0.0,0.0,0.0,0.0,0.0,0.0,0.0,0,0,0,0.5,0.5,0.5,0.5,0.5,0.5,0.5,0.5,0.5,1,0,0,neutral,Unknown,individual,unknown,original,no,0,0,0,0,0,0,0,0,0,0,0,0
365,329,449,2419,0.732739420935412,6.627397260273972,0,0,0.5,1.0,0.0,0,0,0.0,0.0,0.0,0.0,0.0,0.0,0.0,0.0,0.0,0,0,0,0.5,0.5,0.5,0.5,0.5,0.5,0.5,0.5,0.5,1,0,0,neutral,Unknown,individual,unknown,original,no,0,0,0,0,0,0,0,0,0,0,0,1
365,261,609,13218,0.42857142857142855,36.21369863013699,0,0,0.5,1.0,0.0,0,0,0.0,0.0,0.0,0.0,0.0,0.0,0.0,0.0,0.0,0,0,0,0.5,0.5,0.5,0.5,0.5,0.5,0.5,0.5,0.5,1,0,0,neutral,Unknown,individual,unknown,original,no,0,0,0,0,0,0,0,0,0,0,0,1
365,13120,7964,201085,1.6474133601205425,550.917808219178,0,0,0.5,1.0,0.0,0,0,0.0,0.0,0.0,0.0,0.0,0.0,0.0,0.0,0.0,0,0,0,0.5,0.5,0.5,0.5,0.5,0.5,0.5,0.5,0.5,1,0,0,neutral,Unknown,individual,unknown,original,no,0,0,0,0,0,0,0,0,0,0,0,0
365,641,467,14312,1.3725910064239828,39.21095890410959,0,0,0.5,1.0,0.0,0,0,0.0,0.0,0.0,0.0,0.0,0.0,0.0,0.0,0.0,0,0,0,0.5,0.5,0.5,0.5,0.5,0.5,0.5,0.5,0.5,1,0,0,neutral,Unknown,individual,unknown,original,no,0,0,0,0,0,0,0,0,0,0,0,1
365,733,1259,20684,0.5822081016679904,56.66849315068493,0,0,0.5,1.0,0.0,0,0,0.0,0.0,0.0,0.0,0.0,0.0,0.0,0.0,0.0,0,0,0,0.5,0.5,0.5,0.5,0.5,0.5,0.5,0.5,0.5,1,0,0,neutral,Unknown,individual,unknown,original,no,0,0,0,0,0,0,0,0,0,0,0,0
365,7,8,4760,0.875,13.04109589041096,0,0,0.5,1.0,0.0,0,0,0.0,0.0,0.0,0.0,0.0,0.0,0.0,0.0,0.0,0,0,0,0.5,0.5,0.5,0.5,0.5,0.5,0.5,0.5,0.5,1,0,0,neutral,Unknown,individual,unknown,original,no,0,0,0,0,0,0,0,0,0,0,0,1
365,2020,1183,17557,1.7075232459847844,48.1013698630137,0,0,0.5,1.0,0.0,0,0,0.0,0.0,0.0,0.0,0.0,0.0,0.0,0.0,0.0,0,0,0,0.5,0.5,0.5,0.5,0.5,0.5,0.5,0.5,0.5,1,0,0,neutral,Unknown,individual,unknown,original,no,0,0,0,0,0,0,0,0,0,0,0,1
365,333,995,5967,0.33467336683417087,16.34794520547945,0,0,0.5,1.0,0.0,0,0,0.0,0.0,0.0,0.0,0.0,0.0,0.0,0.0,0.0,0,0,0,0.5,0.5,0.5,0.5,0.5,0.5,0.5,0.5,0.5,1,0,0,neutral,Unknown,individual,unknown,original,no,0,0,0,0,0,0,0,0,0,0,0,1
365,88,109,2917,0.8073394495412844,7.991780821917808,0,0,0.5,1.0,0.0,0,0,0.0,0.0,0.0,0.0,0.0,0.0,0.0,0.0,0.0,0,0,0,0.5,0.5,0.5,0.5,0.5,0.5,0.5,0.5,0.5,1,0,0,neutral,Unknown,individual,unknown,original,no,0,0,0,0,0,0,0,0,0,0,0,1
365,8,2,6192,4.0,16.964383561643835,0,0,0.5,1.0,0.0,0,0,0.0,0.0,0.0,0.0,0.0,0.0,0.0,0.0,0.0,0,0,0,0.5,0.5,0.5,0.5,0.5,0.5,0.5,0.5,0.5,1,0,0,neutral,Unknown,individual,unknown,original,no,0,0,0,0,0,0,0,0,0,0,0,1
365,5483,5115,43094,1.0719452590420333,118.06575342465753,0,0,0.5,1.0,0.0,0,0,0.0,0.0,0.0,0.0,0.0,0.0,0.0,0.0,0.0,0,0,0,0.5,0.5,0.5,0.5,0.5,0.5,0.5,0.5,0.5,1,0,0,neutral,Unknown,individual,unknown,original,no,0,0,0,0,0,0,0,0,0,0,0,0
365,166,293,7727,0.5665529010238908,21.16986301369863,0,0,0.5,1.0,0.0,0,0,0.0,0.0,0.0,0.0,0.0,0.0,0.0,0.0,0.0,0,0,0,0.5,0.5,0.5,0.5,0.5,0.5,0.5,0.5,0.5,1,0,0,neutral,Unknown,individual,unknown,original,no,0,0,0,0,0,0,0,0,0,0,0,0
365,667,266,30556,2.507518796992481,83.71506849315068,0,0,0.5,1.0,0.0,0,0,0.0,0.0,0.0,0.0,0.0,0.0,0.0,0.0,0.0,0,0,0,0.5,0.5,0.5,0.5,0.5,0.5,0.5,0.5,0.5,1,0,0,neutral,Unknown,individual,unknown,original,no,0,0,0,0,0,0,0,0,0,0,0,0
365,7,10,575,0.7,1.5753424657534247,0,0,0.5,1.0,0.0,0,0,0.0,0.0,0.0,0.0,0.0,0.0,0.0,0.0,0.0,0,0,0,0.5,0.5,0.5,0.5,0.5,0.5,0.5,0.5,0.5,1,0,0,neutral,Unknown,individual,unknown,original,no,0,0,0,0,0,0,0,0,0,0,0,1
365,865,738,25584,1.1720867208672088,70.0931506849315,0,0,0.5,1.0,0.0,0,0,0.0,0.0,0.0,0.0,0.0,0.0,0.0,0.0,0.0,0,0,0,0.5,0.5,0.5,0.5,0.5,0.5,0.5,0.5,0.5,1,0,0,neutral,Unknown,individual,unknown,original,no,0,0,0,0,0,0,0,0,0,0,0,0
365,30,7,4469,4.285714285714286,12.243835616438357,0,0,0.5,1.0,0.0,0,0,0.0,0.0,0.0,0.0,0.0,0.0,0.0,0.0,0.0,0,0,0,0.5,0.5,0.5,0.5,0.5,0.5,0.5,0.5,0.5,1,0,0,neutral,Unknown,individual,unknown,original,no,0,0,0,0,0,0,0,0,0,0,0,0
365,224,289,4937,0.7750865051903114,13.526027397260274,0,0,0.5,1.0,0.0,0,0,0.0,0.0,0.0,0.0,0.0,0.0,0.0,0.0,0.0,0,0,0,0.5,0.5,0.5,0.5,0.5,0.5,0.5,0.5,0.5,1,0,0,neutral,Unknown,individual,unknown,original,no,0,0,0,0,0,0,0,0,0,0,0,0
365,1160,1226,96148,0.9461663947797716,263.41917808219176,0,0,0.5,1.0,0.0,0,0,0.0,0.0,0.0,0.0,0.0,0.0,0.0,0.0,0.0,0,0,0,0.5,0.5,0.5,0.5,0.5,0.5,0.5,0.5,0.5,1,0,0,neutral,Unknown,individual,unknown,original,no,0,0,0,0,0,0,0,0,0,0,0,0
365,150,217,8889,0.6912442396313364,24.353424657534248,0,0,0.5,1.0,0.0,0,0,0.0,0.0,0.0,0.0,0.0,0.0,0.0,0.0,0.0,0,0,0,0.5,0.5,0.5,0.5,0.5,0.5,0.5,0.5,0.5,1,0,0,neutral,Unknown,individual,unknown,original,no,0,0,0,0,0,0,0,0,0,0,0,1
365,434,783,6425,0.5542784163473818,17.602739726027398,0,0,0.5,1.0,0.0,0,0,0.0,0.0,0.0,0.0,0.0,0.0,0.0,0.0,0.0,0,0,0,0.5,0.5,0.5,0.5,0.5,0.5,0.5,0.5,0.5,1,0,0,neutral,Unknown,individual,unknown,original,no,0,0,0,0,0,0,0,0,0,0,0,1
365,1752,2946,43984,0.594704684317719,120.5041095890411,0,0,0.5,1.0,0.0,0,0,0.0,0.0,0.0,0.0,0.0,0.0,0.0,0.0,0.0,0,0,0,0.5,0.5,0.5,0.5,0.5,0.5,0.5,0.5,0.5,1,0,0,neutral,Unknown,individual,unknown,original,no,0,0,0,0,0,0,0,0,0,0,0,0
365,455,221,7740,2.0588235294117645,21.205479452054796,0,0,0.5,1.0,0.0,0,0,0.0,0.0,0.0,0.0,0.0,0.0,0.0,0.0,0.0,0,0,0,0.5,0.5,0.5,0.5,0.5,0.5,0.5,0.5,0.5,1,0,0,neutral,Unknown,individual,unknown,original,no,0,0,0,0,0,0,0,0,0,0,0,0
365,141,269,13133,0.5241635687732342,35.98082191780822,0,0,0.5,1.0,0.0,0,0,0.0,0.0,0.0,0.0,0.0,0.0,0.0,0.0,0.0,0,0,0,0.5,0.5,0.5,0.5,0.5,0.5,0.5,0.5,0.5,1,0,0,neutral,Unknown,individual,unknown,original,no,0,0,0,0,0,0,0,0,0,0,0,0
365,363,2151,3622,0.16875871687587168,9.923287671232877,0,0,0.5,1.0,0.0,0,0,0.0,0.0,0.0,0.0,0.0,0.0,0.0,0.0,0.0,0,0,0,0.5,0.5,0.5,0.5,0.5,0.5,0.5,0.5,0.5,1,0,0,neutral,Unknown,individual,unknown,original,no,0,0,0,0,0,0,0,0,0,0,0,0
365,783,603,7959,1.2985074626865671,21.805479452054794,0,0,0.5,1.0,0.0,0,0,0.0,0.0,0.0,0.0,0.0,0.0,0.0,0.0,0.0,0,0,0,0.5,0.5,0.5,0.5,0.5,0.5,0.5,0.5,0.5,1,0,0,neutral,Unknown,individual,unknown,original,no,0,0,0,0,0,0,0,0,0,0,0,0
365,1869,1856,53575,1.0070043103448276,146.78082191780823,0,0,0.5,1.0,0.0,0,0,0.0,0.0,0.0,0.0,0.0,0.0,0.0,0.0,0.0,0,0,0,0.5,0.5,0.5,0.5,0.5,0.5,0.5,0.5,0.5,1,0,0,neutral,Unknown,individual,unknown,original,no,0,0,0,0,0,0,0,0,0,0,0,0
365,1517,2971,36571,0.5106024907438573,100.1945205479452,0,0,0.5,1.0,0.0,0,0,0.0,0.0,0.0,0.0,0.0,0.0,0.0,0.0,0.0,0,0,0,0.5,0.5,0.5,0.5,0.5,0.5,0.5,0.5,0.5,1,0,0,neutral,Unknown,individual,unknown,original,no,0,0,0,0,0,0,0,0,0,0,0,0
365,88,67,4179,1.3134328358208955,11.449315068493151,0,0,0.5,1.0,0.0,0,0,0.0,0.0,0.0,0.0,0.0,0.0,0.0,0.0,0.0,0,0,0,0.5,0.5,0.5,0.5,0.5,0.5,0.5,0.5,0.5,1,0,0,neutral,Unknown,individual,unknown,original,no,0,0,0,0,0,0,0,0,0,0,0,1
365,711,736,20155,0.9660326086956522,55.21917808219178,0,0,0.5,1.0,0.0,0,0,0.0,0.0,0.0,0.0,0.0,0.0,0.0,0.0,0.0,0,0,0,0.5,0.5,0.5,0.5,0.5,0.5,0.5,0.5,0.5,1,0,0,neutral,Unknown,individual,unknown,original,no,0,0,0,0,0,0,0,0,0,0,0,1
365,72,210,2772,0.34285714285714286,7.594520547945206,0,0,0.5,1.0,0.0,0,0,0.0,0.0,0.0,0.0,0.0,0.0,0.0,0.0,0.0,0,0,0,0.5,0.5,0.5,0.5,0.5,0.5,0.5,0.5,0.5,1,0,0,neutral,Unknown,individual,unknown,original,no,0,0,0,0,0,0,0,0,0,0,0,1
365,453,573,4334,0.7905759162303665,11.873972602739727,0,0,0.5,1.0,0.0,0,0,0.0,0.0,0.0,0.0,0.0,0.0,0.0,0.0,0.0,0,0,0,0.5,0.5,0.5,0.5,0.5,0.5,0.5,0.5,0.5,1,0,0,neutral,Unknown,individual,unknown,original,no,0,0,0,0,0,0,0,0,0,0,0,0
365,280,509,5360,0.550098231827112,14.684931506849315,0,0,0.5,1.0,0.0,0,0,0.0,0.0,0.0,0.0,0.0,0.0,0.0,0.0,0.0,0,0,0,0.5,0.5,0.5,0.5,0.5,0.5,0.5,0.5,0.5,1,0,0,neutral,Unknown,individual,unknown,original,no,0,0,0,0,0,0,0,0,0,0,0,1
365,17300,17314,86895,0.9991914057987755,238.06849315068493,0,0,0.5,1.0,0.0,0,0,0.0,0.0,0.0,0.0,0.0,0.0,0.0,0.0,0.0,0,0,0,0.5,0.5,0.5,0.5,0.5,0.5,0.5,0.5,0.5,1,0,0,neutral,Unknown,individual,unknown,original,no,0,0,0,0,0,0,0,0,0,0,0,0
365,2061,2831,63945,0.7280113034263511,175.1917808219178,0,0,0.5,1.0,0.0,0,0,0.0,0.0,0.0,0.0,0.0,0.0,0.0,0.0,0.0,0,0,0,0.5,0.5,0.5,0.5,0.5,0.5,0.5,0.5,0.5,1,0,0,neutral,Unknown,individual,unknown,original,no,0,0,0,0,0,0,0,0,0,0,0,0
365,98,222,5547,0.44144144144144143,15.197260273972603,0,0,0.5,1.0,0.0,0,0,0.0,0.0,0.0,0.0,0.0,0.0,0.0,0.0,0.0,0,0,0,0.5,0.5,0.5,0.5,0.5,0.5,0.5,0.5,0.5,1,0,0,neutral,Unknown,individual,unknown,original,no,0,0,0,0,0,0,0,0,0,0,0,0
365,421,788,26433,0.5342639593908629,72.41917808219178,0,0,0.5,1.0,0.0,0,0,0.0,0.0,0.0,0.0,0.0,0.0,0.0,0.0,0.0,0,0,0,0.5,0.5,0.5,0.5,0.5,0.5,0.5,0.5,0.5,1,0,0,neutral,Unknown,individual,unknown,original,no,0,0,0,0,0,0,0,0,0,0,0,0
365,75,57,2274,1.3157894736842106,6.23013698630137,0,0,0.5,1.0,0.0,0,0,0.0,0.0,0.0,0.0,0.0,0.0,0.0,0.0,0.0,0,0,0,0.5,0.5,0.5,0.5,0.5,0.5,0.5,0.5,0.5,1,0,0,neutral,Unknown,individual,unknown,original,no,0,0,0,0,0,0,0,0,0,0,0,1
365,1968,1882,9474,1.0456960680127525,25.956164383561642,0,0,0.5,1.0,0.0,0,0,0.0,0.0,0.0,0.0,0.0,0.0,0.0,0.0,0.0,0,0,0,0.5,0.5,0.5,0.5,0.5,0.5,0.5,0.5,0.5,1,0,0,neutral,Unknown,individual,unknown,original,no,0,0,0,0,0,0,0,0,0,0,0,1
365,50,104,1100,0.4807692307692308,3.0136986301369864,0,0,0.5,1.0,0.0,0,0,0.0,0.0,0.0,0.0,0.0,0.0,0.0,0.0,0.0,0,0,0,0.5,0.5,0.5,0.5,0.5,0.5,0.5,0.5,0.5,1,0,0,neutral,Unknown,individual,unknown,original,no,0,0,0,0,0,0,0,0,0,0,0,0
365,8,8,313,1.0,0.8575342465753425,0,0,0.5,1.0,0.0,0,0,0.0,0.0,0.0,0.0,0.0,0.0,0.0,0.0,0.0,0,0,0,0.5,0.5,0.5,0.5,0.5,0.5,0.5,0.5,0.5,1,0,0,neutral,Unknown,individual,unknown,original,no,0,0,0,0,0,0,0,0,0,0,0,0
365,278,273,24473,1.0183150183150182,67.04931506849314,0,0,0.5,1.0,0.0,0,0,0.0,0.0,0.0,0.0,0.0,0.0,0.0,0.0,0.0,0,0,0,0.5,0.5,0.5,0.5,0.5,0.5,0.5,0.5,0.5,1,0,0,neutral,Unknown,individual,unknown,original,no,0,0,0,0,0,0,0,0,0,0,0,0
365,36,147,1762,0.24489795918367346,4.8273972602739725,0,0,0.5,1.0,0.0,0,0,0.0,0.0,0.0,0.0,0.0,0.0,0.0,0.0,0.0,0,0,0,0.5,0.5,0.5,0.5,0.5,0.5,0.5,0.5,0.5,1,0,0,neutral,Unknown,individual,unknown,original,no,0,0,0,0,0,0,0,0,0,0,0,1
365,94,241,4081,0.3900414937759336,11.180821917808219,0,0,0.5,1.0,0.0,0,0,0.0,0.0,0.0,0.0,0.0,0.0,0.0,0.0,0.0,0,0,0,0.5,0.5,0.5,0.5,0.5,0.5,0.5,0.5,0.5,1,0,0,neutral,Unknown,individual,unknown,original,no,0,0,0,0,0,0,0,0,0,0,0,0
365,366,434,23553,0.8433179723502304,64.52876712328766,0,0,0.5,1.0,0.0,0,0,0.0,0.0,0.0,0.0,0.0,0.0,0.0,0.0,0.0,0,0,0,0.5,0.5,0.5,0.5,0.5,0.5,0.5,0.5,0.5,1,0,0,neutral,Unknown,individual,unknown,original,no,0,0,0,0,0,0,0,0,0,0,0,1
365,588,2671,29456,0.22014226881317858,80.7013698630137,0,0,0.5,1.0,0.0,0,0,0.0,0.0,0.0,0.0,0.0,0.0,0.0,0.0,0.0,0,0,0,0.5,0.5,0.5,0.5,0.5,0.5,0.5,0.5,0.5,1,0,0,neutral,Unknown,individual,unknown,original,no,0,0,0,0,0,0,0,0,0,0,0,0
365,594,1218,16181,0.4876847290640394,44.33150684931507,0,0,0.5,1.0,0.0,0,0,0.0,0.0,0.0,0.0,0.0,0.0,0.0,0.0,0.0,0,0,0,0.5,0.5,0.5,0.5,0.5,0.5,0.5,0.5,0.5,1,0,0,neutral,Unknown,individual,unknown,original,no,0,0,0,0,0,0,0,0,0,0,0,0
365,128,465,1794,0.2752688172043011,4.9150684931506845,0,0,0.5,1.0,0.0,0,0,0.0,0.0,0.0,0.0,0.0,0.0,0.0,0.0,0.0,0,0,0,0.5,0.5,0.5,0.5,0.5,0.5,0.5,0.5,0.5,1,0,0,neutral,Unknown,individual,unknown,original,no,0,0,0,0,0,0,0,0,0,0,0,0
365,72,144,6965,0.5,19.08219178082192,0,0,0.5,1.0,0.0,0,0,0.0,0.0,0.0,0.0,0.0,0.0,0.0,0.0,0.0,0,0,0,0.5,0.5,0.5,0.5,0.5,0.5,0.5,0.5,0.5,1,0,0,neutral,Unknown,individual,unknown,original,no,0,0,0,0,0,0,0,0,0,0,0,1
365,723,1347,12413,0.5367483296213809,34.00821917808219,0,0,0.5,1.0,0.0,0,0,0.0,0.0,0.0,0.0,0.0,0.0,0.0,0.0,0.0,0,0,0,0.5,0.5,0.5,0.5,0.5,0.5,0.5,0.5,0.5,1,0,0,neutral,Unknown,individual,unknown,original,no,0,0,0,0,0,0,0,0,0,0,0,1
365,12,123,2212,0.0975609756097561,6.06027397260274,0,0,0.5,1.0,0.0,0,0,0.0,0.0,0.0,0.0,0.0,0.0,0.0,0.0,0.0,0,0,0,0.5,0.5,0.5,0.9,0.5,0.5,0.5,0.66,0.5,1,0,0,neutral,Unknown,individual,unknown,original,no,0,0,0,0,0,0,0,0,0,0,0,1
365,215,645,18083,0.3333333333333333,49.54246575342466,0,0,0.5,1.0,0.0,0,0,0.0,0.0,0.0,0.0,0.0,0.0,0.0,0.0,0.0,0,0,0,0.5,0.5,0.5,0.5,0.5,0.5,0.5,0.5,0.5,1,0,0,neutral,Unknown,individual,unknown,original,no,0,0,0,0,0,0,0,0,0,0,0,0
365,63,114,2605,0.5526315789473685,7.136986301369863,0,0,0.5,1.0,0.0,0,0,0.0,0.0,0.0,0.0,0.0,0.0,0.0,0.0,0.0,0,0,0,0.5,0.5,0.5,0.5,0.5,0.5,0.5,0.5,0.5,1,0,0,neutral,Unknown,individual,unknown,original,no,0,0,0,0,0,0,0,0,0,0,0,1
365,213,900,2302,0.23666666666666666,6.306849315068493,0,0,0.5,1.0,0.0,0,0,0.0,0.0,0.0,0.0,0.0,0.0,0.0,0.0,0.0,0,0,0,0.5,0.5,0.5,0.5,0.5,0.5,0.5,0.5,0.5,1,0,0,neutral,Unknown,individual,unknown,original,no,0,0,0,0,0,0,0,0,0,0,0,0
365,212,152,22783,1.394736842105263,62.41917808219178,0,0,0.5,1.0,0.0,0,0,0.0,0.0,0.0,0.0,0.0,0.0,0.0,0.0,0.0,0,0,0,0.5,0.5,0.5,0.5,0.5,0.5,0.5,0.5,0.5,1,0,0,neutral,Unknown,individual,unknown,original,no,0,0,0,0,0,0,0,0,0,0,0,1
365,575,496,7033,1.159274193548387,19.268493150684932,0,0,0.5,1.0,0.0,0,0,0.0,0.0,0.0,0.0,0.0,0.0,0.0,0.0,0.0,0,0,0,0.5,0.5,0.5,0.5,0.5,0.5,0.5,0.5,0.5,1,0,0,neutral,Unknown,individual,unknown,original,no,0,0,0,0,0,0,0,0,0,0,0,1
365,760,804,24844,0.945273631840796,68.06575342465753,0,0,0.5,1.0,0.0,0,0,0.0,0.0,0.0,0.0,0.0,0.0,0.0,0.0,0.0,0,0,0,0.5,0.5,0.5,0.5,0.5,0.5,0.5,0.5,0.5,1,0,0,neutral,Unknown,individual,unknown,original,no,0,0,0,0,0,0,0,0,0,0,0,1
365,5,28,4119,0.17857142857142858,11.284931506849315,0,0,0.5,1.0,0.0,0,0,0.0,0.0,0.0,0.0,0.0,0.0,0.0,0.0,0.0,0,0,0,0.5,0.5,0.5,0.5,0.5,0.5,0.5,0.5,0.5,1,0,0,neutral,Unknown,individual,unknown,original,no,0,0,0,0,0,0,0,0,0,0,0,1
365,246,195,10491,1.2615384615384615,28.742465753424657,0,0,0.5,1.0,0.0,0,0,0.0,0.0,0.0,0.0,0.0,0.0,0.0,0.0,0.0,0,0,0,0.5,0.5,0.5,0.5,0.5,0.5,0.5,0.5,0.5,1,0,0,neutral,Unknown,individual,unknown,original,no,0,0,0,0,0,0,0,0,0,0,0,1
365,31,92,434,0.33695652173913043,1.189041095890411,0,0,0.5,1.0,0.0,0,0,0.0,0.0,0.0,0.0,0.0,0.0,0.0,0.0,0.0,0,0,0,0.5,0.5,0.5,0.5,0.5,0.5,0.5,0.5,0.5,1,0,0,neutral,Unknown,individual,unknown,original,no,0,0,0,0,0,0,0,0,0,0,0,1
365,13,5,2525,2.6,6.917808219178082,0,0,0.5,1.0,0.0,0,0,0.0,0.0,0.0,0.0,0.0,0.0,0.0,0.0,0.0,0,0,0,0.5,0.5,0.5,0.5,0.5,0.5,0.5,0.5,0.5,1,0,0,neutral,Unknown,individual,unknown,original,no,0,0,0,0,0,0,0,0,0,0,0,1
365,111,815,2164,0.1361963190184049,5.928767123287671,0,0,0.5,1.0,0.0,0,0,0.0,0.0,0.0,0.0,0.0,0.0,0.0,0.0,0.0,0,0,0,0.5,0.5,0.5,0.5,0.5,0.5,0.5,0.5,0.5,1,0,0,neutral,Unknown,individual,unknown,original,no,0,0,0,0,0,0,0,0,0,0,0,0
365,73,130,4972,0.5615384615384615,13.621917808219179,0,0,0.5,1.0,0.0,0,0,0.0,0.0,0.0,0.0,0.0,0.0,0.0,0.0,0.0,0,0,0,0.5,0.5,0.5,0.5,0.5,0.5,0.5,0.5,0.5,1,0,0,neutral,Unknown,individual,unknown,original,no,0,0,0,0,0,0,0,0,0,0,0,1
365,110,66,2868,1.6666666666666667,7.857534246575343,0,0,0.5,1.0,0.0,0,0,0.0,0.0,0.0,0.0,0.0,0.0,0.0,0.0,0.0,0,0,0,0.5,0.5,0.5,0.5,0.5,0.5,0.5,0.5,0.5,1,0,0,neutral,Unknown,individual,unknown,original,no,0,0,0,0,0,0,0,0,0,0,0,1
365,53,62,6836,0.8548387096774194,18.72876712328767,0,0,0.5,1.0,0.0,0,0,0.0,0.0,0.0,0.0,0.0,0.0,0.0,0.0,0.0,0,0,0,0.5,0.5,0.5,0.5,0.5,0.5,0.5,0.5,0.5,1,0,0,neutral,Unknown,individual,unknown,original,no,0,0,0,0,0,0,0,0,0,0,0,1
365,203,53,9789,3.830188679245283,26.81917808219178,0,0,0.5,1.0,0.0,0,0,0.0,0.0,0.0,0.0,0.0,0.0,0.0,0.0,0.0,0,0,0,0.5,0.5,0.5,0.5,0.5,0.5,0.5,0.5,0.5,1,0,0,neutral,Unknown,individual,unknown,original,no,0,0,0,0,0,0,0,0,0,0,0,0
365,6,16,423,0.375,1.158904109589041,0,0,0.5,1.0,0.0,0,0,0.0,0.0,0.0,0.0,0.0,0.0,0.0,0.0,0.0,0,0,0,0.5,0.5,0.5,0.5,0.5,0.5,0.5,0.5,0.5,1,0,0,neutral,Unknown,individual,unknown,original,no,0,0,0,0,0,0,0,0,0,0,0,1
365,1435,1043,53067,1.3758389261744965,145.3890410958904,0,0,0.5,1.0,0.0,0,0,0.0,0.0,0.0,0.0,0.0,0.0,0.0,0.0,0.0,0,0,0,0.5,0.5,0.5,0.5,0.5,0.5,0.5,0.5,0.5,1,0,0,neutral,Unknown,individual,unknown,original,no,0,0,0,0,0,0,0,0,0,0,0,0
365,44,447,2958,0.09843400447427293,8.104109589041096,0,0,0.5,1.0,0.0,0,0,0.0,0.0,0.0,0.0,0.0,0.0,0.0,0.0,0.0,0,0,0,0.5,0.5,0.5,0.9,0.5,0.5,0.5,0.66,0.5,1,0,0,neutral,Unknown,individual,unknown,original,no,0,0,0,0,0,0,0,0,0,0,0,0
365,199,441,1642,0.4512471655328798,4.498630136986302,0,0,0.5,1.0,0.0,0,0,0.0,0.0,0.0,0.0,0.0,0.0,0.0,0.0,0.0,0,0,0,0.5,0.5,0.5,0.5,0.5,0.5,0.5,0.5,0.5,1,0,0,neutral,Unknown,individual,unknown,original,no,0,0,0,0,0,0,0,0,0,0,0,0
365,14,16,6181,0.875,16.934246575342467,0,0,0.5,1.0,0.0,0,0,0.0,0.0,0.0,0.0,0.0,0.0,0.0,0.0,0.0,0,0,0,0.5,0.5,0.5,0.5,0.5,0.5,0.5,0.5,0.5,1,0,0,neutral,Unknown,individual,unknown,original,no,0,0,0,0,0,0,0,0,0,0,0,1
365,9,8,4910,1.125,13.452054794520548,0,0,0.5,1.0,0.0,0,0,0.0,0.0,0.0,0.0,0.0,0.0,0.0,0.0,0.0,0,0,0,0.5,0.5,0.5,0.5,0.5,0.5,0.5,0.5,0.5,1,0,0,neutral,Unknown,individual,unknown,original,no,0,0,0,0,0,0,0,0,0,0,0,1
365,65,68,1242,0.9558823529411765,3.4027397260273973,0,0,0.5,1.0,0.0,0,0,0.0,0.0,0.0,0.0,0.0,0.0,0.0,0.0,0.0,0,0,0,0.5,0.5,0.5,0.5,0.5,0.5,0.5,0.5,0.5,1,0,0,neutral,Unknown,individual,unknown,original,no,0,0,0,0,0,0,0,0,0,0,0,0
365,354,764,1244,0.46335078534031415,3.408219178082192,0,0,0.5,1.0,0.0,0,0,0.0,0.0,0.0,0.0,0.0,0.0,0.0,0.0,0.0,0,0,0,0.5,0.5,0.5,0.5,0.5,0.5,0.5,0.5,0.5,1,0,0,neutral,Unknown,individual,unknown,original,no,0,0,0,0,0,0,0,0,0,0,0,0
365,5,13,4090,0.38461538461538464,11.205479452054794,0,0,0.5,1.0,0.0,0,0,0.0,0.0,0.0,0.0,0.0,0.0,0.0,0.0,0.0,0,0,0,0.5,0.5,0.5,0.5,0.5,0.5,0.5,0.5,0.5,1,0,0,neutral,Unknown,individual,unknown,original,no,0,0,0,0,0,0,0,0,0,0,0,0
365,10041,2942,196075,3.4129843643779743,537.1917808219179,0,0,0.5,1.0,0.0,0,0,0.0,0.0,0.0,0.0,0.0,0.0,0.0,0.0,0.0,0,0,0,0.5,0.5,0.5,0.5,0.5,0.5,0.5,0.5,0.5,1,0,0,neutral,Unknown,individual,unknown,original,no,0,0,0,0,0,0,0,0,0,0,0,0
365,414,328,8112,1.2621951219512195,22.224657534246575,0,0,0.5,1.0,0.0,0,0,0.0,0.0,0.0,0.0,0.0,0.0,0.0,0.0,0.0,0,0,0,0.5,0.5,0.5,0.5,0.5,0.5,0.5,0.5,0.5,1,0,0,neutral,Unknown,individual,unknown,original,no,0,0,0,0,0,0,0,0,0,0,0,1
365,25,52,1326,0.4807692307692308,3.632876712328767,0,0,0.5,1.0,0.0,0,0,0.0,0.0,0.0,0.0,0.0,0.0,0.0,0.0,0.0,0,0,0,0.5,0.5,0.5,0.5,0.5,0.5,0.5,0.5,0.5,1,0,0,neutral,Unknown,individual,unknown,original,no,0,0,0,0,0,0,0,0,0,0,0,0
365,251,1348,5910,0.18620178041543026,16.19178082191781,0,0,0.5,1.0,0.0,0,0,0.0,0.0,0.0,0.0,0.0,0.0,0.0,0.0,0.0,0,0,0,0.5,0.5,0.5,0.5,0.5,0.5,0.5,0.5,0.5,1,0,0,neutral,Unknown,individual,unknown,original,no,0,0,0,0,0,0,0,0,0,0,0,0
365,561,516,7612,1.0872093023255813,20.854794520547944,0,0,0.5,1.0,0.0,0,0,0.0,0.0,0.0,0.0,0.0,0.0,0.0,0.0,0.0,0,0,0,0.5,0.5,0.5,0.5,0.5,0.5,0.5,0.5,0.5,1,0,0,neutral,Unknown,individual,unknown,original,no,0,0,0,0,0,0,0,0,0,0,0,0
365,355,457,22023,0.7768052516411379,60.33698630136986,0,0,0.5,1.0,0.0,0,0,0.0,0.0,0.0,0.0,0.0,0.0,0.0,0.0,0.0,0,0,0,0.5,0.5,0.5,0.5,0.5,0.5,0.5,0.5,0.5,1,0,0,neutral,Unknown,individual,unknown,original,no,0,0,0,0,0,0,0,0,0,0,0,0
365,91,204,2026,0.44607843137254904,5.550684931506849,0,0,0.5,1.0,0.0,0,0,0.0,0.0,0.0,0.0,0.0,0.0,0.0,0.0,0.0,0,0,0,0.5,0.5,0.5,0.5,0.5,0.5,0.5,0.5,0.5,1,0,0,neutral,Unknown,individual,unknown,original,no,0,0,0,0,0,0,0,0,0,0,0,1
365,8066,2146,34265,3.7586206896551726,93.87671232876713,0,0,0.5,1.0,0.0,0,0,0.0,0.0,0.0,0.0,0.0,0.0,0.0,0.0,0.0,0,0,0,0.5,0.5,0.5,0.5,0.5,0.5,0.5,0.5,0.5,1,0,0,neutral,Unknown,individual,unknown,original,no,0,0,0,0,0,0,0,0,0,0,0,0
365,4843,1973,61488,2.454637607704004,168.46027397260275,0,0,0.5,1.0,0.0,0,0,0.0,0.0,0.0,0.0,0.0,0.0,0.0,0.0,0.0,0,0,0,0.5,0.5,0.5,0.5,0.5,0.5,0.5,0.5,0.5,1,0,0,neutral,Unknown,individual,unknown,original,no,0,0,0,0,0,0,0,0,0,0,0,1
365,145,326,4931,0.4447852760736196,13.509589041095891,0,0,0.5,1.0,0.0,0,0,0.0,0.0,0.0,0.0,0.0,0.0,0.0,0.0,0.0,0,0,0,0.5,0.5,0.5,0.5,0.5,0.5,0.5,0.5,0.5,1,0,0,neutral,Unknown,individual,unknown,original,no,0,0,0,0,0,0,0,0,0,0,0,0
365,360,598,7199,0.6020066889632107,19.723287671232878,0,0,0.5,1.0,0.0,0,0,0.0,0.0,0.0,0.0,0.0,0.0,0.0,0.0,0.0,0,0,0,0.5,0.5,0.5,0.5,0.5,0.5,0.5,0.5,0.5,1,0,0,neutral,Unknown,individual,unknown,original,no,0,0,0,0,0,0,0,0,0,0,0,0
365,148,1697,984,0.08721272834413671,2.695890410958904,0,0,0.5,1.0,0.0,0,0,0.0,0.0,0.0,0.0,0.0,0.0,0.0,0.0,0.0,0,0,0,0.5,0.5,0.5,0.9,0.5,0.5,0.5,0.66,0.5,1,0,0,neutral,Unknown,individual,unknown,original,no,0,0,0,0,0,0,0,0,0,0,0,1
365,125,362,1818,0.3453038674033149,4.980821917808219,0,0,0.5,1.0,0.0,0,0,0.0,0.0,0.0,0.0,0.0,0.0,0.0,0.0,0.0,0,0,0,0.5,0.5,0.5,0.5,0.5,0.5,0.5,0.5,0.5,1,0,0,neutral,Unknown,individual,unknown,original,no,0,0,0,0,0,0,0,0,0,0,0,0
365,351,784,8407,0.4477040816326531,23.03287671232877,0,0,0.5,1.0,0.0,0,0,0.0,0.0,0.0,0.0,0.0,0.0,0.0,0.0,0.0,0,0,0,0.5,0.5,0.5,0.5,0.5,0.5,0.5,0.5,0.5,1,0,0,neutral,Unknown,individual,unknown,original,no,0,0,0,0,0,0,0,0,0,0,0,1
365,11,39,475,0.28205128205128205,1.3013698630136987,0,0,0.5,1.0,0.0,0,0,0.0,0.0,0.0,0.0,0.0,0.0,0.0,0.0,0.0,0,0,0,0.5,0.5,0.5,0.5,0.5,0.5,0.5,0.5,0.5,1,0,0,neutral,Unknown,individual,unknown,original,no,0,0,0,0,0,0,0,0,0,0,0,0
365,90,67,2143,1.3432835820895523,5.8712328767123285,0,0,0.5,1.0,0.0,0,0,0.0,0.0,0.0,0.0,0.0,0.0,0.0,0.0,0.0,0,0,0,0.5,0.5,0.5,0.5,0.5,0.5,0.5,0.5,0.5,1,0,0,neutral,Unknown,individual,unknown,original,no,0,0,0,0,0,0,0,0,0,0,0,1
365,677,166,15272,4.078313253012048,41.84109589041096,0,0,0.5,1.0,0.0,0,0,0.0,0.0,0.0,0.0,0.0,0.0,0.0,0.0,0.0,0,0,0,0.5,0.5,0.5,0.5,0.5,0.5,0.5,0.5,0.5,1,0,0,neutral,Unknown,individual,unknown,original,no,0,0,0,0,0,0,0,0,0,0,0,0
365,414,387,18637,1.069767441860465,51.06027397260274,0,0,0.5,1.0,0.0,0,0,0.0,0.0,0.0,0.0,0.0,0.0,0.0,0.0,0.0,0,0,0,0.5,0.5,0.5,0.5,0.5,0.5,0.5,0.5,0.5,1,0,0,neutral,Unknown,individual,unknown,original,no,0,0,0,0,0,0,0,0,0,0,0,0
365,12,68,835,0.17647058823529413,2.287671232876712,0,0,0.5,1.0,0.0,0,0,0.0,0.0,0.0,0.0,0.0,0.0,0.0,0.0,0.0,0,0,0,0.5,0.5,0.5,0.5,0.5,0.5,0.5,0.5,0.5,1,0,0,neutral,Unknown,individual,unknown,original,no,0,0,0,0,0,0,0,0,0,0,0,1
365,287,165,36223,1.7393939393939395,99.24109589041096,0,0,0.5,1.0,0.0,0,0,0.0,0.0,0.0,0.0,0.0,0.0,0.0,0.0,0.0,0,0,0,0.5,0.5,0.5,0.5,0.5,0.5,0.5,0.5,0.5,1,0,0,neutral,Unknown,individual,unknown,original,no,0,0,0,0,0,0,0,0,0,0,0,1
365,21,93,538,0.22580645161290322,1.473972602739726,0,0,0.5,1.0,0.0,0,0,0.0,0.0,0.0,0.0,0.0,0.0,0.0,0.0,0.0,0,0,0,0.5,0.5,0.5,0.5,0.5,0.5,0.5,0.5,0.5,1,0,0,neutral,Unknown,individual,unknown,original,no,0,0,0,0,0,0,0,0,0,0,0,1
365,296,463,9443,0.6393088552915767,25.87123287671233,0,0,0.5,1.0,0.0,0,0,0.0,0.0,0.0,0.0,0.0,0.0,0.0,0.0,0.0,0,0,0,0.5,0.5,0.5,0.5,0.5,0.5,0.5,0.5,0.5,1,0,0,neutral,Unknown,individual,unknown,original,no,0,0,0,0,0,0,0,0,0,0,0,1
365,220,517,2787,0.425531914893617,7.635616438356164,0,0,0.5,1.0,0.0,0,0,0.0,0.0,0.0,0.0,0.0,0.0,0.0,0.0,0.0,0,0,0,0.5,0.5,0.5,0.5,0.5,0.5,0.5,0.5,0.5,1,0,0,neutral,Unknown,individual,unknown,original,no,0,0,0,0,0,0,0,0,0,0,0,1
365,5270,1053,84358,5.004748338081671,231.11780821917807,0,0,0.5,1.0,0.0,0,0,0.0,0.0,0.0,0.0,0.0,0.0,0.0,0.0,0.0,0,0,0,0.5,0.5,0.5,0.5,0.5,0.5,0.5,0.5,0.5,1,0,0,neutral,Unknown,individual,unknown,original,no,0,0,0,0,0,0,0,0,0,0,0,0
365,427,1996,4469,0.21392785571142284,12.243835616438357,0,0,0.5,1.0,0.0,0,0,0.0,0.0,0.0,0.0,0.0,0.0,0.0,0.0,0.0,0,0,0,0.5,0.5,0.5,0.5,0.5,0.5,0.5,0.5,0.5,1,0,0,neutral,Unknown,individual,unknown,original,no,0,0,0,0,0,0,0,0,0,0,0,0
365,12,8,4949,1.5,13.558904109589042,0,0,0.5,1.0,0.0,0,0,0.0,0.0,0.0,0.0,0.0,0.0,0.0,0.0,0.0,0,0,0,0.5,0.5,0.5,0.5,0.5,0.5,0.5,0.5,0.5,1,0,0,neutral,Unknown,individual,unknown,original,no,0,0,0,0,0,0,0,0,0,0,0,1
365,175,86,4750,2.0348837209302326,13.013698630136986,0,0,0.5,1.0,0.0,0,0,0.0,0.0,0.0,0.0,0.0,0.0,0.0,0.0,0.0,0,0,0,0.5,0.5,0.5,0.5,0.5,0.5,0.5,0.5,0.5,1,0,0,neutral,Unknown,individual,unknown,original,no,0,0,0,0,0,0,0,0,0,0,0,1
365,413,807,14899,0.5117719950433705,40.81917808219178,0,0,0.5,1.0,0.0,0,0,0.0,0.0,0.0,0.0,0.0,0.0,0.0,0.0,0.0,0,0,0,0.5,0.5,0.5,0.5,0.5,0.5,0.5,0.5,0.5,1,0,0,neutral,Unknown,individual,unknown,original,no,0,0,0,0,0,0,0,0,0,0,0,0
365,514,0,11040,0.0,30.246575342465754,0,0,0.5,1.0,0.0,0,0,0.0,0.0,0.0,0.0,0.0,0.0,0.0,0.0,0.0,0,0,0,0.5,0.5,0.5,0.3,0.5,0.5,0.5,0.42000000000000004,0.5,1,0,0,neutral,Unknown,individual,unknown,original,no,0,0,0,0,0,0,0,0,0,0,0,1
365,309,412,8761,0.75,24.002739726027396,0,0,0.5,1.0,0.0,0,0,0.0,0.0,0.0,0.0,0.0,0.0,0.0,0.0,0.0,0,0,0,0.5,0.5,0.5,0.5,0.5,0.5,0.5,0.5,0.5,1,0,0,neutral,Unknown,individual,unknown,original,no,0,0,0,0,0,0,0,0,0,0,0,1
365,21,171,1596,0.12280701754385964,4.372602739726028,0,0,0.5,1.0,0.0,0,0,0.0,0.0,0.0,0.0,0.0,0.0,0.0,0.0,0.0,0,0,0,0.5,0.5,0.5,0.5,0.5,0.5,0.5,0.5,0.5,1,0,0,neutral,Unknown,individual,unknown,original,no,0,0,0,0,0,0,0,0,0,0,0,1
365,135,218,6337,0.6192660550458715,17.361643835616437,0,0,0.5,1.0,0.0,0,0,0.0,0.0,0.0,0.0,0.0,0.0,0.0,0.0,0.0,0,0,0,0.5,0.5,0.5,0.5,0.5,0.5,0.5,0.5,0.5,1,0,0,neutral,Unknown,individual,unknown,original,no,0,0,0,0,0,0,0,0,0,0,0,0
365,549,137,74227,4.007299270072993,203.36164383561643,0,0,0.5,1.0,0.0,0,0,0.0,0.0,0.0,0.0,0.0,0.0,0.0,0.0,0.0,0,0,0,0.5,0.5,0.5,0.5,0.5,0.5,0.5,0.5,0.5,1,0,0,neutral,Unknown,individual,unknown,original,no,0,0,0,0,0,0,0,0,0,0,0,0
365,148,229,14023,0.6462882096069869,38.41917808219178,0,0,0.5,1.0,0.0,0,0,0.0,0.0,0.0,0.0,0.0,0.0,0.0,0.0,0.0,0,0,0,0.5,0.5,0.5,0.5,0.5,0.5,0.5,0.5,0.5,1,0,0,neutral,Unknown,individual,unknown,original,no,0,0,0,0,0,0,0,0,0,0,0,1
365,408,875,5856,0.4662857142857143,16.043835616438358,0,0,0.5,1.0,0.0,0,0,0.0,0.0,0.0,0.0,0.0,0.0,0.0,0.0,0.0,0,0,0,0.5,0.5,0.5,0.5,0.5,0.5,0.5,0.5,0.5,1,0,0,neutral,Unknown,individual,unknown,original,no,0,0,0,0,0,0,0,0,0,0,0,1
365,2456,26,10531,94.46153846153847,28.852054794520548,0,0,0.5,1.0,0.0,0,0,0.0,0.0,0.0,0.0,0.0,0.0,0.0,0.0,0.0,0,0,0,0.5,0.5,0.5,0.5,0.5,0.5,0.5,0.5,0.5,1,0,0,neutral,Unknown,individual,unknown,original,no,0,0,0,0,0,0,0,0,0,0,0,1
365,62,42,11204,1.4761904761904763,30.695890410958903,0,0,0.5,1.0,0.0,0,0,0.0,0.0,0.0,0.0,0.0,0.0,0.0,0.0,0.0,0,0,0,0.5,0.5,0.5,0.5,0.5,0.5,0.5,0.5,0.5,1,0,0,neutral,Unknown,individual,unknown,original,no,0,0,0,0,0,0,0,0,0,0,0,1
365,920,1091,25742,0.843263061411549,70.52602739726028,0,0,0.5,1.0,0.0,0,0,0.0,0.0,0.0,0.0,0.0,0.0,0.0,0.0,0.0,0,0,0,0.5,0.5,0.5,0.5,0.5,0.5,0.5,0.5,0.5,1,0,0,neutral,Unknown,individual,unknown,original,no,0,0,0,0,0,0,0,0,0,0,0,0
365,234,151,3615,1.5496688741721854,9.904109589041095,0,0,0.5,1.0,0.0,0,0,0.0,0.0,0.0,0.0,0.0,0.0,0.0,0.0,0.0,0,0,0,0.5,0.5,0.5,0.5,0.5,0.5,0.5,0.5,0.5,1,0,0,neutral,Unknown,individual,unknown,original,no,0,0,0,0,0,0,0,0,0,0,0,1
365,74,100,655,0.74,1.7945205479452055,0,0,0.5,1.0,0.0,0,0,0.0,0.0,0.0,0.0,0.0,0.0,0.0,0.0,0.0,0,0,0,0.5,0.5,0.5,0.5,0.5,0.5,0.5,0.5,0.5,1,0,0,neutral,Unknown,individual,unknown,original,no,0,0,0,0,0,0,0,0,0,0,0,0
365,59,186,1878,0.3172043010752688,5.145205479452055,0,0,0.5,1.0,0.0,0,0,0.0,0.0,0.0,0.0,0.0,0.0,0.0,0.0,0.0,0,0,0,0.5,0.5,0.5,0.5,0.5,0.5,0.5,0.5,0.5,1,0,0,neutral,Unknown,individual,unknown,original,no,0,0,0,0,0,0,0,0,0,0,0,0
365,181,146,10658,1.2397260273972603,29.2,0,0,0.5,1.0,0.0,0,0,0.0,0.0,0.0,0.0,0.0,0.0,0.0,0.0,0.0,0,0,0,0.5,0.5,0.5,0.5,0.5,0.5,0.5,0.5,0.5,1,0,0,neutral,Unknown,individual,unknown,original,no,0,0,0,0,0,0,0,0,0,0,0,0
365,1248,1822,44428,0.6849615806805708,121.72054794520548,0,0,0.5,1.0,0.0,0,0,0.0,0.0,0.0,0.0,0.0,0.0,0.0,0.0,0.0,0,0,0,0.5,0.5,0.5,0.5,0.5,0.5,0.5,0.5,0.5,1,0,0,neutral,Unknown,individual,unknown,original,no,0,0,0,0,0,0,0,0,0,0,0,1
365,81,182,2942,0.44505494505494503,8.06027397260274,0,0,0.5,1.0,0.0,0,0,0.0,0.0,0.0,0.0,0.0,0.0,0.0,0.0,0.0,0,0,0,0.5,0.5,0.5,0.5,0.5,0.5,0.5,0.5,0.5,1,0,0,neutral,Unknown,individual,unknown,original,no,0,0,0,0,0,0,0,0,0,0,0,0
365,57,8,7850,7.125,21.506849315068493,0,0,0.5,1.0,0.0,0,0,0.0,0.0,0.0,0.0,0.0,0.0,0.0,0.0,0.0,0,0,0,0.5,0.5,0.5,0.5,0.5,0.5,0.5,0.5,0.5,1,0,0,neutral,Unknown,individual,unknown,original,no,0,0,0,0,0,0,0,0,0,0,0,1
365,10339,3239,101004,3.192034578573634,276.72328767123287,0,0,0.5,1.0,0.0,0,0,0.0,0.0,0.0,0.0,0.0,0.0,0.0,0.0,0.0,0,0,0,0.5,0.5,0.5,0.5,0.5,0.5,0.5,0.5,0.5,1,0,0,neutral,Unknown,individual,unknown,original,no,0,0,0,0,0,0,0,0,0,0,0,0
365,924,920,31875,1.0043478260869565,87.32876712328768,0,0,0.5,1.0,0.0,0,0,0.0,0.0,0.0,0.0,0.0,0.0,0.0,0.0,0.0,0,0,0,0.5,0.5,0.5,0.5,0.5,0.5,0.5,0.5,0.5,1,0,0,neutral,Unknown,individual,unknown,original,no,0,0,0,0,0,0,0,0,0,0,0,1
365,265,0,6225,0.0,17.054794520547944,0,0,0.5,1.0,0.0,0,0,0.0,0.0,0.0,0.0,0.0,0.0,0.0,0.0,0.0,0,0,0,0.5,0.5,0.5,0.3,0.5,0.5,0.5,0.42000000000000004,0.5,1,0,0,neutral,Unknown,individual,unknown,original,no,0,0,0,0,0,0,0,0,0,0,0,1
365,68,69,5078,0.9855072463768116,13.912328767123288,0,0,0.5,1.0,0.0,0,0,0.0,0.0,0.0,0.0,0.0,0.0,0.0,0.0,0.0,0,0,0,0.5,0.5,0.5,0.5,0.5,0.5,0.5,0.5,0.5,1,0,0,neutral,Unknown,individual,unknown,original,no,0,0,0,0,0,0,0,0,0,0,0,1
365,469,839,5539,0.5589988081048868,15.175342465753424,0,0,0.5,1.0,0.0,0,0,0.0,0.0,0.0,0.0,0.0,0.0,0.0,0.0,0.0,0,0,0,0.5,0.5,0.5,0.5,0.5,0.5,0.5,0.5,0.5,1,0,0,neutral,Unknown,individual,unknown,original,no,0,0,0,0,0,0,0,0,0,0,0,1
365,1054,2072,18433,0.5086872586872587,50.5013698630137,0,0,0.5,1.0,0.0,0,0,0.0,0.0,0.0,0.0,0.0,0.0,0.0,0.0,0.0,0,0,0,0.5,0.5,0.5,0.5,0.5,0.5,0.5,0.5,0.5,1,0,0,neutral,Unknown,individual,unknown,original,no,0,0,0,0,0,0,0,0,0,0,0,1
365,262,22,8877,11.909090909090908,24.32054794520548,0,0,0.5,1.0,0.0,0,0,0.0,0.0,0.0,0.0,0.0,0.0,0.0,0.0,0.0,0,0,0,0.5,0.5,0.5,0.5,0.5,0.5,0.5,0.5,0.5,1,0,0,neutral,Unknown,individual,unknown,original,no,0,0,0,0,0,0,0,0,0,0,0,1
365,2,153,3032,0.013071895424836602,8.306849315068494,0,0,0.5,1.0,0.0,0,0,0.0,0.0,0.0,0.0,0.0,0.0,0.0,0.0,0.0,0,0,0,0.5,0.5,0.5,0.9,0.5,0.5,0.5,0.66,0.5,1,0,0,neutral,Unknown,individual,unknown,original,no,0,0,0,0,0,0,0,0,0,0,0,1
365,38,0,18632,0.0,51.04657534246575,0,0,0.5,1.0,0.0,0,0,0.0,0.0,0.0,0.0,0.0,0.0,0.0,0.0,0.0,0,0,0,0.5,0.5,0.5,0.3,0.5,0.5,0.5,0.42000000000000004,0.5,1,0,0,neutral,Unknown,individual,unknown,original,no,0,0,0,0,0,0,0,0,0,0,0,0
365,3077,1405,16226,2.190035587188612,44.45479452054794,0,0,0.5,1.0,0.0,0,0,0.0,0.0,0.0,0.0,0.0,0.0,0.0,0.0,0.0,0,0,0,0.5,0.5,0.5,0.5,0.5,0.5,0.5,0.5,0.5,1,0,0,neutral,Unknown,individual,unknown,original,no,0,0,0,0,0,0,0,0,0,0,0,0
365,1118,751,48043,1.4886817576564582,131.62465753424658,0,0,0.5,1.0,0.0,0,0,0.0,0.0,0.0,0.0,0.0,0.0,0.0,0.0,0.0,0,0,0,0.5,0.5,0.5,0.5,0.5,0.5,0.5,0.5,0.5,1,0,0,neutral,Unknown,individual,unknown,original,no,0,0,0,0,0,0,0,0,0,0,0,1
365,367,942,5634,0.3895966029723992,15.435616438356165,0,0,0.5,1.0,0.0,0,0,0.0,0.0,0.0,0.0,0.0,0.0,0.0,0.0,0.0,0,0,0,0.5,0.5,0.5,0.5,0.5,0.5,0.5,0.5,0.5,1,0,0,neutral,Unknown,individual,unknown,original,no,0,0,0,0,0,0,0,0,0,0,0,0
365,1912,1583,195705,1.2078332280480102,536.1780821917808,0,0,0.5,1.0,0.0,0,0,0.0,0.0,0.0,0.0,0.0,0.0,0.0,0.0,0.0,0,0,0,0.5,0.5,0.5,0.5,0.5,0.5,0.5,0.5,0.5,1,0,0,neutral,Unknown,individual,unknown,original,no,0,0,0,0,0,0,0,0,0,0,0,0
365,308,408,14196,0.7549019607843137,38.893150684931506,0,0,0.5,1.0,0.0,0,0,0.0,0.0,0.0,0.0,0.0,0.0,0.0,0.0,0.0,0,0,0,0.5,0.5,0.5,0.5,0.5,0.5,0.5,0.5,0.5,1,0,0,neutral,Unknown,individual,unknown,original,no,0,0,0,0,0,0,0,0,0,0,0,0
365,164,84,4891,1.9523809523809523,13.4,0,0,0.5,1.0,0.0,0,0,0.0,0.0,0.0,0.0,0.0,0.0,0.0,0.0,0.0,0,0,0,0.5,0.5,0.5,0.5,0.5,0.5,0.5,0.5,0.5,1,0,0,neutral,Unknown,individual,unknown,original,no,0,0,0,0,0,0,0,0,0,0,0,1
365,8,10,4170,0.8,11.424657534246576,0,0,0.5,1.0,0.0,0,0,0.0,0.0,0.0,0.0,0.0,0.0,0.0,0.0,0.0,0,0,0,0.5,0.5,0.5,0.5,0.5,0.5,0.5,0.5,0.5,1,0,0,neutral,Unknown,individual,unknown,original,no,0,0,0,0,0,0,0,0,0,0,0,1
365,17419,11121,907461,1.5663159787788867,2486.194520547945,0,0,0.5,1.0,0.0,0,0,0.0,0.0,0.0,0.0,0.0,0.0,0.0,0.0,0.0,0,0,0,0.5,0.5,0.5,0.5,0.5,0.5,0.5,0.5,0.5,1,0,0,neutral,Unknown,individual,unknown,original,no,0,0,0,0,0,0,0,0,0,0,0,0
365,103,94,964,1.0957446808510638,2.6410958904109587,0,0,0.5,1.0,0.0,0,0,0.0,0.0,0.0,0.0,0.0,0.0,0.0,0.0,0.0,0,0,0,0.5,0.5,0.5,0.5,0.5,0.5,0.5,0.5,0.5,1,0,0,neutral,Unknown,individual,unknown,original,no,0,0,0,0,0,0,0,0,0,0,0,0
365,3793,1684,51093,2.252375296912114,139.9808219178082,0,0,0.5,1.0,0.0,0,0,0.0,0.0,0.0,0.0,0.0,0.0,0.0,0.0,0.0,0,0,0,0.5,0.5,0.5,0.5,0.5,0.5,0.5,0.5,0.5,1,0,0,neutral,Unknown,individual,unknown,original,no,0,0,0,0,0,0,0,0,0,0,0,0
365,844,873,6866,0.9667812142038946,18.81095890410959,0,0,0.5,1.0,0.0,0,0,0.0,0.0,0.0,0.0,0.0,0.0,0.0,0.0,0.0,0,0,0,0.5,0.5,0.5,0.5,0.5,0.5,0.5,0.5,0.5,1,0,0,neutral,Unknown,individual,unknown,original,no,0,0,0,0,0,0,0,0,0,0,0,0
365,9,0,767,0.0,2.1013698630136988,0,0,0.5,1.0,0.0,0,0,0.0,0.0,0.0,0.0,0.0,0.0,0.0,0.0,0.0,0,0,0,0.5,0.5,0.5,0.3,0.5,0.5,0.5,0.42000000000000004,0.5,1,0,0,neutral,Unknown,individual,unknown,original,no,0,0,0,0,0,0,0,0,0,0,0,0
365,295,585,15683,0.5042735042735043,42.967123287671235,0,0,0.5,1.0,0.0,0,0,0.0,0.0,0.0,0.0,0.0,0.0,0.0,0.0,0.0,0,0,0,0.5,0.5,0.5,0.5,0.5,0.5,0.5,0.5,0.5,1,0,0,neutral,Unknown,individual,unknown,original,no,0,0,0,0,0,0,0,0,0,0,0,1
365,20,3,824,6.666666666666667,2.2575342465753425,0,0,0.5,1.0,0.0,0,0,0.0,0.0,0.0,0.0,0.0,0.0,0.0,0.0,0.0,0,0,0,0.5,0.5,0.5,0.5,0.5,0.5,0.5,0.5,0.5,1,0,0,neutral,Unknown,individual,unknown,original,no,0,0,0,0,0,0,0,0,0,0,0,1
365,339,765,2762,0.44313725490196076,7.567123287671233,0,0,0.5,1.0,0.0,0,0,0.0,0.0,0.0,0.0,0.0,0.0,0.0,0.0,0.0,0,0,0,0.5,0.5,0.5,0.5,0.5,0.5,0.5,0.5,0.5,1,0,0,neutral,Unknown,individual,unknown,original,no,0,0,0,0,0,0,0,0,0,0,0,1
365,262,235,3750,1.1148936170212767,10.273972602739725,0,0,0.5,1.0,0.0,0,0,0.0,0.0,0.0,0.0,0.0,0.0,0.0,0.0,0.0,0,0,0,0.5,0.5,0.5,0.5,0.5,0.5,0.5,0.5,0.5,1,0,0,neutral,Unknown,individual,unknown,original,no,0,0,0,0,0,0,0,0,0,0,0,0
365,305,614,5056,0.496742671009772,13.852054794520548,0,0,0.5,1.0,0.0,0,0,0.0,0.0,0.0,0.0,0.0,0.0,0.0,0.0,0.0,0,0,0,0.5,0.5,0.5,0.5,0.5,0.5,0.5,0.5,0.5,1,0,0,neutral,Unknown,individual,unknown,original,no,0,0,0,0,0,0,0,0,0,0,0,1
365,131,51,16907,2.5686274509803924,46.320547945205476,0,0,0.5,1.0,0.0,0,0,0.0,0.0,0.0,0.0,0.0,0.0,0.0,0.0,0.0,0,0,0,0.5,0.5,0.5,0.5,0.5,0.5,0.5,0.5,0.5,1,0,0,neutral,Unknown,individual,unknown,original,no,0,0,0,0,0,0,0,0,0,0,0,0
365,133,240,18128,0.5541666666666667,49.66575342465753,0,0,0.5,1.0,0.0,0,0,0.0,0.0,0.0,0.0,0.0,0.0,0.0,0.0,0.0,0,0,0,0.5,0.5,0.5,0.5,0.5,0.5,0.5,0.5,0.5,1,0,0,neutral,Unknown,individual,unknown,original,no,0,0,0,0,0,0,0,0,0,0,0,0
365,470,483,15710,0.9730848861283644,43.04109589041096,0,0,0.5,1.0,0.0,0,0,0.0,0.0,0.0,0.0,0.0,0.0,0.0,0.0,0.0,0,0,0,0.5,0.5,0.5,0.5,0.5,0.5,0.5,0.5,0.5,1,0,0,neutral,Unknown,individual,unknown,original,no,0,0,0,0,0,0,0,0,0,0,0,1
365,38,9,2983,4.222222222222222,8.172602739726027,0,0,0.5,1.0,0.0,0,0,0.0,0.0,0.0,0.0,0.0,0.0,0.0,0.0,0.0,0,0,0,0.5,0.5,0.5,0.5,0.5,0.5,0.5,0.5,0.5,1,0,0,neutral,Unknown,individual,unknown,original,no,0,0,0,0,0,0,0,0,0,0,0,1
365,149,304,3019,0.4901315789473684,8.271232876712329,0,0,0.5,1.0,0.0,0,0,0.0,0.0,0.0,0.0,0.0,0.0,0.0,0.0,0.0,0,0,0,0.5,0.5,0.5,0.5,0.5,0.5,0.5,0.5,0.5,1,0,0,neutral,Unknown,individual,unknown,original,no,0,0,0,0,0,0,0,0,0,0,0,1
365,475,144,15247,3.298611111111111,41.772602739726025,0,0,0.5,1.0,0.0,0,0,0.0,0.0,0.0,0.0,0.0,0.0,0.0,0.0,0.0,0,0,0,0.5,0.5,0.5,0.5,0.5,0.5,0.5,0.5,0.5,1,0,0,neutral,Unknown,individual,unknown,original,no,0,0,0,0,0,0,0,0,0,0,0,1
365,445,88,4661,5.056818181818182,12.76986301369863,0,0,0.5,1.0,0.0,0,0,0.0,0.0,0.0,0.0,0.0,0.0,0.0,0.0,0.0,0,0,0,0.5,0.5,0.5,0.5,0.5,0.5,0.5,0.5,0.5,1,0,0,neutral,Unknown,individual,unknown,original,no,0,0,0,0,0,0,0,0,0,0,0,1
365,109,0,4312,0.0,11.813698630136987,0,0,0.5,1.0,0.0,0,0,0.0,0.0,0.0,0.0,0.0,0.0,0.0,0.0,0.0,0,0,0,0.5,0.5,0.5,0.3,0.5,0.5,0.5,0.42000000000000004,0.5,1,0,0,neutral,Unknown,individual,unknown,original,no,0,0,0,0,0,0,0,0,0,0,0,0
365,22,30,1909,0.7333333333333333,5.23013698630137,0,0,0.5,1.0,0.0,0,0,0.0,0.0,0.0,0.0,0.0,0.0,0.0,0.0,0.0,0,0,0,0.5,0.5,0.5,0.5,0.5,0.5,0.5,0.5,0.5,1,0,0,neutral,Unknown,individual,unknown,original,no,0,0,0,0,0,0,0,0,0,0,0,1
365,3904,2628,91466,1.4855403348554033,250.5917808219178,0,0,0.5,1.0,0.0,0,0,0.0,0.0,0.0,0.0,0.0,0.0,0.0,0.0,0.0,0,0,0,0.5,0.5,0.5,0.5,0.5,0.5,0.5,0.5,0.5,1,0,0,neutral,Unknown,individual,unknown,original,no,0,0,0,0,0,0,0,0,0,0,0,0
365,2,30,2198,0.06666666666666667,6.021917808219178,0,0,0.5,1.0,0.0,0,0,0.0,0.0,0.0,0.0,0.0,0.0,0.0,0.0,0.0,0,0,0,0.5,0.5,0.5,0.9,0.5,0.5,0.5,0.66,0.5,1,0,0,neutral,Unknown,individual,unknown,original,no,0,0,0,0,0,0,0,0,0,0,0,1
365,151,7,23732,21.571428571428573,65.01917808219179,0,0,0.5,1.0,0.0,0,0,0.0,0.0,0.0,0.0,0.0,0.0,0.0,0.0,0.0,0,0,0,0.5,0.5,0.5,0.5,0.5,0.5,0.5,0.5,0.5,1,0,0,neutral,Unknown,individual,unknown,original,no,0,0,0,0,0,0,0,0,0,0,0,1
365,157,167,3497,0.9401197604790419,9.580821917808219,0,0,0.5,1.0,0.0,0,0,0.0,0.0,0.0,0.0,0.0,0.0,0.0,0.0,0.0,0,0,0,0.5,0.5,0.5,0.5,0.5,0.5,0.5,0.5,0.5,1,0,0,neutral,Unknown,individual,unknown,original,no,0,0,0,0,0,0,0,0,0,0,0,1
365,709,424,16214,1.6721698113207548,44.42191780821918,0,0,0.5,1.0,0.0,0,0,0.0,0.0,0.0,0.0,0.0,0.0,0.0,0.0,0.0,0,0,0,0.5,0.5,0.5,0.5,0.5,0.5,0.5,0.5,0.5,1,0,0,neutral,Unknown,individual,unknown,original,no,0,0,0,0,0,0,0,0,0,0,0,0
365,140,194,298,0.7216494845360825,0.8164383561643835,0,0,0.5,1.0,0.0,0,0,0.0,0.0,0.0,0.0,0.0,0.0,0.0,0.0,0.0,0,0,0,0.5,0.5,0.5,0.5,0.5,0.5,0.5,0.5,0.5,1,0,0,neutral,Unknown,individual,unknown,original,no,0,0,0,0,0,0,0,0,0,0,0,1
365,281,1249,2658,0.22497998398718974,7.282191780821917,0,0,0.5,1.0,0.0,0,0,0.0,0.0,0.0,0.0,0.0,0.0,0.0,0.0,0.0,0,0,0,0.5,0.5,0.5,0.5,0.5,0.5,0.5,0.5,0.5,1,0,0,neutral,Unknown,individual,unknown,original,no,0,0,0,0,0,0,0,0,0,0,0,0
365,1481,3897,11668,0.3800359250705671,31.96712328767123,0,0,0.5,1.0,0.0,0,0,0.0,0.0,0.0,0.0,0.0,0.0,0.0,0.0,0.0,0,0,0,0.5,0.5,0.5,0.5,0.5,0.5,0.5,0.5,0.5,1,0,0,neutral,Unknown,individual,unknown,original,no,0,0,0,0,0,0,0,0,0,0,0,0
365,83,176,2793,0.4715909090909091,7.652054794520548,0,0,0.5,1.0,0.0,0,0,0.0,0.0,0.0,0.0,0.0,0.0,0.0,0.0,0.0,0,0,0,0.5,0.5,0.5,0.5,0.5,0.5,0.5,0.5,0.5,1,0,0,neutral,Unknown,individual,unknown,original,no,0,0,0,0,0,0,0,0,0,0,0,0
365,5340,1670,60052,3.197604790419162,164.52602739726026,0,0,0.5,1.0,0.0,0,0,0.0,0.0,0.0,0.0,0.0,0.0,0.0,0.0,0.0,0,0,0,0.5,0.5,0.5,0.5,0.5,0.5,0.5,0.5,0.5,1,0,0,neutral,Unknown,individual,unknown,original,no,0,0,0,0,0,0,0,0,0,0,0,0
365,257,652,9579,0.3941717791411043,26.243835616438357,0,0,0.5,1.0,0.0,0,0,0.0,0.0,0.0,0.0,0.0,0.0,0.0,0.0,0.0,0,0,0,0.5,0.5,0.5,0.5,0.5,0.5,0.5,0.5,0.5,1,0,0,neutral,Unknown,individual,unknown,original,no,0,0,0,0,0,0,0,0,0,0,0,0
365,353,996,2882,0.35441767068273095,7.895890410958904,0,0,0.5,1.0,0.0,0,0,0.0,0.0,0.0,0.0,0.0,0.0,0.0,0.0,0.0,0,0,0,0.5,0.5,0.5,0.5,0.5,0.5,0.5,0.5,0.5,1,0,0,neutral,Unknown,individual,unknown,original,no,0,0,0,0,0,0,0,0,0,0,0,0
365,876,1134,57076,0.7724867724867724,156.37260273972603,0,0,0.5,1.0,0.0,0,0,0.0,0.0,0.0,0.0,0.0,0.0,0.0,0.0,0.0,0,0,0,0.5,0.5,0.5,0.5,0.5,0.5,0.5,0.5,0.5,1,0,0,neutral,Unknown,individual,unknown,original,no,0,0,0,0,0,0,0,0,0,0,0,1
365,63,88,3138,0.7159090909090909,8.597260273972603,0,0,0.5,1.0,0.0,0,0,0.0,0.0,0.0,0.0,0.0,0.0,0.0,0.0,0.0,0,0,0,0.5,0.5,0.5,0.5,0.5,0.5,0.5,0.5,0.5,1,0,0,neutral,Unknown,individual,unknown,original,no,0,0,0,0,0,0,0,0,0,0,0,1
365,42,37,901,1.135135135135135,2.4684931506849317,0,0,0.5,1.0,0.0,0,0,0.0,0.0,0.0,0.0,0.0,0.0,0.0,0.0,0.0,0,0,0,0.5,0.5,0.5,0.5,0.5,0.5,0.5,0.5,0.5,1,0,0,neutral,Unknown,individual,unknown,original,no,0,0,0,0,0,0,0,0,0,0,0,0
365,2,1,1641,2.0,4.495890410958904,0,0,0.5,1.0,0.0,0,0,0.0,0.0,0.0,0.0,0.0,0.0,0.0,0.0,0.0,0,0,0,0.5,0.5,0.5,0.5,0.5,0.5,0.5,0.5,0.5,1,0,0,neutral,Unknown,individual,unknown,original,no,0,0,0,0,0,0,0,0,0,0,0,1
365,331,194,11769,1.7061855670103092,32.24383561643835,0,0,0.5,1.0,0.0,0,0,0.0,0.0,0.0,0.0,0.0,0.0,0.0,0.0,0.0,0,0,0,0.5,0.5,0.5,0.5,0.5,0.5,0.5,0.5,0.5,1,0,0,neutral,Unknown,individual,unknown,original,no,0,0,0,0,0,0,0,0,0,0,0,1
365,261,445,7467,0.5865168539325842,20.457534246575342,0,0,0.5,1.0,0.0,0,0,0.0,0.0,0.0,0.0,0.0,0.0,0.0,0.0,0.0,0,0,0,0.5,0.5,0.5,0.5,0.5,0.5,0.5,0.5,0.5,1,0,0,neutral,Unknown,individual,unknown,original,no,0,0,0,0,0,0,0,0,0,0,0,1
365,184,136,5167,1.3529411764705883,14.156164383561643,0,0,0.5,1.0,0.0,0,0,0.0,0.0,0.0,0.0,0.0,0.0,0.0,0.0,0.0,0,0,0,0.5,0.5,0.5,0.5,0.5,0.5,0.5,0.5,0.5,1,0,0,neutral,Unknown,individual,unknown,original,no,0,0,0,0,0,0,0,0,0,0,0,1
365,2085,112,179287,18.616071428571427,491.1972602739726,0,0,0.5,1.0,0.0,0,0,0.0,0.0,0.0,0.0,0.0,0.0,0.0,0.0,0.0,0,0,0,0.5,0.5,0.5,0.5,0.5,0.5,0.5,0.5,0.5,1,0,0,neutral,Unknown,individual,unknown,original,no,0,0,0,0,0,0,0,0,0,0,0,1
365,170,70,3456,2.4285714285714284,9.468493150684932,0,0,0.5,1.0,0.0,0,0,0.0,0.0,0.0,0.0,0.0,0.0,0.0,0.0,0.0,0,0,0,0.5,0.5,0.5,0.5,0.5,0.5,0.5,0.5,0.5,1,0,0,neutral,Unknown,individual,unknown,original,no,0,0,0,0,0,0,0,0,0,0,0,0
365,170,49,1919,3.4693877551020407,5.257534246575342,0,0,0.5,1.0,0.0,0,0,0.0,0.0,0.0,0.0,0.0,0.0,0.0,0.0,0.0,0,0,0,0.5,0.5,0.5,0.5,0.5,0.5,0.5,0.5,0.5,1,0,0,neutral,Unknown,individual,unknown,original,no,0,0,0,0,0,0,0,0,0,0,0,1
365,385,523,20884,0.7361376673040153,57.21643835616438,0,0,0.5,1.0,0.0,0,0,0.0,0.0,0.0,0.0,0.0,0.0,0.0,0.0,0.0,0,0,0,0.5,0.5,0.5,0.5,0.5,0.5,0.5,0.5,0.5,1,0,0,neutral,Unknown,individual,unknown,original,no,0,0,0,0,0,0,0,0,0,0,0,1
365,1412,1244,3447,1.135048231511254,9.443835616438356,0,0,0.5,1.0,0.0,0,0,0.0,0.0,0.0,0.0,0.0,0.0,0.0,0.0,0.0,0,0,0,0.5,0.5,0.5,0.5,0.5,0.5,0.5,0.5,0.5,1,0,0,neutral,Unknown,individual,unknown,original,no,0,0,0,0,0,0,0,0,0,0,0,1
365,293,190,10817,1.5421052631578946,29.635616438356163,0,0,0.5,1.0,0.0,0,0,0.0,0.0,0.0,0.0,0.0,0.0,0.0,0.0,0.0,0,0,0,0.5,0.5,0.5,0.5,0.5,0.5,0.5,0.5,0.5,1,0,0,neutral,Unknown,individual,unknown,original,no,0,0,0,0,0,0,0,0,0,0,0,1
365,8,149,2219,0.053691275167785234,6.079452054794521,0,0,0.5,1.0,0.0,0,0,0.0,0.0,0.0,0.0,0.0,0.0,0.0,0.0,0.0,0,0,0,0.5,0.5,0.5,0.9,0.5,0.5,0.5,0.66,0.5,1,0,0,neutral,Unknown,individual,unknown,original,no,0,0,0,0,0,0,0,0,0,0,0,1
365,6626,4978,32498,1.3310566492567295,89.03561643835616,0,0,0.5,1.0,0.0,0,0,0.0,0.0,0.0,0.0,0.0,0.0,0.0,0.0,0.0,0,0,0,0.5,0.5,0.5,0.5,0.5,0.5,0.5,0.5,0.5,1,0,0,neutral,Unknown,individual,unknown,original,no,0,0,0,0,0,0,0,0,0,0,0,0
365,310,710,6700,0.43661971830985913,18.356164383561644,0,0,0.5,1.0,0.0,0,0,0.0,0.0,0.0,0.0,0.0,0.0,0.0,0.0,0.0,0,0,0,0.5,0.5,0.5,0.5,0.5,0.5,0.5,0.5,0.5,1,0,0,neutral,Unknown,individual,unknown,original,no,0,0,0,0,0,0,0,0,0,0,0,1
365,697,1276,10359,0.5462382445141066,28.38082191780822,0,0,0.5,1.0,0.0,0,0,0.0,0.0,0.0,0.0,0.0,0.0,0.0,0.0,0.0,0,0,0,0.5,0.5,0.5,0.5,0.5,0.5,0.5,0.5,0.5,1,0,0,neutral,Unknown,individual,unknown,original,no,0,0,0,0,0,0,0,0,0,0,0,1
365,174,94,5004,1.851063829787234,13.70958904109589,0,0,0.5,1.0,0.0,0,0,0.0,0.0,0.0,0.0,0.0,0.0,0.0,0.0,0.0,0,0,0,0.5,0.5,0.5,0.5,0.5,0.5,0.5,0.5,0.5,1,0,0,neutral,Unknown,individual,unknown,original,no,0,0,0,0,0,0,0,0,0,0,0,1
365,2653,857,167139,3.0956826137689615,457.91506849315067,0,0,0.5,1.0,0.0,0,0,0.0,0.0,0.0,0.0,0.0,0.0,0.0,0.0,0.0,0,0,0,0.5,0.5,0.5,0.5,0.5,0.5,0.5,0.5,0.5,1,0,0,neutral,Unknown,individual,unknown,original,no,0,0,0,0,0,0,0,0,0,0,0,0
365,1278,2858,26439,0.4471658502449265,72.43561643835616,0,0,0.5,1.0,0.0,0,0,0.0,0.0,0.0,0.0,0.0,0.0,0.0,0.0,0.0,0,0,0,0.5,0.5,0.5,0.5,0.5,0.5,0.5,0.5,0.5,1,0,0,neutral,Unknown,individual,unknown,original,no,0,0,0,0,0,0,0,0,0,0,0,0
365,185,160,44320,1.15625,121.42465753424658,0,0,0.5,1.0,0.0,0,0,0.0,0.0,0.0,0.0,0.0,0.0,0.0,0.0,0.0,0,0,0,0.5,0.5,0.5,0.5,0.5,0.5,0.5,0.5,0.5,1,0,0,neutral,Unknown,individual,unknown,original,no,0,0,0,0,0,0,0,0,0,0,0,0
365,260,204,12896,1.2745098039215685,35.33150684931507,0,0,0.5,1.0,0.0,0,0,0.0,0.0,0.0,0.0,0.0,0.0,0.0,0.0,0.0,0,0,0,0.5,0.5,0.5,0.5,0.5,0.5,0.5,0.5,0.5,1,0,0,neutral,Unknown,individual,unknown,original,no,0,0,0,0,0,0,0,0,0,0,0,1
365,3749,3507,21977,1.0690048474479612,60.21095890410959,0,0,0.5,1.0,0.0,0,0,0.0,0.0,0.0,0.0,0.0,0.0,0.0,0.0,0.0,0,0,0,0.5,0.5,0.5,0.5,0.5,0.5,0.5,0.5,0.5,1,0,0,neutral,Unknown,individual,unknown,original,no,0,0,0,0,0,0,0,0,0,0,0,0
365,542,650,10720,0.8338461538461538,29.36986301369863,0,0,0.5,1.0,0.0,0,0,0.0,0.0,0.0,0.0,0.0,0.0,0.0,0.0,0.0,0,0,0,0.5,0.5,0.5,0.5,0.5,0.5,0.5,0.5,0.5,1,0,0,neutral,Unknown,individual,unknown,original,no,0,0,0,0,0,0,0,0,0,0,0,0
365,127,328,1748,0.3871951219512195,4.789041095890411,0,0,0.5,1.0,0.0,0,0,0.0,0.0,0.0,0.0,0.0,0.0,0.0,0.0,0.0,0,0,0,0.5,0.5,0.5,0.5,0.5,0.5,0.5,0.5,0.5,1,0,0,neutral,Unknown,individual,unknown,original,no,0,0,0,0,0,0,0,0,0,0,0,0
365,28,47,6789,0.5957446808510638,18.6,0,0,0.5,1.0,0.0,0,0,0.0,0.0,0.0,0.0,0.0,0.0,0.0,0.0,0.0,0,0,0,0.5,0.5,0.5,0.5,0.5,0.5,0.5,0.5,0.5,1,0,0,neutral,Unknown,individual,unknown,original,no,0,0,0,0,0,0,0,0,0,0,0,1
365,278,402,3236,0.6915422885572139,8.865753424657534,0,0,0.5,1.0,0.0,0,0,0.0,0.0,0.0,0.0,0.0,0.0,0.0,0.0,0.0,0,0,0,0.5,0.5,0.5,0.5,0.5,0.5,0.5,0.5,0.5,1,0,0,neutral,Unknown,individual,unknown,original,no,0,0,0,0,0,0,0,0,0,0,0,1
365,1139,69,43862,16.507246376811594,120.16986301369863,0,0,0.5,1.0,0.0,0,0,0.0,0.0,0.0,0.0,0.0,0.0,0.0,0.0,0.0,0,0,0,0.5,0.5,0.5,0.5,0.5,0.5,0.5,0.5,0.5,1,0,0,neutral,Unknown,individual,unknown,original,no,0,0,0,0,0,0,0,0,0,0,0,1
365,84,42,3858,2.0,10.56986301369863,0,0,0.5,1.0,0.0,0,0,0.0,0.0,0.0,0.0,0.0,0.0,0.0,0.0,0.0,0,0,0,0.5,0.5,0.5,0.5,0.5,0.5,0.5,0.5,0.5,1,0,0,neutral,Unknown,individual,unknown,original,no,0,0,0,0,0,0,0,0,0,0,0,1
365,2285,1771,38011,1.290231507622812,104.13972602739726,0,0,0.5,1.0,0.0,0,0,0.0,0.0,0.0,0.0,0.0,0.0,0.0,0.0,0.0,0,0,0,0.5,0.5,0.5,0.5,0.5,0.5,0.5,0.5,0.5,1,0,0,neutral,Unknown,individual,unknown,original,no,0,0,0,0,0,0,0,0,0,0,0,0
365,627,1215,15062,0.5160493827160494,41.26575342465753,0,0,0.5,1.0,0.0,0,0,0.0,0.0,0.0,0.0,0.0,0.0,0.0,0.0,0.0,0,0,0,0.5,0.5,0.5,0.5,0.5,0.5,0.5,0.5,0.5,1,0,0,neutral,Unknown,individual,unknown,original,no,0,0,0,0,0,0,0,0,0,0,0,1
365,95,55,4038,1.7272727272727273,11.063013698630137,0,0,0.5,1.0,0.0,0,0,0.0,0.0,0.0,0.0,0.0,0.0,0.0,0.0,0.0,0,0,0,0.5,0.5,0.5,0.5,0.5,0.5,0.5,0.5,0.5,1,0,0,neutral,Unknown,individual,unknown,original,no,0,0,0,0,0,0,0,0,0,0,0,1
365,456,362,1104,1.2596685082872927,3.0246575342465754,0,0,0.5,1.0,0.0,0,0,0.0,0.0,0.0,0.0,0.0,0.0,0.0,0.0,0.0,0,0,0,0.5,0.5,0.5,0.5,0.5,0.5,0.5,0.5,0.5,1,0,0,neutral,Unknown,individual,unknown,original,no,0,0,0,0,0,0,0,0,0,0,0,1
365,1358,229,11192,5.930131004366812,30.663013698630138,0,0,0.5,1.0,0.0,0,0,0.0,0.0,0.0,0.0,0.0,0.0,0.0,0.0,0.0,0,0,0,0.5,0.5,0.5,0.5,0.5,0.5,0.5,0.5,0.5,1,0,0,neutral,Unknown,individual,unknown,original,no,0,0,0,0,0,0,0,0,0,0,0,0
365,379,698,4456,0.5429799426934098,12.208219178082192,0,0,0.5,1.0,0.0,0,0,0.0,0.0,0.0,0.0,0.0,0.0,0.0,0.0,0.0,0,0,0,0.5,0.5,0.5,0.5,0.5,0.5,0.5,0.5,0.5,1,0,0,neutral,Unknown,individual,unknown,original,no,0,0,0,0,0,0,0,0,0,0,0,1
365,865,902,9823,0.958980044345898,26.912328767123288,0,0,0.5,1.0,0.0,0,0,0.0,0.0,0.0,0.0,0.0,0.0,0.0,0.0,0.0,0,0,0,0.5,0.5,0.5,0.5,0.5,0.5,0.5,0.5,0.5,1,0,0,neutral,Unknown,individual,unknown,original,no,0,0,0,0,0,0,0,0,0,0,0,0
365,217,292,6020,0.7431506849315068,16.493150684931507,0,0,0.5,1.0,0.0,0,0,0.0,0.0,0.0,0.0,0.0,0.0,0.0,0.0,0.0,0,0,0,0.5,0.5,0.5,0.5,0.5,0.5,0.5,0.5,0.5,1,0,0,neutral,Unknown,individual,unknown,original,no,0,0,0,0,0,0,0,0,0,0,0,0
365,363,0,4437,0.0,12.156164383561643,0,0,0.5,1.0,0.0,0,0,0.0,0.0,0.0,0.0,0.0,0.0,0.0,0.0,0.0,0,0,0,0.5,0.5,0.5,0.3,0.5,0.5,0.5,0.42000000000000004,0.5,1,0,0,neutral,Unknown,individual,unknown,original,no,0,0,0,0,0,0,0,0,0,0,0,1
365,253,201,11793,1.2587064676616915,32.30958904109589,0,0,0.5,1.0,0.0,0,0,0.0,0.0,0.0,0.0,0.0,0.0,0.0,0.0,0.0,0,0,0,0.5,0.5,0.5,0.5,0.5,0.5,0.5,0.5,0.5,1,0,0,neutral,Unknown,individual,unknown,original,no,0,0,0,0,0,0,0,0,0,0,0,1
365,675,339,88127,1.991150442477876,241.44383561643835,0,0,0.5,1.0,0.0,0,0,0.0,0.0,0.0,0.0,0.0,0.0,0.0,0.0,0.0,0,0,0,0.5,0.5,0.5,0.5,0.5,0.5,0.5,0.5,0.5,1,0,0,neutral,Unknown,individual,unknown,original,no,0,0,0,0,0,0,0,0,0,0,0,0
365,449,512,27131,0.876953125,74.33150684931506,0,0,0.5,1.0,0.0,0,0,0.0,0.0,0.0,0.0,0.0,0.0,0.0,0.0,0.0,0,0,0,0.5,0.5,0.5,0.5,0.5,0.5,0.5,0.5,0.5,1,0,0,neutral,Unknown,individual,unknown,original,no,0,0,0,0,0,0,0,0,0,0,0,1
365,2026,99,45928,20.464646464646464,125.83013698630137,0,0,0.5,1.0,0.0,0,0,0.0,0.0,0.0,0.0,0.0,0.0,0.0,0.0,0.0,0,0,0,0.5,0.5,0.5,0.5,0.5,0.5,0.5,0.5,0.5,1,0,0,neutral,Unknown,individual,unknown,original,no,0,0,0,0,0,0,0,0,0,0,0,0
365,330,542,8029,0.6088560885608856,21.997260273972604,0,0,0.5,1.0,0.0,0,0,0.0,0.0,0.0,0.0,0.0,0.0,0.0,0.0,0.0,0,0,0,0.5,0.5,0.5,0.5,0.5,0.5,0.5,0.5,0.5,1,0,0,neutral,Unknown,individual,unknown,original,no,0,0,0,0,0,0,0,0,0,0,0,1
365,193,455,1472,0.42417582417582417,4.032876712328767,0,0,0.5,1.0,0.0,0,0,0.0,0.0,0.0,0.0,0.0,0.0,0.0,0.0,0.0,0,0,0,0.5,0.5,0.5,0.5,0.5,0.5,0.5,0.5,0.5,1,0,0,neutral,Unknown,individual,unknown,original,no,0,0,0,0,0,0,0,0,0,0,0,0
365,344,1088,4196,0.3161764705882353,11.495890410958904,0,0,0.5,1.0,0.0,0,0,0.0,0.0,0.0,0.0,0.0,0.0,0.0,0.0,0.0,0,0,0,0.5,0.5,0.5,0.5,0.5,0.5,0.5,0.5,0.5,1,0,0,neutral,Unknown,individual,unknown,original,no,0,0,0,0,0,0,0,0,0,0,0,0
365,5125,606,92406,8.457095709570957,253.16712328767125,0,0,0.5,1.0,0.0,0,0,0.0,0.0,0.0,0.0,0.0,0.0,0.0,0.0,0.0,0,0,0,0.5,0.5,0.5,0.5,0.5,0.5,0.5,0.5,0.5,1,0,0,neutral,Unknown,individual,unknown,original,no,0,0,0,0,0,0,0,0,0,0,0,0
365,220,270,6302,0.8148148148148148,17.265753424657536,0,0,0.5,1.0,0.0,0,0,0.0,0.0,0.0,0.0,0.0,0.0,0.0,0.0,0.0,0,0,0,0.5,0.5,0.5,0.5,0.5,0.5,0.5,0.5,0.5,1,0,0,neutral,Unknown,individual,unknown,original,no,0,0,0,0,0,0,0,0,0,0,0,0
365,12,6,1230,2.0,3.3698630136986303,0,0,0.5,1.0,0.0,0,0,0.0,0.0,0.0,0.0,0.0,0.0,0.0,0.0,0.0,0,0,0,0.5,0.5,0.5,0.5,0.5,0.5,0.5,0.5,0.5,1,0,0,neutral,Unknown,individual,unknown,original,no,0,0,0,0,0,0,0,0,0,0,0,1
365,152,133,5101,1.1428571428571428,13.975342465753425,0,0,0.5,1.0,0.0,0,0,0.0,0.0,0.0,0.0,0.0,0.0,0.0,0.0,0.0,0,0,0,0.5,0.5,0.5,0.5,0.5,0.5,0.5,0.5,0.5,1,0,0,neutral,Unknown,individual,unknown,original,no,0,0,0,0,0,0,0,0,0,0,0,0
365,435,4999,3886,0.08701740348069614,10.646575342465754,0,0,0.5,1.0,0.0,0,0,0.0,0.0,0.0,0.0,0.0,0.0,0.0,0.0,0.0,0,0,0,0.5,0.5,0.5,0.9,0.5,0.5,0.5,0.66,0.5,1,0,0,neutral,Unknown,individual,unknown,original,no,0,0,0,0,0,0,0,0,0,0,0,0
365,87,276,2072,0.31521739130434784,5.676712328767123,0,0,0.5,1.0,0.0,0,0,0.0,0.0,0.0,0.0,0.0,0.0,0.0,0.0,0.0,0,0,0,0.5,0.5,0.5,0.5,0.5,0.5,0.5,0.5,0.5,1,0,0,neutral,Unknown,individual,unknown,original,no,0,0,0,0,0,0,0,0,0,0,0,0
365,338,662,4321,0.5105740181268882,11.838356164383562,0,0,0.5,1.0,0.0,0,0,0.0,0.0,0.0,0.0,0.0,0.0,0.0,0.0,0.0,0,0,0,0.5,0.5,0.5,0.5,0.5,0.5,0.5,0.5,0.5,1,0,0,neutral,Unknown,individual,unknown,original,no,0,0,0,0,0,0,0,0,0,0,0,1
365,253,289,5713,0.8754325259515571,15.652054794520549,0,0,0.5,1.0,0.0,0,0,0.0,0.0,0.0,0.0,0.0,0.0,0.0,0.0,0.0,0,0,0,0.5,0.5,0.5,0.5,0.5,0.5,0.5,0.5,0.5,1,0,0,neutral,Unknown,individual,unknown,original,no,0,0,0,0,0,0,0,0,0,0,0,1
365,1167,1508,62145,0.7738726790450928,170.26027397260273,0,0,0.5,1.0,0.0,0,0,0.0,0.0,0.0,0.0,0.0,0.0,0.0,0.0,0.0,0,0,0,0.5,0.5,0.5,0.5,0.5,0.5,0.5,0.5,0.5,1,0,0,neutral,Unknown,individual,unknown,original,no,0,0,0,0,0,0,0,0,0,0,0,1
365,4675,1422,149259,3.2876230661040786,408.9287671232877,0,0,0.5,1.0,0.0,0,0,0.0,0.0,0.0,0.0,0.0,0.0,0.0,0.0,0.0,0,0,0,0.5,0.5,0.5,0.5,0.5,0.5,0.5,0.5,0.5,1,0,0,neutral,Unknown,individual,unknown,original,no,0,0,0,0,0,0,0,0,0,0,0,0
365,28,30,6808,0.9333333333333333,18.65205479452055,0,0,0.5,1.0,0.0,0,0,0.0,0.0,0.0,0.0,0.0,0.0,0.0,0.0,0.0,0,0,0,0.5,0.5,0.5,0.5,0.5,0.5,0.5,0.5,0.5,1,0,0,neutral,Unknown,individual,unknown,original,no,0,0,0,0,0,0,0,0,0,0,0,1
365,694,1881,39085,0.3689526847421584,107.08219178082192,0,0,0.5,1.0,0.0,0,0,0.0,0.0,0.0,0.0,0.0,0.0,0.0,0.0,0.0,0,0,0,0.5,0.5,0.5,0.5,0.5,0.5,0.5,0.5,0.5,1,0,0,neutral,Unknown,individual,unknown,original,no,0,0,0,0,0,0,0,0,0,0,0,0
365,1238,2865,43086,0.43211169284467715,118.04383561643836,0,0,0.5,1.0,0.0,0,0,0.0,0.0,0.0,0.0,0.0,0.0,0.0,0.0,0.0,0,0,0,0.5,0.5,0.5,0.5,0.5,0.5,0.5,0.5,0.5,1,0,0,neutral,Unknown,individual,unknown,original,no,0,0,0,0,0,0,0,0,0,0,0,0
365,494,685,11732,0.7211678832116788,32.14246575342466,0,0,0.5,1.0,0.0,0,0,0.0,0.0,0.0,0.0,0.0,0.0,0.0,0.0,0.0,0,0,0,0.5,0.5,0.5,0.5,0.5,0.5,0.5,0.5,0.5,1,0,0,neutral,Unknown,individual,unknown,original,no,0,0,0,0,0,0,0,0,0,0,0,1
365,57,1118,1114,0.050983899821109124,3.052054794520548,0,0,0.5,1.0,0.0,0,0,0.0,0.0,0.0,0.0,0.0,0.0,0.0,0.0,0.0,0,0,0,0.5,0.5,0.5,0.9,0.5,0.5,0.5,0.66,0.5,1,0,0,neutral,Unknown,individual,unknown,original,no,0,0,0,0,0,0,0,0,0,0,0,1
365,7133,3556,72486,2.0059055118110236,198.5917808219178,0,0,0.5,1.0,0.0,0,0,0.0,0.0,0.0,0.0,0.0,0.0,0.0,0.0,0.0,0,0,0,0.5,0.5,0.5,0.5,0.5,0.5,0.5,0.5,0.5,1,0,0,neutral,Unknown,individual,unknown,original,no,0,0,0,0,0,0,0,0,0,0,0,0
365,481,206,77965,2.3349514563106797,213.6027397260274,0,0,0.5,1.0,0.0,0,0,0.0,0.0,0.0,0.0,0.0,0.0,0.0,0.0,0.0,0,0,0,0.5,0.5,0.5,0.5,0.5,0.5,0.5,0.5,0.5,1,0,0,neutral,Unknown,individual,unknown,original,no,0,0,0,0,0,0,0,0,0,0,0,0
365,72,246,1813,0.2926829268292683,4.967123287671233,0,0,0.5,1.0,0.0,0,0,0.0,0.0,0.0,0.0,0.0,0.0,0.0,0.0,0.0,0,0,0,0.5,0.5,0.5,0.5,0.5,0.5,0.5,0.5,0.5,1,0,0,neutral,Unknown,individual,unknown,original,no,0,0,0,0,0,0,0,0,0,0,0,0
365,606,845,17413,0.7171597633136094,47.706849315068496,0,0,0.5,1.0,0.0,0,0,0.0,0.0,0.0,0.0,0.0,0.0,0.0,0.0,0.0,0,0,0,0.5,0.5,0.5,0.5,0.5,0.5,0.5,0.5,0.5,1,0,0,neutral,Unknown,individual,unknown,original,no,0,0,0,0,0,0,0,0,0,0,0,1
365,324,1028,11712,0.3151750972762646,32.087671232876716,0,0,0.5,1.0,0.0,0,0,0.0,0.0,0.0,0.0,0.0,0.0,0.0,0.0,0.0,0,0,0,0.5,0.5,0.5,0.5,0.5,0.5,0.5,0.5,0.5,1,0,0,neutral,Unknown,individual,unknown,original,no,0,0,0,0,0,0,0,0,0,0,0,0
365,162,253,2641,0.6403162055335968,7.235616438356164,0,0,0.5,1.0,0.0,0,0,0.0,0.0,0.0,0.0,0.0,0.0,0.0,0.0,0.0,0,0,0,0.5,0.5,0.5,0.5,0.5,0.5,0.5,0.5,0.5,1,0,0,neutral,Unknown,individual,unknown,original,no,0,0,0,0,0,0,0,0,0,0,0,0
365,462,384,21167,1.203125,57.99178082191781,0,0,0.5,1.0,0.0,0,0,0.0,0.0,0.0,0.0,0.0,0.0,0.0,0.0,0.0,0,0,0,0.5,0.5,0.5,0.5,0.5,0.5,0.5,0.5,0.5,1,0,0,neutral,Unknown,individual,unknown,original,no,0,0,0,0,0,0,0,0,0,0,0,1
365,1846,2155,79040,0.8566125290023202,216.54794520547946,0,0,0.5,1.0,0.0,0,0,0.0,0.0,0.0,0.0,0.0,0.0,0.0,0.0,0.0,0,0,0,0.5,0.5,0.5,0.5,0.5,0.5,0.5,0.5,0.5,1,0,0,neutral,Unknown,individual,unknown,original,no,0,0,0,0,0,0,0,0,0,0,0,0
365,209,346,3594,0.6040462427745664,9.846575342465753,0,0,0.5,1.0,0.0,0,0,0.0,0.0,0.0,0.0,0.0,0.0,0.0,0.0,0.0,0,0,0,0.5,0.5,0.5,0.5,0.5,0.5,0.5,0.5,0.5,1,0,0,neutral,Unknown,individual,unknown,original,no,0,0,0,0,0,0,0,0,0,0,0,1
365,1365,1553,19992,0.8789439793947199,54.772602739726025,0,0,0.5,1.0,0.0,0,0,0.0,0.0,0.0,0.0,0.0,0.0,0.0,0.0,0.0,0,0,0,0.5,0.5,0.5,0.5,0.5,0.5,0.5,0.5,0.5,1,0,0,neutral,Unknown,individual,unknown,original,no,0,0,0,0,0,0,0,0,0,0,0,0
365,119,117,5555,1.017094017094017,15.219178082191782,0,0,0.5,1.0,0.0,0,0,0.0,0.0,0.0,0.0,0.0,0.0,0.0,0.0,0.0,0,0,0,0.5,0.5,0.5,0.5,0.5,0.5,0.5,0.5,0.5,1,0,0,neutral,Unknown,individual,unknown,original,no,0,0,0,0,0,0,0,0,0,0,0,0
365,128,416,15069,0.3076923076923077,41.28493150684932,0,0,0.5,1.0,0.0,0,0,0.0,0.0,0.0,0.0,0.0,0.0,0.0,0.0,0.0,0,0,0,0.5,0.5,0.5,0.5,0.5,0.5,0.5,0.5,0.5,1,0,0,neutral,Unknown,individual,unknown,original,no,0,0,0,0,0,0,0,0,0,0,0,1
365,119,166,887,0.7168674698795181,2.43013698630137,0,0,0.5,1.0,0.0,0,0,0.0,0.0,0.0,0.0,0.0,0.0,0.0,0.0,0.0,0,0,0,0.5,0.5,0.5,0.5,0.5,0.5,0.5,0.5,0.5,1,0,0,neutral,Unknown,individual,unknown,original,no,0,0,0,0,0,0,0,0,0,0,0,0
365,373,583,23470,0.6397941680960549,64.3013698630137,0,0,0.5,1.0,0.0,0,0,0.0,0.0,0.0,0.0,0.0,0.0,0.0,0.0,0.0,0,0,0,0.5,0.5,0.5,0.5,0.5,0.5,0.5,0.5,0.5,1,0,0,neutral,Unknown,individual,unknown,original,no,0,0,0,0,0,0,0,0,0,0,0,1
365,366,716,28747,0.5111731843575419,78.75890410958904,0,0,0.5,1.0,0.0,0,0,0.0,0.0,0.0,0.0,0.0,0.0,0.0,0.0,0.0,0,0,0,0.5,0.5,0.5,0.5,0.5,0.5,0.5,0.5,0.5,1,0,0,neutral,Unknown,individual,unknown,original,no,0,0,0,0,0,0,0,0,0,0,0,0
365,12772,13140,89713,0.9719939117199391,245.7890410958904,0,0,0.5,1.0,0.0,0,0,0.0,0.0,0.0,0.0,0.0,0.0,0.0,0.0,0.0,0,0,0,0.5,0.5,0.5,0.5,0.5,0.5,0.5,0.5,0.5,1,0,0,neutral,Unknown,individual,unknown,original,no,0,0,0,0,0,0,0,0,0,0,0,0
365,240,536,23480,0.44776119402985076,64.32876712328768,0,0,0.5,1.0,0.0,0,0,0.0,0.0,0.0,0.0,0.0,0.0,0.0,0.0,0.0,0,0,0,0.5,0.5,0.5,0.5,0.5,0.5,0.5,0.5,0.5,1,0,0,neutral,Unknown,individual,unknown,original,no,0,0,0,0,0,0,0,0,0,0,0,1
365,152,46,2134,3.3043478260869565,5.846575342465753,0,0,0.5,1.0,0.0,0,0,0.0,0.0,0.0,0.0,0.0,0.0,0.0,0.0,0.0,0,0,0,0.5,0.5,0.5,0.5,0.5,0.5,0.5,0.5,0.5,1,0,0,neutral,Unknown,individual,unknown,original,no,0,0,0,0,0,0,0,0,0,0,0,1
365,301,863,3938,0.3487833140208575,10.789041095890411,0,0,0.5,1.0,0.0,0,0,0.0,0.0,0.0,0.0,0.0,0.0,0.0,0.0,0.0,0,0,0,0.5,0.5,0.5,0.5,0.5,0.5,0.5,0.5,0.5,1,0,0,neutral,Unknown,individual,unknown,original,no,0,0,0,0,0,0,0,0,0,0,0,1
365,35,33,6858,1.0606060606060606,18.78904109589041,0,0,0.5,1.0,0.0,0,0,0.0,0.0,0.0,0.0,0.0,0.0,0.0,0.0,0.0,0,0,0,0.5,0.5,0.5,0.5,0.5,0.5,0.5,0.5,0.5,1,0,0,neutral,Unknown,individual,unknown,original,no,0,0,0,0,0,0,0,0,0,0,0,1
365,134,155,12439,0.864516129032258,34.07945205479452,0,0,0.5,1.0,0.0,0,0,0.0,0.0,0.0,0.0,0.0,0.0,0.0,0.0,0.0,0,0,0,0.5,0.5,0.5,0.5,0.5,0.5,0.5,0.5,0.5,1,0,0,neutral,Unknown,individual,unknown,original,no,0,0,0,0,0,0,0,0,0,0,0,0
365,79,64,3584,1.234375,9.819178082191781,0,0,0.5,1.0,0.0,0,0,0.0,0.0,0.0,0.0,0.0,0.0,0.0,0.0,0.0,0,0,0,0.5,0.5,0.5,0.5,0.5,0.5,0.5,0.5,0.5,1,0,0,neutral,Unknown,individual,unknown,original,no,0,0,0,0,0,0,0,0,0,0,0,1
365,188419,857,117922,219.8588098016336,323.07397260273973,0,0,0.5,1.0,0.0,0,0,0.0,0.0,0.0,0.0,0.0,0.0,0.0,0.0,0.0,0,0,0,0.5,0.5,0.5,0.4,0.5,0.5,0.5,0.4600000000000001,0.5,1,0,0,neutral,Unknown,individual,unknown,original,yes,0,0,0,0,0,0,0,0,0,0,0,0
365,180759,905,176250,199.73370165745857,482.8767123287671,0,0,0.5,1.0,0.0,0,0,0.0,0.0,0.0,0.0,0.0,0.0,0.0,0.0,0.0,0,0,0,0.5,0.5,0.5,0.4,0.5,0.5,0.5,0.4600000000000001,0.5,1,0,0,neutral,Unknown,individual,unknown,original,yes,0,0,0,0,0,0,0,0,0,0,0,0
365,19311,1472,34918,13.118885869565217,95.66575342465754,0,0,0.5,1.0,0.0,0,0,0.0,0.0,0.0,0.0,0.0,0.0,0.0,0.0,0.0,0,0,0,0.5,0.5,0.5,0.5,0.5,0.5,0.5,0.5,0.5,1,0,0,neutral,Unknown,individual,unknown,original,yes,0,0,0,0,0,0,0,0,0,0,0,0
365,398,185,669,2.151351351351351,1.832876712328767,0,0,0.5,1.0,0.0,0,0,0.0,0.0,0.0,0.0,0.0,0.0,0.0,0.0,0.0,0,0,0,0.5,0.5,0.5,0.5,0.5,0.5,0.5,0.5,0.5,1,0,0,neutral,Unknown,individual,unknown,original,yes,0,0,0,0,0,0,0,0,0,0,0,0
365,7125,4431,16341,1.6079891672308735,44.76986301369863,0,0,0.5,1.0,0.0,0,0,0.0,0.0,0.0,0.0,0.0,0.0,0.0,0.0,0.0,0,0,0,0.5,0.5,0.5,0.5,0.5,0.5,0.5,0.5,0.5,1,0,0,neutral,Unknown,individual,unknown,original,yes,0,0,0,0,0,0,0,0,0,0,0,0
365,213,775,2546,0.27483870967741936,6.975342465753425,0,0,0.5,1.0,0.0,0,0,0.0,0.0,0.0,0.0,0.0,0.0,0.0,0.0,0.0,0,0,0,0.5,0.5,0.5,0.5,0.5,0.5,0.5,0.5,0.5,1,0,0,neutral,Unknown,individual,unknown,original,yes,0,0,0,0,0,0,0,0,0,0,0,0
365,23169,6581,13366,3.520589576052272,36.61917808219178,0,0,0.5,1.0,0.0,0,0,0.0,0.0,0.0,0.0,0.0,0.0,0.0,0.0,0.0,0,0,0,0.5,0.5,0.5,0.5,0.5,0.5,0.5,0.5,0.5,1,0,0,neutral,Unknown,individual,unknown,original,yes,0,0,0,0,0,0,0,0,0,0,0,0
365,102008,2870,54373,35.542857142857144,148.96712328767123,0,0,0.5,1.0,0.0,0,0,0.0,0.0,0.0,0.0,0.0,0.0,0.0,0.0,0.0,0,0,0,0.5,0.5,0.5,0.5,0.5,0.5,0.5,0.5,0.5,1,0,0,neutral,Unknown,individual,unknown,original,yes,0,0,0,0,0,0,0,0,0,0,0,0
365,11957,3813,133,3.135851035929714,0.3643835616438356,0,0,0.5,1.0,0.0,0,0,0.0,0.0,0.0,0.0,0.0,0.0,0.0,0.0,0.0,0,0,0,0.5,0.5,0.5,0.5,0.5,0.5,0.5,0.5,0.5,1,0,0,neutral,Unknown,individual,unknown,original,yes,0,0,0,0,0,0,0,0,0,0,0,0
365,318,623,1319,0.5104333868378812,3.6136986301369864,0,0,0.5,1.0,0.0,0,0,0.0,0.0,0.0,0.0,0.0,0.0,0.0,0.0,0.0,0,0,0,0.5,0.5,0.5,0.5,0.5,0.5,0.5,0.5,0.5,1,0,0,neutral,Unknown,individual,unknown,original,yes,0,0,0,0,0,0,0,0,0,0,0,0
365,21822,917,8229,23.797164667393677,22.545205479452054,0,0,0.5,1.0,0.0,0,0,0.0,0.0,0.0,0.0,0.0,0.0,0.0,0.0,0.0,0,0,0,0.5,0.5,0.5,0.5,0.5,0.5,0.5,0.5,0.5,1,0,0,neutral,Unknown,individual,unknown,original,yes,0,0,0,0,0,0,0,0,0,0,0,0
365,11121,8660,4194,1.2841801385681293,11.490410958904109,0,0,0.5,1.0,0.0,0,0,0.0,0.0,0.0,0.0,0.0,0.0,0.0,0.0,0.0,0,0,0,0.5,0.5,0.5,0.5,0.5,0.5,0.5,0.5,0.5,1,0,0,neutral,Unknown,individual,unknown,original,yes,0,0,0,0,0,0,0,0,0,0,0,0
365,6076,255,4031,23.827450980392157,11.043835616438356,0,0,0.5,1.0,0.0,0,0,0.0,0.0,0.0,0.0,0.0,0.0,0.0,0.0,0.0,0,0,0,0.5,0.5,0.5,0.5,0.5,0.5,0.5,0.5,0.5,1,0,0,neutral,Unknown,individual,unknown,original,yes,0,0,0,0,0,0,0,0,0,0,0,0
365,3291,1202,42980,2.737936772046589,117.75342465753425,0,0,0.5,1.0,0.0,0,0,0.0,0.0,0.0,0.0,0.0,0.0,0.0,0.0,0.0,0,0,0,0.5,0.5,0.5,0.5,0.5,0.5,0.5,0.5,0.5,1,0,0,neutral,Unknown,individual,unknown,original,yes,0,0,0,0,0,0,0,0,0,0,0,0
365,5825,591,11201,9.856175972927241,30.687671232876713,0,0,0.5,1.0,0.0,0,0,0.0,0.0,0.0,0.0,0.0,0.0,0.0,0.0,0.0,0,0,0,0.5,0.5,0.5,0.5,0.5,0.5,0.5,0.5,0.5,1,0,0,neutral,Unknown,individual,unknown,original,yes,0,0,0,0,0,0,0,0,0,0,0,0
365,7073,3072,17450,2.3024088541666665,47.80821917808219,0,0,0.5,1.0,0.0,0,0,0.0,0.0,0.0,0.0,0.0,0.0,0.0,0.0,0.0,0,0,0,0.5,0.5,0.5,0.5,0.5,0.5,0.5,0.5,0.5,1,0,0,neutral,Unknown,individual,unknown,original,yes,0,0,0,0,0,0,0,0,0,0,0,0
365,6777,862,64879,7.861948955916473,177.75068493150684,0,0,0.5,1.0,0.0,0,0,0.0,0.0,0.0,0.0,0.0,0.0,0.0,0.0,0.0,0,0,0,0.5,0.5,0.5,0.5,0.5,0.5,0.5,0.5,0.5,1,0,0,neutral,Unknown,individual,unknown,original,yes,0,0,0,0,0,0,0,0,0,0,0,0
365,5721,310,17708,18.454838709677418,48.515068493150686,0,0,0.5,1.0,0.0,0,0,0.0,0.0,0.0,0.0,0.0,0.0,0.0,0.0,0.0,0,0,0,0.5,0.5,0.5,0.5,0.5,0.5,0.5,0.5,0.5,1,0,0,neutral,Unknown,individual,unknown,original,yes,0,0,0,0,0,0,0,0,0,0,0,0
365,2231,148,1114,15.074324324324325,3.052054794520548,0,0,0.5,1.0,0.0,0,0,0.0,0.0,0.0,0.0,0.0,0.0,0.0,0.0,0.0,0,0,0,0.5,0.5,0.5,0.5,0.5,0.5,0.5,0.5,0.5,1,0,0,neutral,Unknown,individual,unknown,original,yes,0,0,0,0,0,0,0,0,0,0,0,0
365,5913,1674,31181,3.532258064516129,85.42739726027398,0,0,0.5,1.0,0.0,0,0,0.0,0.0,0.0,0.0,0.0,0.0,0.0,0.0,0.0,0,0,0,0.5,0.5,0.5,0.5,0.5,0.5,0.5,0.5,0.5,1,0,0,neutral,Unknown,individual,unknown,original,yes,0,0,0,0,0,0,0,0,0,0,0,0
365,510777,1280,26013,399.04453125,71.26849315068493,0,0,0.5,1.0,0.0,0,0,0.0,0.0,0.0,0.0,0.0,0.0,0.0,0.0,0.0,0,0,0,0.5,0.5,0.5,0.4,0.5,0.5,0.5,0.4600000000000001,0.5,1,0,0,neutral,Unknown,individual,unknown,original,yes,0,0,0,0,0,0,0,0,0,0,0,0
365,731561,1600,67006,457.225625,183.57808219178082,0,0,0.5,1.0,0.0,0,0,0.0,0.0,0.0,0.0,0.0,0.0,0.0,0.0,0.0,0,0,0,0.5,0.5,0.5,0.4,0.5,0.5,0.5,0.4600000000000001,0.5,1,0,0,neutral,Unknown,individual,unknown,original,yes,0,0,0,0,0,0,0,0,0,0,0,0
365,238755,1699,175494,140.52678045909357,480.8054794520548,0,0,0.5,1.0,0.0,0,0,0.0,0.0,0.0,0.0,0.0,0.0,0.0,0.0,0.0,0,0,0,0.5,0.5,0.5,0.4,0.5,0.5,0.5,0.4600000000000001,0.5,1,0,0,neutral,Unknown,individual,unknown,original,yes,0,0,0,0,0,0,0,0,0,0,0,0
365,353935,667,14206,530.6371814092954,38.92054794520548,0,0,0.5,1.0,0.0,0,0,0.0,0.0,0.0,0.0,0.0,0.0,0.0,0.0,0.0,0,0,0,0.5,0.5,0.5,0.4,0.5,0.5,0.5,0.4600000000000001,0.5,1,0,0,neutral,Unknown,individual,unknown,original,yes,0,0,0,0,0,0,0,0,0,0,0,0
365,48820,577,2798,84.61005199306759,7.6657534246575345,0,0,0.5,1.0,0.0,0,0,0.0,0.0,0.0,0.0,0.0,0.0,0.0,0.0,0.0,0,0,0,0.5,0.5,0.5,0.5,0.5,0.5,0.5,0.5,0.5,1,0,0,neutral,Unknown,individual,unknown,original,yes,0,0,0,0,0,0,0,0,0,0,0,0
365,27885,1701,130551,16.393298059964728,357.67397260273975,0,0,0.5,1.0,0.0,0,0,0.0,0.0,0.0,0.0,0.0,0.0,0.0,0.0,0.0,0,0,0,0.5,0.5,0.5,0.5,0.5,0.5,0.5,0.5,0.5,1,0,0,neutral,Unknown,individual,unknown,original,yes,0,0,0,0,0,0,0,0,0,0,0,0
365,8204,5757,38694,1.4250477679346882,106.01095890410959,0,0,0.5,1.0,0.0,0,0,0.0,0.0,0.0,0.0,0.0,0.0,0.0,0.0,0.0,0,0,0,0.5,0.5,0.5,0.5,0.5,0.5,0.5,0.5,0.5,1,0,0,neutral,Unknown,individual,unknown,original,yes,0,0,0,0,0,0,0,0,0,0,0,0
365,40666,2316,7954,17.558721934369604,21.791780821917808,0,0,0.5,1.0,0.0,0,0,0.0,0.0,0.0,0.0,0.0,0.0,0.0,0.0,0.0,0,0,0,0.5,0.5,0.5,0.5,0.5,0.5,0.5,0.5,0.5,1,0,0,neutral,Unknown,individual,unknown,original,yes,0,0,0,0,0,0,0,0,0,0,0,0
365,10258,8804,28967,1.1651522035438437,79.36164383561643,0,0,0.5,1.0,0.0,0,0,0.0,0.0,0.0,0.0,0.0,0.0,0.0,0.0,0.0,0,0,0,0.5,0.5,0.5,0.5,0.5,0.5,0.5,0.5,0.5,1,0,0,neutral,Unknown,individual,unknown,original,yes,0,0,0,0,0,0,0,0,0,0,0,0
365,2612,3342,20797,0.7815679233991621,56.97808219178082,0,0,0.5,1.0,0.0,0,0,0.0,0.0,0.0,0.0,0.0,0.0,0.0,0.0,0.0,0,0,0,0.5,0.5,0.5,0.5,0.5,0.5,0.5,0.5,0.5,1,0,0,neutral,Unknown,individual,unknown,original,yes,0,0,0,0,0,0,0,0,0,0,0,0
365,4629,1109,11106,4.174030658250676,30.427397260273974,0,0,0.5,1.0,0.0,0,0,0.0,0.0,0.0,0.0,0.0,0.0,0.0,0.0,0.0,0,0,0,0.5,0.5,0.5,0.5,0.5,0.5,0.5,0.5,0.5,1,0,0,neutral,Unknown,individual,unknown,original,yes,0,0,0,0,0,0,0,0,0,0,0,0
365,4889,2382,49978,2.05247691015953,136.92602739726027,0,0,0.5,1.0,0.0,0,0,0.0,0.0,0.0,0.0,0.0,0.0,0.0,0.0,0.0,0,0,0,0.5,0.5,0.5,0.5,0.5,0.5,0.5,0.5,0.5,1,0,0,neutral,Unknown,individual,unknown,original,yes,0,0,0,0,0,0,0,0,0,0,0,0
365,7346,2943,31676,2.4960924226979273,86.78356164383561,0,0,0.5,1.0,0.0,0,0,0.0,0.0,0.0,0.0,0.0,0.0,0.0,0.0,0.0,0,0,0,0.5,0.5,0.5,0.5,0.5,0.5,0.5,0.5,0.5,1,0,0,neutral,Unknown,individual,unknown,original,yes,0,0,0,0,0,0,0,0,0,0,0,0
365,95142,196,2872,485.4183673469388,7.868493150684931,0,0,0.5,1.0,0.0,0,0,0.0,0.0,0.0,0.0,0.0,0.0,0.0,0.0,0.0,0,0,0,0.5,0.5,0.5,0.4,0.5,0.5,0.5,0.4600000000000001,0.5,1,0,0,neutral,Unknown,individual,unknown,original,yes,0,0,0,0,0,0,0,0,0,0,0,0
365,4737,405,3433,11.696296296296296,9.405479452054795,0,0,0.5,1.0,0.0,0,0,0.0,0.0,0.0,0.0,0.0,0.0,0.0,0.0,0.0,0,0,0,0.5,0.5,0.5,0.5,0.5,0.5,0.5,0.5,0.5,1,0,0,neutral,Unknown,individual,unknown,original,yes,0,0,0,0,0,0,0,0,0,0,0,0
365,597,1072,1816,0.5569029850746269,4.975342465753425,0,0,0.5,1.0,0.0,0,0,0.0,0.0,0.0,0.0,0.0,0.0,0.0,0.0,0.0,0,0,0,0.5,0.5,0.5,0.5,0.5,0.5,0.5,0.5,0.5,1,0,0,neutral,Unknown,individual,unknown,original,yes,0,0,0,0,0,0,0,0,0,0,0,0
365,11266,627,3941,17.96810207336523,10.797260273972602,0,0,0.5,1.0,0.0,0,0,0.0,0.0,0.0,0.0,0.0,0.0,0.0,0.0,0.0,0,0,0,0.5,0.5,0.5,0.5,0.5,0.5,0.5,0.5,0.5,1,0,0,neutral,Unknown,individual,unknown,original,yes,0,0,0,0,0,0,0,0,0,0,0,0
365,436845,92568,73240,4.719179414052372,200.65753424657535,0,0,0.5,1.0,0.0,0,0,0.0,0.0,0.0,0.0,0.0,0.0,0.0,0.0,0.0,0,0,0,0.5,0.5,0.5,0.5,0.5,0.5,0.5,0.5,0.5,1,0,0,neutral,Unknown,individual,unknown,original,yes,0,0,0,0,0,0,0,0,0,0,0,0
365,5287,72,1201,73.43055555555556,3.2904109589041095,0,0,0.5,1.0,0.0,0,0,0.0,0.0,0.0,0.0,0.0,0.0,0.0,0.0,0.0,0,0,0,0.5,0.5,0.5,0.5,0.5,0.5,0.5,0.5,0.5,1,0,0,neutral,Unknown,individual,unknown,original,yes,0,0,0,0,0,0,0,0,0,0,0,0
365,10545,1050,24418,10.042857142857143,66.8986301369863,0,0,0.5,1.0,0.0,0,0,0.0,0.0,0.0,0.0,0.0,0.0,0.0,0.0,0.0,0,0,0,0.5,0.5,0.5,0.5,0.5,0.5,0.5,0.5,0.5,1,0,0,neutral,Unknown,individual,unknown,original,yes,0,0,0,0,0,0,0,0,0,0,0,0
365,16016,2690,20934,5.953903345724907,57.35342465753425,0,0,0.5,1.0,0.0,0,0,0.0,0.0,0.0,0.0,0.0,0.0,0.0,0.0,0.0,0,0,0,0.5,0.5,0.5,0.5,0.5,0.5,0.5,0.5,0.5,1,0,0,neutral,Unknown,individual,unknown,original,yes,0,0,0,0,0,0,0,0,0,0,0,0
365,35250,935,5311,37.70053475935829,14.550684931506849,0,0,0.5,1.0,0.0,0,0,0.0,0.0,0.0,0.0,0.0,0.0,0.0,0.0,0.0,0,0,0,0.5,0.5,0.5,0.5,0.5,0.5,0.5,0.5,0.5,1,0,0,neutral,Unknown,individual,unknown,original,yes,0,0,0,0,0,0,0,0,0,0,0,0
365,3372,1556,4676,2.167095115681234,12.810958904109588,0,0,0.5,1.0,0.0,0,0,0.0,0.0,0.0,0.0,0.0,0.0,0.0,0.0,0.0,0,0,0,0.5,0.5,0.5,0.5,0.5,0.5,0.5,0.5,0.5,1,0,0,neutral,Unknown,individual,unknown,original,yes,0,0,0,0,0,0,0,0,0,0,0,0
365,150381,224,30426,671.34375,83.35890410958905,0,0,0.5,1.0,0.0,0,0,0.0,0.0,0.0,0.0,0.0,0.0,0.0,0.0,0.0,0,0,0,0.5,0.5,0.5,0.4,0.5,0.5,0.5,0.4600000000000001,0.5,1,0,0,neutral,Unknown,individual,unknown,original,yes,0,0,0,0,0,0,0,0,0,0,0,0
365,79082,4412,14432,17.92429737080689,39.53972602739726,0,0,0.5,1.0,0.0,0,0,0.0,0.0,0.0,0.0,0.0,0.0,0.0,0.0,0.0,0,0,0,0.5,0.5,0.5,0.5,0.5,0.5,0.5,0.5,0.5,1,0,0,neutral,Unknown,individual,unknown,original,yes,0,0,0,0,0,0,0,0,0,0,0,0
365,5320,746,40362,7.131367292225201,110.58082191780822,0,0,0.5,1.0,0.0,0,0,0.0,0.0,0.0,0.0,0.0,0.0,0.0,0.0,0.0,0,0,0,0.5,0.5,0.5,0.5,0.5,0.5,0.5,0.5,0.5,1,0,0,neutral,Unknown,individual,unknown,original,yes,0,0,0,0,0,0,0,0,0,0,0,0
365,4300,1293,7539,3.325599381283836,20.654794520547945,0,0,0.5,1.0,0.0,0,0,0.0,0.0,0.0,0.0,0.0,0.0,0.0,0.0,0.0,0,0,0,0.5,0.5,0.5,0.5,0.5,0.5,0.5,0.5,0.5,1,0,0,neutral,Unknown,individual,unknown,original,yes,0,0,0,0,0,0,0,0,0,0,0,0
365,138498,23,32985,6021.652173913043,90.36986301369863,0,0,0.5,1.0,0.0,0,0,0.0,0.0,0.0,0.0,0.0,0.0,0.0,0.0,0.0,0,0,0,0.5,0.5,0.5,0.4,0.5,0.5,0.5,0.4600000000000001,0.5,1,0,0,neutral,Unknown,individual,unknown,original,yes,0,0,0,0,0,0,0,0,0,0,0,0
365,995,866,6993,1.1489607390300232,19.15890410958904,0,0,0.5,1.0,0.0,0,0,0.0,0.0,0.0,0.0,0.0,0.0,0.0,0.0,0.0,0,0,0,0.5,0.5,0.5,0.5,0.5,0.5,0.5,0.5,0.5,1,0,0,neutral,Unknown,individual,unknown,original,yes,0,0,0,0,0,0,0,0,0,0,0,0
365,15019,5215,78550,2.8799616490891657,215.2054794520548,0,0,0.5,1.0,0.0,0,0,0.0,0.0,0.0,0.0,0.0,0.0,0.0,0.0,0.0,0,0,0,0.5,0.5,0.5,0.5,0.5,0.5,0.5,0.5,0.5,1,0,0,neutral,Unknown,individual,unknown,original,yes,0,0,0,0,0,0,0,0,0,0,0,0
365,33344,798,17496,41.78446115288221,47.93424657534246,0,0,0.5,1.0,0.0,0,0,0.0,0.0,0.0,0.0,0.0,0.0,0.0,0.0,0.0,0,0,0,0.5,0.5,0.5,0.5,0.5,0.5,0.5,0.5,0.5,1,0,0,neutral,Unknown,individual,unknown,original,yes,0,0,0,0,0,0,0,0,0,0,0,0
365,5677,3350,10742,1.694626865671642,29.43013698630137,0,0,0.5,1.0,0.0,0,0,0.0,0.0,0.0,0.0,0.0,0.0,0.0,0.0,0.0,0,0,0,0.5,0.5,0.5,0.5,0.5,0.5,0.5,0.5,0.5,1,0,0,neutral,Unknown,individual,unknown,original,yes,0,0,0,0,0,0,0,0,0,0,0,0
365,3422,1018,4972,3.361493123772102,13.621917808219179,0,0,0.5,1.0,0.0,0,0,0.0,0.0,0.0,0.0,0.0,0.0,0.0,0.0,0.0,0,0,0,0.5,0.5,0.5,0.5,0.5,0.5,0.5,0.5,0.5,1,0,0,neutral,Unknown,individual,unknown,original,yes,0,0,0,0,0,0,0,0,0,0,0,0
365,2151,2160,6394,0.9958333333333333,17.517808219178082,0,0,0.5,1.0,0.0,0,0,0.0,0.0,0.0,0.0,0.0,0.0,0.0,0.0,0.0,0,0,0,0.5,0.5,0.5,0.5,0.5,0.5,0.5,0.5,0.5,1,0,0,neutral,Unknown,individual,unknown,original,yes,0,0,0,0,0,0,0,0,0,0,0,0
365,2687,2517,16232,1.0675407230830354,44.47123287671233,0,0,0.5,1.0,0.0,0,0,0.0,0.0,0.0,0.0,0.0,0.0,0.0,0.0,0.0,0,0,0,0.5,0.5,0.5,0.5,0.5,0.5,0.5,0.5,0.5,1,0,0,neutral,Unknown,individual,unknown,original,yes,0,0,0,0,0,0,0,0,0,0,0,0
365,168764,1754,28748,96.21664766248574,78.76164383561644,0,0,0.5,1.0,0.0,0,0,0.0,0.0,0.0,0.0,0.0,0.0,0.0,0.0,0.0,0,0,0,0.5,0.5,0.5,0.5,0.5,0.5,0.5,0.5,0.5,1,0,0,neutral,Unknown,individual,unknown,original,yes,0,0,0,0,0,0,0,0,0,0,0,0
365,11591,2951,5885,3.927821077600813,16.123287671232877,0,0,0.5,1.0,0.0,0,0,0.0,0.0,0.0,0.0,0.0,0.0,0.0,0.0,0.0,0,0,0,0.5,0.5,0.5,0.5,0.5,0.5,0.5,0.5,0.5,1,0,0,neutral,Unknown,individual,unknown,original,yes,0,0,0,0,0,0,0,0,0,0,0,0
365,100159,496,22267,201.9334677419355,61.00547945205479,0,0,0.5,1.0,0.0,0,0,0.0,0.0,0.0,0.0,0.0,0.0,0.0,0.0,0.0,0,0,0,0.5,0.5,0.5,0.4,0.5,0.5,0.5,0.4600000000000001,0.5,1,0,0,neutral,Unknown,individual,unknown,original,yes,0,0,0,0,0,0,0,0,0,0,0,0
365,4634,592,2757,7.827702702702703,7.553424657534246,0,0,0.5,1.0,0.0,0,0,0.0,0.0,0.0,0.0,0.0,0.0,0.0,0.0,0.0,0,0,0,0.5,0.5,0.5,0.5,0.5,0.5,0.5,0.5,0.5,1,0,0,neutral,Unknown,individual,unknown,original,yes,0,0,0,0,0,0,0,0,0,0,0,0
365,255964,1737,59554,147.35981577432355,163.16164383561645,0,0,0.5,1.0,0.0,0,0,0.0,0.0,0.0,0.0,0.0,0.0,0.0,0.0,0.0,0,0,0,0.5,0.5,0.5,0.4,0.5,0.5,0.5,0.4600000000000001,0.5,1,0,0,neutral,Unknown,individual,unknown,original,yes,0,0,0,0,0,0,0,0,0,0,0,0
365,3894,2124,28510,1.8333333333333333,78.10958904109589,0,0,0.5,1.0,0.0,0,0,0.0,0.0,0.0,0.0,0.0,0.0,0.0,0.0,0.0,0,0,0,0.5,0.5,0.5,0.5,0.5,0.5,0.5,0.5,0.5,1,0,0,neutral,Unknown,individual,unknown,original,yes,0,0,0,0,0,0,0,0,0,0,0,0
365,22098,752,23700,29.38563829787234,64.93150684931507,0,0,0.5,1.0,0.0,0,0,0.0,0.0,0.0,0.0,0.0,0.0,0.0,0.0,0.0,0,0,0,0.5,0.5,0.5,0.5,0.5,0.5,0.5,0.5,0.5,1,0,0,neutral,Unknown,individual,unknown,original,yes,0,0,0,0,0,0,0,0,0,0,0,0
365,2544,1371,3713,1.8555798687089715,10.172602739726027,0,0,0.5,1.0,0.0,0,0,0.0,0.0,0.0,0.0,0.0,0.0,0.0,0.0,0.0,0,0,0,0.5,0.5,0.5,0.5,0.5,0.5,0.5,0.5,0.5,1,0,0,neutral,Unknown,individual,unknown,original,yes,0,0,0,0,0,0,0,0,0,0,0,0
365,38434,567,13256,67.78483245149911,36.31780821917808,0,0,0.5,1.0,0.0,0,0,0.0,0.0,0.0,0.0,0.0,0.0,0.0,0.0,0.0,0,0,0,0.5,0.5,0.5,0.5,0.5,0.5,0.5,0.5,0.5,1,0,0,neutral,Unknown,individual,unknown,original,yes,0,0,0,0,0,0,0,0,0,0,0,0
365,7948,1697,8193,4.683559222156747,22.446575342465753,0,0,0.5,1.0,0.0,0,0,0.0,0.0,0.0,0.0,0.0,0.0,0.0,0.0,0.0,0,0,0,0.5,0.5,0.5,0.5,0.5,0.5,0.5,0.5,0.5,1,0,0,neutral,Unknown,individual,unknown,original,yes,0,0,0,0,0,0,0,0,0,0,0,0
365,7061,644,19991,10.964285714285714,54.76986301369863,0,0,0.5,1.0,0.0,0,0,0.0,0.0,0.0,0.0,0.0,0.0,0.0,0.0,0.0,0,0,0,0.5,0.5,0.5,0.5,0.5,0.5,0.5,0.5,0.5,1,0,0,neutral,Unknown,individual,unknown,original,yes,0,0,0,0,0,0,0,0,0,0,0,0
365,5459,698,36960,7.820916905444126,101.26027397260275,0,0,0.5,1.0,0.0,0,0,0.0,0.0,0.0,0.0,0.0,0.0,0.0,0.0,0.0,0,0,0,0.5,0.5,0.5,0.5,0.5,0.5,0.5,0.5,0.5,1,0,0,neutral,Unknown,individual,unknown,original,yes,0,0,0,0,0,0,0,0,0,0,0,0
365,956,186,1784,5.139784946236559,4.887671232876713,0,0,0.5,1.0,0.0,0,0,0.0,0.0,0.0,0.0,0.0,0.0,0.0,0.0,0.0,0,0,0,0.5,0.5,0.5,0.5,0.5,0.5,0.5,0.5,0.5,1,0,0,neutral,Unknown,individual,unknown,original,yes,0,0,0,0,0,0,0,0,0,0,0,0
365,53525,964,92209,55.523858921161825,252.62739726027397,0,0,0.5,1.0,0.0,0,0,0.0,0.0,0.0,0.0,0.0,0.0,0.0,0.0,0.0,0,0,0,0.5,0.5,0.5,0.5,0.5,0.5,0.5,0.5,0.5,1,0,0,neutral,Unknown,individual,unknown,original,yes,0,0,0,0,0,0,0,0,0,0,0,0
365,95425,4362,8482,21.876432828977535,23.23835616438356,0,0,0.5,1.0,0.0,0,0,0.0,0.0,0.0,0.0,0.0,0.0,0.0,0.0,0.0,0,0,0,0.5,0.5,0.5,0.5,0.5,0.5,0.5,0.5,0.5,1,0,0,neutral,Unknown,individual,unknown,original,yes,0,0,0,0,0,0,0,0,0,0,0,0
365,670957,1361,22897,492.9882439382807,62.73150684931507,0,0,0.5,1.0,0.0,0,0,0.0,0.0,0.0,0.0,0.0,0.0,0.0,0.0,0.0,0,0,0,0.5,0.5,0.5,0.4,0.5,0.5,0.5,0.4600000000000001,0.5,1,0,0,neutral,Unknown,individual,unknown,original,yes,0,0,0,0,0,0,0,0,0,0,0,0
365,13291575,1343,56348,9896.92851824274,154.37808219178083,0,0,0.5,1.0,0.0,0,0,0.0,0.0,0.0,0.0,0.0,0.0,0.0,0.0,0.0,0,0,0,0.5,0.5,0.5,0.4,0.5,0.5,0.5,0.4600000000000001,0.5,1,0,0,neutral,Unknown,individual,unknown,original,yes,0,0,0,0,0,0,0,0,0,0,0,0
365,37355,889,3496,42.01912260967379,9.578082191780823,0,0,0.5,1.0,0.0,0,0,0.0,0.0,0.0,0.0,0.0,0.0,0.0,0.0,0.0,0,0,0,0.5,0.5,0.5,0.5,0.5,0.5,0.5,0.5,0.5,1,0,0,neutral,Unknown,individual,unknown,original,yes,0,0,0,0,0,0,0,0,0,0,0,0
365,3047,1936,8056,1.5738636363636365,22.07123287671233,0,0,0.5,1.0,0.0,0,0,0.0,0.0,0.0,0.0,0.0,0.0,0.0,0.0,0.0,0,0,0,0.5,0.5,0.5,0.5,0.5,0.5,0.5,0.5,0.5,1,0,0,neutral,Unknown,individual,unknown,original,yes,0,0,0,0,0,0,0,0,0,0,0,0
365,5791,1019,12998,5.683022571148184,35.61095890410959,0,0,0.5,1.0,0.0,0,0,0.0,0.0,0.0,0.0,0.0,0.0,0.0,0.0,0.0,0,0,0,0.5,0.5,0.5,0.5,0.5,0.5,0.5,0.5,0.5,1,0,0,neutral,Unknown,individual,unknown,original,yes,0,0,0,0,0,0,0,0,0,0,0,0
365,112121,1058,11744,105.97448015122873,32.175342465753424,0,0,0.5,1.0,0.0,0,0,0.0,0.0,0.0,0.0,0.0,0.0,0.0,0.0,0.0,0,0,0,0.5,0.5,0.5,0.4,0.5,0.5,0.5,0.4600000000000001,0.5,1,0,0,neutral,Unknown,individual,unknown,original,yes,0,0,0,0,0,0,0,0,0,0,0,0
365,53702,1154,61478,46.53552859618718,168.43287671232878,0,0,0.5,1.0,0.0,0,0,0.0,0.0,0.0,0.0,0.0,0.0,0.0,0.0,0.0,0,0,0,0.5,0.5,0.5,0.5,0.5,0.5,0.5,0.5,0.5,1,0,0,neutral,Unknown,individual,unknown,original,yes,0,0,0,0,0,0,0,0,0,0,0,0
365,7784,979,22999,7.95097037793667,63.010958904109586,0,0,0.5,1.0,0.0,0,0,0.0,0.0,0.0,0.0,0.0,0.0,0.0,0.0,0.0,0,0,0,0.5,0.5,0.5,0.5,0.5,0.5,0.5,0.5,0.5,1,0,0,neutral,Unknown,individual,unknown,original,yes,0,0,0,0,0,0,0,0,0,0,0,0
365,5081,423,3996,12.011820330969266,10.947945205479453,0,0,0.5,1.0,0.0,0,0,0.0,0.0,0.0,0.0,0.0,0.0,0.0,0.0,0.0,0,0,0,0.5,0.5,0.5,0.5,0.5,0.5,0.5,0.5,0.5,1,0,0,neutral,Unknown,individual,unknown,original,yes,0,0,0,0,0,0,0,0,0,0,0,0
365,12773,2425,83849,5.267216494845361,229.72328767123287,0,0,0.5,1.0,0.0,0,0,0.0,0.0,0.0,0.0,0.0,0.0,0.0,0.0,0.0,0,0,0,0.5,0.5,0.5,0.5,0.5,0.5,0.5,0.5,0.5,1,0,0,neutral,Unknown,individual,unknown,original,yes,0,0,0,0,0,0,0,0,0,0,0,0
365,102741,1505,104191,68.26644518272425,285.4547945205479,0,0,0.5,1.0,0.0,0,0,0.0,0.0,0.0,0.0,0.0,0.0,0.0,0.0,0.0,0,0,0,0.5,0.5,0.5,0.5,0.5,0.5,0.5,0.5,0.5,1,0,0,neutral,Unknown,individual,unknown,original,yes,0,0,0,0,0,0,0,0,0,0,0,0
365,652974,8055,319214,81.06443202979516,874.5589041095891,0,0,0.5,1.0,0.0,0,0,0.0,0.0,0.0,0.0,0.0,0.0,0.0,0.0,0.0,0,0,0,0.5,0.5,0.5,0.5,0.5,0.5,0.5,0.5,0.5,1,0,0,neutral,Unknown,individual,unknown,original,yes,0,0,0,0,0,0,0,0,0,0,0,0
365,75730,773,13223,97.96895213454076,36.227397260273975,0,0,0.5,1.0,0.0,0,0,0.0,0.0,0.0,0.0,0.0,0.0,0.0,0.0,0.0,0,0,0,0.5,0.5,0.5,0.5,0.5,0.5,0.5,0.5,0.5,1,0,0,neutral,Unknown,individual,unknown,original,yes,0,0,0,0,0,0,0,0,0,0,0,0
365,12437,4885,6632,2.545957011258956,18.16986301369863,0,0,0.5,1.0,0.0,0,0,0.0,0.0,0.0,0.0,0.0,0.0,0.0,0.0,0.0,0,0,0,0.5,0.5,0.5,0.5,0.5,0.5,0.5,0.5,0.5,1,0,0,neutral,Unknown,individual,unknown,original,yes,0,0,0,0,0,0,0,0,0,0,0,0
365,2599,758,6058,3.428759894459103,16.5972602739726,0,0,0.5,1.0,0.0,0,0,0.0,0.0,0.0,0.0,0.0,0.0,0.0,0.0,0.0,0,0,0,0.5,0.5,0.5,0.5,0.5,0.5,0.5,0.5,0.5,1,0,0,neutral,Unknown,individual,unknown,original,yes,0,0,0,0,0,0,0,0,0,0,0,0
365,37917,2514,26042,15.08233890214797,71.34794520547945,0,0,0.5,1.0,0.0,0,0,0.0,0.0,0.0,0.0,0.0,0.0,0.0,0.0,0.0,0,0,0,0.5,0.5,0.5,0.5,0.5,0.5,0.5,0.5,0.5,1,0,0,neutral,Unknown,individual,unknown,original,yes,0,0,0,0,0,0,0,0,0,0,0,0
365,5372,606,2888,8.864686468646864,7.912328767123288,0,0,0.5,1.0,0.0,0,0,0.0,0.0,0.0,0.0,0.0,0.0,0.0,0.0,0.0,0,0,0,0.5,0.5,0.5,0.5,0.5,0.5,0.5,0.5,0.5,1,0,0,neutral,Unknown,individual,unknown,original,yes,0,0,0,0,0,0,0,0,0,0,0,0
365,3897,796,3687,4.8957286432160805,10.101369863013698,0,0,0.5,1.0,0.0,0,0,0.0,0.0,0.0,0.0,0.0,0.0,0.0,0.0,0.0,0,0,0,0.5,0.5,0.5,0.5,0.5,0.5,0.5,0.5,0.5,1,0,0,neutral,Unknown,individual,unknown,original,yes,0,0,0,0,0,0,0,0,0,0,0,0
365,2650,3891,31386,0.6810588537650989,85.98904109589041,0,0,0.5,1.0,0.0,0,0,0.0,0.0,0.0,0.0,0.0,0.0,0.0,0.0,0.0,0,0,0,0.5,0.5,0.5,0.5,0.5,0.5,0.5,0.5,0.5,1,0,0,neutral,Unknown,individual,unknown,original,yes,0,0,0,0,0,0,0,0,0,0,0,0
365,7098,4827,30519,1.4704785581106277,83.61369863013698,0,0,0.5,1.0,0.0,0,0,0.0,0.0,0.0,0.0,0.0,0.0,0.0,0.0,0.0,0,0,0,0.5,0.5,0.5,0.5,0.5,0.5,0.5,0.5,0.5,1,0,0,neutral,Unknown,individual,unknown,original,yes,0,0,0,0,0,0,0,0,0,0,0,0
365,2007,931,28520,2.1557465091299677,78.13698630136986,0,0,0.5,1.0,0.0,0,0,0.0,0.0,0.0,0.0,0.0,0.0,0.0,0.0,0.0,0,0,0,0.5,0.5,0.5,0.5,0.5,0.5,0.5,0.5,0.5,1,0,0,neutral,Unknown,individual,unknown,original,yes,0,0,0,0,0,0,0,0,0,0,0,0
365,38101,374,61769,101.87433155080214,169.23013698630137,0,0,0.5,1.0,0.0,0,0,0.0,0.0,0.0,0.0,0.0,0.0,0.0,0.0,0.0,0,0,0,0.5,0.5,0.5,0.4,0.5,0.5,0.5,0.4600000000000001,0.5,1,0,0,neutral,Unknown,individual,unknown,original,yes,0,0,0,0,0,0,0,0,0,0,0,0
365,363181,19413,44635,18.708133724823572,122.28767123287672,0,0,0.5,1.0,0.0,0,0,0.0,0.0,0.0,0.0,0.0,0.0,0.0,0.0,0.0,0,0,0,0.5,0.5,0.5,0.5,0.5,0.5,0.5,0.5,0.5,1,0,0,neutral,Unknown,individual,unknown,original,yes,0,0,0,0,0,0,0,0,0,0,0,0
365,1335,870,4955,1.5344827586206897,13.575342465753424,0,0,0.5,1.0,0.0,0,0,0.0,0.0,0.0,0.0,0.0,0.0,0.0,0.0,0.0,0,0,0,0.5,0.5,0.5,0.5,0.5,0.5,0.5,0.5,0.5,1,0,0,neutral,Unknown,individual,unknown,original,yes,0,0,0,0,0,0,0,0,0,0,0,0
365,39560,2915,16384,13.571183533447684,44.88767123287671,0,0,0.5,1.0,0.0,0,0,0.0,0.0,0.0,0.0,0.0,0.0,0.0,0.0,0.0,0,0,0,0.5,0.5,0.5,0.5,0.5,0.5,0.5,0.5,0.5,1,0,0,neutral,Unknown,individual,unknown,original,yes,0,0,0,0,0,0,0,0,0,0,0,0
365,93465,6,6964,15577.5,19.07945205479452,0,0,0.5,1.0,0.0,0,0,0.0,0.0,0.0,0.0,0.0,0.0,0.0,0.0,0.0,0,0,0,0.5,0.5,0.5,0.4,0.5,0.5,0.5,0.4600000000000001,0.5,1,0,0,neutral,Unknown,individual,unknown,original,yes,0,0,0,0,0,0,0,0,0,0,0,0
365,3289,516,3801,6.374031007751938,10.413698630136986,0,0,0.5,1.0,0.0,0,0,0.0,0.0,0.0,0.0,0.0,0.0,0.0,0.0,0.0,0,0,0,0.5,0.5,0.5,0.5,0.5,0.5,0.5,0.5,0.5,1,0,0,neutral,Unknown,individual,unknown,original,yes,0,0,0,0,0,0,0,0,0,0,0,0
365,10790,4397,29615,2.453945872185581,81.13698630136986,0,0,0.5,1.0,0.0,0,0,0.0,0.0,0.0,0.0,0.0,0.0,0.0,0.0,0.0,0,0,0,0.5,0.5,0.5,0.5,0.5,0.5,0.5,0.5,0.5,1,0,0,neutral,Unknown,individual,unknown,original,yes,0,0,0,0,0,0,0,0,0,0,0,0
365,13680,3701,10932,3.696298297757363,29.95068493150685,0,0,0.5,1.0,0.0,0,0,0.0,0.0,0.0,0.0,0.0,0.0,0.0,0.0,0.0,0,0,0,0.5,0.5,0.5,0.5,0.5,0.5,0.5,0.5,0.5,1,0,0,neutral,Unknown,individual,unknown,original,yes,0,0,0,0,0,0,0,0,0,0,0,0
365,124997,1668,22164,74.93824940047962,60.723287671232875,0,0,0.5,1.0,0.0,0,0,0.0,0.0,0.0,0.0,0.0,0.0,0.0,0.0,0.0,0,0,0,0.5,0.5,0.5,0.5,0.5,0.5,0.5,0.5,0.5,1,0,0,neutral,Unknown,individual,unknown,original,yes,0,0,0,0,0,0,0,0,0,0,0,0
365,78387,967,6012,81.06204756980351,16.471232876712328,0,0,0.5,1.0,0.0,0,0,0.0,0.0,0.0,0.0,0.0,0.0,0.0,0.0,0.0,0,0,0,0.5,0.5,0.5,0.5,0.5,0.5,0.5,0.5,0.5,1,0,0,neutral,Unknown,individual,unknown,original,yes,0,0,0,0,0,0,0,0,0,0,0,0
365,983,456,5333,2.155701754385965,14.610958904109589,0,0,0.5,1.0,0.0,0,0,0.0,0.0,0.0,0.0,0.0,0.0,0.0,0.0,0.0,0,0,0,0.5,0.5,0.5,0.5,0.5,0.5,0.5,0.5,0.5,1,0,0,neutral,Unknown,individual,unknown,original,yes,0,0,0,0,0,0,0,0,0,0,0,0
365,1459,604,6465,2.415562913907285,17.71232876712329,0,0,0.5,1.0,0.0,0,0,0.0,0.0,0.0,0.0,0.0,0.0,0.0,0.0,0.0,0,0,0,0.5,0.5,0.5,0.5,0.5,0.5,0.5,0.5,0.5,1,0,0,neutral,Unknown,individual,unknown,original,yes,0,0,0,0,0,0,0,0,0,0,0,0
365,8999,1367,10339,6.583028529626921,28.326027397260273,0,0,0.5,1.0,0.0,0,0,0.0,0.0,0.0,0.0,0.0,0.0,0.0,0.0,0.0,0,0,0,0.5,0.5,0.5,0.5,0.5,0.5,0.5,0.5,0.5,1,0,0,neutral,Unknown,individual,unknown,original,yes,0,0,0,0,0,0,0,0,0,0,0,0
365,8285,88,3258,94.14772727272727,8.926027397260274,0,0,0.5,1.0,0.0,0,0,0.0,0.0,0.0,0.0,0.0,0.0,0.0,0.0,0.0,0,0,0,0.5,0.5,0.5,0.5,0.5,0.5,0.5,0.5,0.5,1,0,0,neutral,Unknown,individual,unknown,original,yes,0,0,0,0,0,0,0,0,0,0,0,0
365,59822,33318,15117,1.7954859235248215,41.416438356164385,0,0,0.5,1.0,0.0,0,0,0.0,0.0,0.0,0.0,0.0,0.0,0.0,0.0,0.0,0,0,0,0.5,0.5,0.5,0.5,0.5,0.5,0.5,0.5,0.5,1,0,0,neutral,Unknown,individual,unknown,original,yes,0,0,0,0,0,0,0,0,0,0,0,0
365,2481,1590,8111,1.560377358490566,22.221917808219178,0,0,0.5,1.0,0.0,0,0,0.0,0.0,0.0,0.0,0.0,0.0,0.0,0.0,0.0,0,0,0,0.5,0.5,0.5,0.5,0.5,0.5,0.5,0.5,0.5,1,0,0,neutral,Unknown,individual,unknown,original,yes,0,0,0,0,0,0,0,0,0,0,0,0
365,12398,573,2702,21.636998254799302,7.402739726027397,0,0,0.5,1.0,0.0,0,0,0.0,0.0,0.0,0.0,0.0,0.0,0.0,0.0,0.0,0,0,0,0.5,0.5,0.5,0.5,0.5,0.5,0.5,0.5,0.5,1,0,0,neutral,Unknown,individual,unknown,original,yes,0,0,0,0,0,0,0,0,0,0,0,0
365,867,937,6324,0.9252934898612594,17.326027397260273,0,0,0.5,1.0,0.0,0,0,0.0,0.0,0.0,0.0,0.0,0.0,0.0,0.0,0.0,0,0,0,0.5,0.5,0.5,0.5,0.5,0.5,0.5,0.5,0.5,1,0,0,neutral,Unknown,individual,unknown,original,yes,0,0,0,0,0,0,0,0,0,0,0,0
365,13428,311,200,43.17684887459807,0.547945205479452,0,0,0.5,1.0,0.0,0,0,0.0,0.0,0.0,0.0,0.0,0.0,0.0,0.0,0.0,0,0,0,0.5,0.5,0.5,0.5,0.5,0.5,0.5,0.5,0.5,1,0,0,neutral,Unknown,individual,unknown,original,yes,0,0,0,0,0,0,0,0,0,0,0,0
365,17691,587,2313,30.137989778534923,6.336986301369863,0,0,0.5,1.0,0.0,0,0,0.0,0.0,0.0,0.0,0.0,0.0,0.0,0.0,0.0,0,0,0,0.5,0.5,0.5,0.5,0.5,0.5,0.5,0.5,0.5,1,0,0,neutral,Unknown,individual,unknown,original,yes,0,0,0,0,0,0,0,0,0,0,0,0
365,6973,1107,8529,6.299006323396568,23.367123287671234,0,0,0.5,1.0,0.0,0,0,0.0,0.0,0.0,0.0,0.0,0.0,0.0,0.0,0.0,0,0,0,0.5,0.5,0.5,0.5,0.5,0.5,0.5,0.5,0.5,1,0,0,neutral,Unknown,individual,unknown,original,yes,0,0,0,0,0,0,0,0,0,0,0,0
365,15371,3477,62069,4.420765027322404,170.05205479452056,0,0,0.5,1.0,0.0,0,0,0.0,0.0,0.0,0.0,0.0,0.0,0.0,0.0,0.0,0,0,0,0.5,0.5,0.5,0.5,0.5,0.5,0.5,0.5,0.5,1,0,0,neutral,Unknown,individual,unknown,original,yes,0,0,0,0,0,0,0,0,0,0,0,0
365,2549,1118,6750,2.2799642218246867,18.493150684931507,0,0,0.5,1.0,0.0,0,0,0.0,0.0,0.0,0.0,0.0,0.0,0.0,0.0,0.0,0,0,0,0.5,0.5,0.5,0.5,0.5,0.5,0.5,0.5,0.5,1,0,0,neutral,Unknown,individual,unknown,original,yes,0,0,0,0,0,0,0,0,0,0,0,0
365,433886,170,24125,2552.2705882352943,66.0958904109589,0,0,0.5,1.0,0.0,0,0,0.0,0.0,0.0,0.0,0.0,0.0,0.0,0.0,0.0,0,0,0,0.5,0.5,0.5,0.4,0.5,0.5,0.5,0.4600000000000001,0.5,1,0,0,neutral,Unknown,individual,unknown,original,yes,0,0,0,0,0,0,0,0,0,0,0,0
365,12276,477,4976,25.735849056603772,13.632876712328768,0,0,0.5,1.0,0.0,0,0,0.0,0.0,0.0,0.0,0.0,0.0,0.0,0.0,0.0,0,0,0,0.5,0.5,0.5,0.5,0.5,0.5,0.5,0.5,0.5,1,0,0,neutral,Unknown,individual,unknown,original,yes,0,0,0,0,0,0,0,0,0,0,0,0
365,4276,2570,22608,1.6638132295719845,61.93972602739726,0,0,0.5,1.0,0.0,0,0,0.0,0.0,0.0,0.0,0.0,0.0,0.0,0.0,0.0,0,0,0,0.5,0.5,0.5,0.5,0.5,0.5,0.5,0.5,0.5,1,0,0,neutral,Unknown,individual,unknown,original,yes,0,0,0,0,0,0,0,0,0,0,0,0
365,14341,66,9259,217.28787878787878,25.367123287671234,0,0,0.5,1.0,0.0,0,0,0.0,0.0,0.0,0.0,0.0,0.0,0.0,0.0,0.0,0,0,0,0.5,0.5,0.5,0.4,0.5,0.5,0.5,0.4600000000000001,0.5,1,0,0,neutral,Unknown,individual,unknown,original,yes,0,0,0,0,0,0,0,0,0,0,0,0
365,1012,1671,4689,0.6056253740275285,12.846575342465753,0,0,0.5,1.0,0.0,0,0,0.0,0.0,0.0,0.0,0.0,0.0,0.0,0.0,0.0,0,0,0,0.5,0.5,0.5,0.5,0.5,0.5,0.5,0.5,0.5,1,0,0,neutral,Unknown,individual,unknown,original,yes,0,0,0,0,0,0,0,0,0,0,0,0
365,7405,3422,22268,2.163939216832262,61.00821917808219,0,0,0.5,1.0,0.0,0,0,0.0,0.0,0.0,0.0,0.0,0.0,0.0,0.0,0.0,0,0,0,0.5,0.5,0.5,0.5,0.5,0.5,0.5,0.5,0.5,1,0,0,neutral,Unknown,individual,unknown,original,yes,0,0,0,0,0,0,0,0,0,0,0,0
365,3752,2057,19599,1.8240155566358776,53.6958904109589,0,0,0.5,1.0,0.0,0,0,0.0,0.0,0.0,0.0,0.0,0.0,0.0,0.0,0.0,0,0,0,0.5,0.5,0.5,0.5,0.5,0.5,0.5,0.5,0.5,1,0,0,neutral,Unknown,individual,unknown,original,yes,0,0,0,0,0,0,0,0,0,0,0,0
365,5499,1600,3591,3.436875,9.838356164383562,0,0,0.5,1.0,0.0,0,0,0.0,0.0,0.0,0.0,0.0,0.0,0.0,0.0,0.0,0,0,0,0.5,0.5,0.5,0.5,0.5,0.5,0.5,0.5,0.5,1,0,0,neutral,Unknown,individual,unknown,original,yes,0,0,0,0,0,0,0,0,0,0,0,0
365,2216,1457,3923,1.520933424845573,10.747945205479452,0,0,0.5,1.0,0.0,0,0,0.0,0.0,0.0,0.0,0.0,0.0,0.0,0.0,0.0,0,0,0,0.5,0.5,0.5,0.5,0.5,0.5,0.5,0.5,0.5,1,0,0,neutral,Unknown,individual,unknown,original,yes,0,0,0,0,0,0,0,0,0,0,0,0
365,7121,6690,12258,1.064424514200299,33.583561643835615,0,0,0.5,1.0,0.0,0,0,0.0,0.0,0.0,0.0,0.0,0.0,0.0,0.0,0.0,0,0,0,0.5,0.5,0.5,0.5,0.5,0.5,0.5,0.5,0.5,1,0,0,neutral,Unknown,individual,unknown,original,yes,0,0,0,0,0,0,0,0,0,0,0,0
365,6513,768,64820,8.48046875,177.58904109589042,0,0,0.5,1.0,0.0,0,0,0.0,0.0,0.0,0.0,0.0,0.0,0.0,0.0,0.0,0,0,0,0.5,0.5,0.5,0.5,0.5,0.5,0.5,0.5,0.5,1,0,0,neutral,Unknown,individual,unknown,original,yes,0,0,0,0,0,0,0,0,0,0,0,0
365,4222,1214,18040,3.4777594728171333,49.42465753424658,0,0,0.5,1.0,0.0,0,0,0.0,0.0,0.0,0.0,0.0,0.0,0.0,0.0,0.0,0,0,0,0.5,0.5,0.5,0.5,0.5,0.5,0.5,0.5,0.5,1,0,0,neutral,Unknown,individual,unknown,original,yes,0,0,0,0,0,0,0,0,0,0,0,0
365,13544,3927,14009,3.448943213649096,38.38082191780822,0,0,0.5,1.0,0.0,0,0,0.0,0.0,0.0,0.0,0.0,0.0,0.0,0.0,0.0,0,0,0,0.5,0.5,0.5,0.5,0.5,0.5,0.5,0.5,0.5,1,0,0,neutral,Unknown,individual,unknown,original,yes,0,0,0,0,0,0,0,0,0,0,0,0
365,3305,1125,7239,2.937777777777778,19.832876712328765,0,0,0.5,1.0,0.0,0,0,0.0,0.0,0.0,0.0,0.0,0.0,0.0,0.0,0.0,0,0,0,0.5,0.5,0.5,0.5,0.5,0.5,0.5,0.5,0.5,1,0,0,neutral,Unknown,individual,unknown,original,yes,0,0,0,0,0,0,0,0,0,0,0,0
365,3910,1678,5543,2.3301549463647198,15.186301369863013,0,0,0.5,1.0,0.0,0,0,0.0,0.0,0.0,0.0,0.0,0.0,0.0,0.0,0.0,0,0,0,0.5,0.5,0.5,0.5,0.5,0.5,0.5,0.5,0.5,1,0,0,neutral,Unknown,individual,unknown,original,yes,0,0,0,0,0,0,0,0,0,0,0,0
365,18507,9259,74439,1.9988119667350686,203.94246575342467,0,0,0.5,1.0,0.0,0,0,0.0,0.0,0.0,0.0,0.0,0.0,0.0,0.0,0.0,0,0,0,0.5,0.5,0.5,0.5,0.5,0.5,0.5,0.5,0.5,1,0,0,neutral,Unknown,individual,unknown,original,yes,0,0,0,0,0,0,0,0,0,0,0,0
365,2577,1712,10037,1.5052570093457944,27.4986301369863,0,0,0.5,1.0,0.0,0,0,0.0,0.0,0.0,0.0,0.0,0.0,0.0,0.0,0.0,0,0,0,0.5,0.5,0.5,0.5,0.5,0.5,0.5,0.5,0.5,1,0,0,neutral,Unknown,individual,unknown,original,yes,0,0,0,0,0,0,0,0,0,0,0,0
365,5973,685,24011,8.719708029197081,65.78356164383561,0,0,0.5,1.0,0.0,0,0,0.0,0.0,0.0,0.0,0.0,0.0,0.0,0.0,0.0,0,0,0,0.5,0.5,0.5,0.5,0.5,0.5,0.5,0.5,0.5,1,0,0,neutral,Unknown,individual,unknown,original,yes,0,0,0,0,0,0,0,0,0,0,0,0
365,155013,38,75521,4079.2894736842104,206.90684931506848,0,0,0.5,1.0,0.0,0,0,0.0,0.0,0.0,0.0,0.0,0.0,0.0,0.0,0.0,0,0,0,0.5,0.5,0.5,0.4,0.5,0.5,0.5,0.4600000000000001,0.5,1,0,0,neutral,Unknown,individual,unknown,original,yes,0,0,0,0,0,0,0,0,0,0,0,0
365,66833,1001,7862,66.76623376623377,21.53972602739726,0,0,0.5,1.0,0.0,0,0,0.0,0.0,0.0,0.0,0.0,0.0,0.0,0.0,0.0,0,0,0,0.5,0.5,0.5,0.5,0.5,0.5,0.5,0.5,0.5,1,0,0,neutral,Unknown,individual,unknown,original,yes,0,0,0,0,0,0,0,0,0,0,0,0
365,920430,967,25851,951.8407445708376,70.82465753424657,0,0,0.5,1.0,0.0,0,0,0.0,0.0,0.0,0.0,0.0,0.0,0.0,0.0,0.0,0,0,0,0.5,0.5,0.5,0.4,0.5,0.5,0.5,0.4600000000000001,0.5,1,0,0,neutral,Unknown,individual,unknown,original,yes,0,0,0,0,0,0,0,0,0,0,0,0
365,1574,2094,12519,0.7516714422158548,34.298630136986304,0,0,0.5,1.0,0.0,0,0,0.0,0.0,0.0,0.0,0.0,0.0,0.0,0.0,0.0,0,0,0,0.5,0.5,0.5,0.5,0.5,0.5,0.5,0.5,0.5,1,0,0,neutral,Unknown,individual,unknown,original,yes,0,0,0,0,0,0,0,0,0,0,0,0
365,3898,309,1187,12.614886731391586,3.252054794520548,0,0,0.5,1.0,0.0,0,0,0.0,0.0,0.0,0.0,0.0,0.0,0.0,0.0,0.0,0,0,0,0.5,0.5,0.5,0.5,0.5,0.5,0.5,0.5,0.5,1,0,0,neutral,Unknown,individual,unknown,original,yes,0,0,0,0,0,0,0,0,0,0,0,0
365,10024,5357,10550,1.8711965652417397,28.904109589041095,0,0,0.5,1.0,0.0,0,0,0.0,0.0,0.0,0.0,0.0,0.0,0.0,0.0,0.0,0,0,0,0.5,0.5,0.5,0.5,0.5,0.5,0.5,0.5,0.5,1,0,0,neutral,Unknown,individual,unknown,original,yes,0,0,0,0,0,0,0,0,0,0,0,0
365,3399,1773,44214,1.9170896785109983,121.13424657534246,0,0,0.5,1.0,0.0,0,0,0.0,0.0,0.0,0.0,0.0,0.0,0.0,0.0,0.0,0,0,0,0.5,0.5,0.5,0.5,0.5,0.5,0.5,0.5,0.5,1,0,0,neutral,Unknown,individual,unknown,original,yes,0,0,0,0,0,0,0,0,0,0,0,0
365,4643,201,3677,23.09950248756219,10.073972602739726,0,0,0.5,1.0,0.0,0,0,0.0,0.0,0.0,0.0,0.0,0.0,0.0,0.0,0.0,0,0,0,0.5,0.5,0.5,0.5,0.5,0.5,0.5,0.5,0.5,1,0,0,neutral,Unknown,individual,unknown,original,yes,0,0,0,0,0,0,0,0,0,0,0,0
365,3628,1791,7483,2.025683975432719,20.5013698630137,0,0,0.5,1.0,0.0,0,0,0.0,0.0,0.0,0.0,0.0,0.0,0.0,0.0,0.0,0,0,0,0.5,0.5,0.5,0.5,0.5,0.5,0.5,0.5,0.5,1,0,0,neutral,Unknown,individual,unknown,original,yes,0,0,0,0,0,0,0,0,0,0,0,0
365,2063,1107,26585,1.863595302619693,72.83561643835617,0,0,0.5,1.0,0.0,0,0,0.0,0.0,0.0,0.0,0.0,0.0,0.0,0.0,0.0,0,0,0,0.5,0.5,0.5,0.5,0.5,0.5,0.5,0.5,0.5,1,0,0,neutral,Unknown,individual,unknown,original,yes,0,0,0,0,0,0,0,0,0,0,0,0
365,4660,376,3788,12.393617021276595,10.378082191780821,0,0,0.5,1.0,0.0,0,0,0.0,0.0,0.0,0.0,0.0,0.0,0.0,0.0,0.0,0,0,0,0.5,0.5,0.5,0.5,0.5,0.5,0.5,0.5,0.5,1,0,0,neutral,Unknown,individual,unknown,original,yes,0,0,0,0,0,0,0,0,0,0,0,0
365,308037,29782,81016,10.343059566180914,221.96164383561643,0,0,0.5,1.0,0.0,0,0,0.0,0.0,0.0,0.0,0.0,0.0,0.0,0.0,0.0,0,0,0,0.5,0.5,0.5,0.5,0.5,0.5,0.5,0.5,0.5,1,0,0,neutral,Unknown,individual,unknown,original,yes,0,0,0,0,0,0,0,0,0,0,0,0
365,851,106,2404,8.028301886792454,6.586301369863014,0,0,0.5,1.0,0.0,0,0,0.0,0.0,0.0,0.0,0.0,0.0,0.0,0.0,0.0,0,0,0,0.5,0.5,0.5,0.5,0.5,0.5,0.5,0.5,0.5,1,0,0,neutral,Unknown,individual,unknown,original,yes,0,0,0,0,0,0,0,0,0,0,0,0
365,11793,1436,11547,8.212395543175488,31.635616438356163,0,0,0.5,1.0,0.0,0,0,0.0,0.0,0.0,0.0,0.0,0.0,0.0,0.0,0.0,0,0,0,0.5,0.5,0.5,0.5,0.5,0.5,0.5,0.5,0.5,1,0,0,neutral,Unknown,individual,unknown,original,yes,0,0,0,0,0,0,0,0,0,0,0,0
365,5291,1422,5899,3.720815752461322,16.161643835616438,0,0,0.5,1.0,0.0,0,0,0.0,0.0,0.0,0.0,0.0,0.0,0.0,0.0,0.0,0,0,0,0.5,0.5,0.5,0.5,0.5,0.5,0.5,0.5,0.5,1,0,0,neutral,Unknown,individual,unknown,original,yes,0,0,0,0,0,0,0,0,0,0,0,0
365,6112,2136,36678,2.8614232209737827,100.4876712328767,0,0,0.5,1.0,0.0,0,0,0.0,0.0,0.0,0.0,0.0,0.0,0.0,0.0,0.0,0,0,0,0.5,0.5,0.5,0.5,0.5,0.5,0.5,0.5,0.5,1,0,0,neutral,Unknown,individual,unknown,original,yes,0,0,0,0,0,0,0,0,0,0,0,0
365,18804,2417,95047,7.779892428630534,260.4027397260274,0,0,0.5,1.0,0.0,0,0,0.0,0.0,0.0,0.0,0.0,0.0,0.0,0.0,0.0,0,0,0,0.5,0.5,0.5,0.5,0.5,0.5,0.5,0.5,0.5,1,0,0,neutral,Unknown,individual,unknown,original,yes,0,0,0,0,0,0,0,0,0,0,0,0
365,9246,373,1527,24.788203753351205,4.183561643835616,0,0,0.5,1.0,0.0,0,0,0.0,0.0,0.0,0.0,0.0,0.0,0.0,0.0,0.0,0,0,0,0.5,0.5,0.5,0.5,0.5,0.5,0.5,0.5,0.5,1,0,0,neutral,Unknown,individual,unknown,original,yes,0,0,0,0,0,0,0,0,0,0,0,0
365,2722,559,98045,4.869409660107334,268.6164383561644,0,0,0.5,1.0,0.0,0,0,0.0,0.0,0.0,0.0,0.0,0.0,0.0,0.0,0.0,0,0,0,0.5,0.5,0.5,0.5,0.5,0.5,0.5,0.5,0.5,1,0,0,neutral,Unknown,individual,unknown,original,yes,0,0,0,0,0,0,0,0,0,0,0,0
365,44713,528,14770,84.68371212121212,40.465753424657535,0,0,0.5,1.0,0.0,0,0,0.0,0.0,0.0,0.0,0.0,0.0,0.0,0.0,0.0,0,0,0,0.5,0.5,0.5,0.5,0.5,0.5,0.5,0.5,0.5,1,0,0,neutral,Unknown,individual,unknown,original,yes,0,0,0,0,0,0,0,0,0,0,0,0
365,282514,1685,26384,167.66409495548962,72.28493150684932,0,0,0.5,1.0,0.0,0,0,0.0,0.0,0.0,0.0,0.0,0.0,0.0,0.0,0.0,0,0,0,0.5,0.5,0.5,0.4,0.5,0.5,0.5,0.4600000000000001,0.5,1,0,0,neutral,Unknown,individual,unknown,original,yes,0,0,0,0,0,0,0,0,0,0,0,0
365,36966,2215,5993,16.688939051918737,16.41917808219178,0,0,0.5,1.0,0.0,0,0,0.0,0.0,0.0,0.0,0.0,0.0,0.0,0.0,0.0,0,0,0,0.5,0.5,0.5,0.5,0.5,0.5,0.5,0.5,0.5,1,0,0,neutral,Unknown,individual,unknown,original,yes,0,0,0,0,0,0,0,0,0,0,0,0
365,5618,3600,31374,1.5605555555555555,85.95616438356164,0,0,0.5,1.0,0.0,0,0,0.0,0.0,0.0,0.0,0.0,0.0,0.0,0.0,0.0,0,0,0,0.5,0.5,0.5,0.5,0.5,0.5,0.5,0.5,0.5,1,0,0,neutral,Unknown,individual,unknown,original,yes,0,0,0,0,0,0,0,0,0,0,0,0
365,4243,775,12447,5.474838709677419,34.1013698630137,0,0,0.5,1.0,0.0,0,0,0.0,0.0,0.0,0.0,0.0,0.0,0.0,0.0,0.0,0,0,0,0.5,0.5,0.5,0.5,0.5,0.5,0.5,0.5,0.5,1,0,0,neutral,Unknown,individual,unknown,original,yes,0,0,0,0,0,0,0,0,0,0,0,0
365,34928,1053,11006,33.16999050332384,30.153424657534245,0,0,0.5,1.0,0.0,0,0,0.0,0.0,0.0,0.0,0.0,0.0,0.0,0.0,0.0,0,0,0,0.5,0.5,0.5,0.5,0.5,0.5,0.5,0.5,0.5,1,0,0,neutral,Unknown,individual,unknown,original,yes,0,0,0,0,0,0,0,0,0,0,0,0
365,117488,1059,27574,110.9423984891407,75.54520547945205,0,0,0.5,1.0,0.0,0,0,0.0,0.0,0.0,0.0,0.0,0.0,0.0,0.0,0.0,0,0,0,0.5,0.5,0.5,0.4,0.5,0.5,0.5,0.4600000000000001,0.5,1,0,0,neutral,Unknown,individual,unknown,original,yes,0,0,0,0,0,0,0,0,0,0,0,0
365,21260,4918,99509,4.322895485969906,272.627397260274,0,0,0.5,1.0,0.0,0,0,0.0,0.0,0.0,0.0,0.0,0.0,0.0,0.0,0.0,0,0,0,0.5,0.5,0.5,0.5,0.5,0.5,0.5,0.5,0.5,1,0,0,neutral,Unknown,individual,unknown,original,yes,0,0,0,0,0,0,0,0,0,0,0,0
365,109394,1666,15804,65.6626650660264,43.298630136986304,0,0,0.5,1.0,0.0,0,0,0.0,0.0,0.0,0.0,0.0,0.0,0.0,0.0,0.0,0,0,0,0.5,0.5,0.5,0.5,0.5,0.5,0.5,0.5,0.5,1,0,0,neutral,Unknown,individual,unknown,original,yes,0,0,0,0,0,0,0,0,0,0,0,0
365,12047,1447,59887,8.325501036627506,164.07397260273973,0,0,0.5,1.0,0.0,0,0,0.0,0.0,0.0,0.0,0.0,0.0,0.0,0.0,0.0,0,0,0,0.5,0.5,0.5,0.5,0.5,0.5,0.5,0.5,0.5,1,0,0,neutral,Unknown,individual,unknown,original,yes,0,0,0,0,0,0,0,0,0,0,0,0
365,12116,422,3520,28.71090047393365,9.643835616438356,0,0,0.5,1.0,0.0,0,0,0.0,0.0,0.0,0.0,0.0,0.0,0.0,0.0,0.0,0,0,0,0.5,0.5,0.5,0.5,0.5,0.5,0.5,0.5,0.5,1,0,0,neutral,Unknown,individual,unknown,original,yes,0,0,0,0,0,0,0,0,0,0,0,0
365,24333,233,54064,104.43347639484979,148.1205479452055,0,0,0.5,1.0,0.0,0,0,0.0,0.0,0.0,0.0,0.0,0.0,0.0,0.0,0.0,0,0,0,0.5,0.5,0.5,0.4,0.5,0.5,0.5,0.4600000000000001,0.5,1,0,0,neutral,Unknown,individual,unknown,original,yes,0,0,0,0,0,0,0,0,0,0,0,0
365,2244,1919,3887,1.1693590411672745,10.64931506849315,0,0,0.5,1.0,0.0,0,0,0.0,0.0,0.0,0.0,0.0,0.0,0.0,0.0,0.0,0,0,0,0.5,0.5,0.5,0.5,0.5,0.5,0.5,0.5,0.5,1,0,0,neutral,Unknown,individual,unknown,original,yes,0,0,0,0,0,0,0,0,0,0,0,0
365,6773,926,13935,7.314254859611231,38.178082191780824,0,0,0.5,1.0,0.0,0,0,0.0,0.0,0.0,0.0,0.0,0.0,0.0,0.0,0.0,0,0,0,0.5,0.5,0.5,0.5,0.5,0.5,0.5,0.5,0.5,1,0,0,neutral,Unknown,individual,unknown,original,yes,0,0,0,0,0,0,0,0,0,0,0,0
365,13675,1406,21156,9.726173541963016,57.961643835616435,0,0,0.5,1.0,0.0,0,0,0.0,0.0,0.0,0.0,0.0,0.0,0.0,0.0,0.0,0,0,0,0.5,0.5,0.5,0.5,0.5,0.5,0.5,0.5,0.5,1,0,0,neutral,Unknown,individual,unknown,original,yes,0,0,0,0,0,0,0,0,0,0,0,0
365,5171,1139,11767,4.539947322212467,32.23835616438356,0,0,0.5,1.0,0.0,0,0,0.0,0.0,0.0,0.0,0.0,0.0,0.0,0.0,0.0,0,0,0,0.5,0.5,0.5,0.5,0.5,0.5,0.5,0.5,0.5,1,0,0,neutral,Unknown,individual,unknown,original,yes,0,0,0,0,0,0,0,0,0,0,0,0
365,102263,2907,21172,35.1781905744754,58.00547945205479,0,0,0.5,1.0,0.0,0,0,0.0,0.0,0.0,0.0,0.0,0.0,0.0,0.0,0.0,0,0,0,0.5,0.5,0.5,0.5,0.5,0.5,0.5,0.5,0.5,1,0,0,neutral,Unknown,individual,unknown,original,yes,0,0,0,0,0,0,0,0,0,0,0,0
365,118302,1463,1483,80.86261107313739,4.063013698630137,0,0,0.5,1.0,0.0,0,0,0.0,0.0,0.0,0.0,0.0,0.0,0.0,0.0,0.0,0,0,0,0.5,0.5,0.5,0.5,0.5,0.5,0.5,0.5,0.5,1,0,0,neutral,Unknown,individual,unknown,original,yes,0,0,0,0,0,0,0,0,0,0,0,0
365,5343,789,43556,6.771863117870723,119.33150684931506,0,0,0.5,1.0,0.0,0,0,0.0,0.0,0.0,0.0,0.0,0.0,0.0,0.0,0.0,0,0,0,0.5,0.5,0.5,0.5,0.5,0.5,0.5,0.5,0.5,1,0,0,neutral,Unknown,individual,unknown,original,yes,0,0,0,0,0,0,0,0,0,0,0,0
365,5983,462,7872,12.95021645021645,21.567123287671233,0,0,0.5,1.0,0.0,0,0,0.0,0.0,0.0,0.0,0.0,0.0,0.0,0.0,0.0,0,0,0,0.5,0.5,0.5,0.5,0.5,0.5,0.5,0.5,0.5,1,0,0,neutral,Unknown,individual,unknown,original,yes,0,0,0,0,0,0,0,0,0,0,0,0
365,204329,928,13335,220.18211206896552,36.534246575342465,0,0,0.5,1.0,0.0,0,0,0.0,0.0,0.0,0.0,0.0,0.0,0.0,0.0,0.0,0,0,0,0.5,0.5,0.5,0.4,0.5,0.5,0.5,0.4600000000000001,0.5,1,0,0,neutral,Unknown,individual,unknown,original,yes,0,0,0,0,0,0,0,0,0,0,0,0
365,3718,1916,19895,1.9405010438413361,54.50684931506849,0,0,0.5,1.0,0.0,0,0,0.0,0.0,0.0,0.0,0.0,0.0,0.0,0.0,0.0,0,0,0,0.5,0.5,0.5,0.5,0.5,0.5,0.5,0.5,0.5,1,0,0,neutral,Unknown,individual,unknown,original,yes,0,0,0,0,0,0,0,0,0,0,0,0
365,5454,7005,69438,0.7785867237687366,190.24109589041095,0,0,0.5,1.0,0.0,0,0,0.0,0.0,0.0,0.0,0.0,0.0,0.0,0.0,0.0,0,0,0,0.5,0.5,0.5,0.5,0.5,0.5,0.5,0.5,0.5,1,0,0,neutral,Unknown,individual,unknown,original,yes,0,0,0,0,0,0,0,0,0,0,0,0
365,6961,2020,37519,3.446039603960396,102.79178082191781,0,0,0.5,1.0,0.0,0,0,0.0,0.0,0.0,0.0,0.0,0.0,0.0,0.0,0.0,0,0,0,0.5,0.5,0.5,0.5,0.5,0.5,0.5,0.5,0.5,1,0,0,neutral,Unknown,individual,unknown,original,yes,0,0,0,0,0,0,0,0,0,0,0,0
365,1751,1316,12185,1.330547112462006,33.38356164383562,0,0,0.5,1.0,0.0,0,0,0.0,0.0,0.0,0.0,0.0,0.0,0.0,0.0,0.0,0,0,0,0.5,0.5,0.5,0.5,0.5,0.5,0.5,0.5,0.5,1,0,0,neutral,Unknown,individual,unknown,original,yes,0,0,0,0,0,0,0,0,0,0,0,0
365,734,775,3467,0.9470967741935484,9.498630136986302,0,0,0.5,1.0,0.0,0,0,0.0,0.0,0.0,0.0,0.0,0.0,0.0,0.0,0.0,0,0,0,0.5,0.5,0.5,0.5,0.5,0.5,0.5,0.5,0.5,1,0,0,neutral,Unknown,individual,unknown,original,yes,0,0,0,0,0,0,0,0,0,0,0,0
365,86785,443,2605,195.90293453724604,7.136986301369863,0,0,0.5,1.0,0.0,0,0,0.0,0.0,0.0,0.0,0.0,0.0,0.0,0.0,0.0,0,0,0,0.5,0.5,0.5,0.4,0.5,0.5,0.5,0.4600000000000001,0.5,1,0,0,neutral,Unknown,individual,unknown,original,yes,0,0,0,0,0,0,0,0,0,0,0,0
365,24211,4,3046,6052.75,8.345205479452055,0,0,0.5,1.0,0.0,0,0,0.0,0.0,0.0,0.0,0.0,0.0,0.0,0.0,0.0,0,0,0,0.5,0.5,0.5,0.4,0.5,0.5,0.5,0.4600000000000001,0.5,1,0,0,neutral,Unknown,individual,unknown,original,yes,0,0,0,0,0,0,0,0,0,0,0,0
365,3103,402,5412,7.718905472636816,14.827397260273973,0,0,0.5,1.0,0.0,0,0,0.0,0.0,0.0,0.0,0.0,0.0,0.0,0.0,0.0,0,0,0,0.5,0.5,0.5,0.5,0.5,0.5,0.5,0.5,0.5,1,0,0,neutral,Unknown,individual,unknown,original,no,0,0,0,0,0,0,0,0,0,0,0,0
365,3902,2322,13870,1.6804478897502153,38.0,0,0,0.5,1.0,0.0,0,0,0.0,0.0,0.0,0.0,0.0,0.0,0.0,0.0,0.0,0,0,0,0.5,0.5,0.5,0.5,0.5,0.5,0.5,0.5,0.5,1,0,0,neutral,Unknown,individual,unknown,original,no,0,0,0,0,0,0,0,0,0,0,0,0
365,16650943,1127,277948,14774.572315882875,761.5013698630137,0,0,0.5,1.0,0.0,0,0,0.0,0.0,0.0,0.0,0.0,0.0,0.0,0.0,0.0,0,0,0,0.5,0.5,0.5,0.4,0.5,0.5,0.5,0.4600000000000001,0.5,1,0,0,neutral,Unknown,individual,unknown,original,yes,0,0,0,0,0,0,0,0,0,0,0,0
365,6452,1633,6951,3.9510104102878136,19.043835616438358,0,0,0.5,1.0,0.0,0,0,0.0,0.0,0.0,0.0,0.0,0.0,0.0,0.0,0.0,0,0,0,0.5,0.5,0.5,0.5,0.5,0.5,0.5,0.5,0.5,1,0,0,neutral,Unknown,individual,unknown,original,yes,0,0,0,0,0,0,0,0,0,0,0,0
365,980,970,13508,1.0103092783505154,37.00821917808219,0,0,0.5,1.0,0.0,0,0,0.0,0.0,0.0,0.0,0.0,0.0,0.0,0.0,0.0,0,0,0,0.5,0.5,0.5,0.5,0.5,0.5,0.5,0.5,0.5,1,0,0,neutral,Unknown,individual,unknown,original,yes,0,0,0,0,0,0,0,0,0,0,0,0
365,3063,1898,8856,1.613804004214963,24.263013698630136,0,0,0.5,1.0,0.0,0,0,0.0,0.0,0.0,0.0,0.0,0.0,0.0,0.0,0.0,0,0,0,0.5,0.5,0.5,0.5,0.5,0.5,0.5,0.5,0.5,1,0,0,neutral,Unknown,individual,unknown,original,yes,0,0,0,0,0,0,0,0,0,0,0,0
365,187585,194,2684,966.9329896907217,7.353424657534247,0,0,0.5,1.0,0.0,0,0,0.0,0.0,0.0,0.0,0.0,0.0,0.0,0.0,0.0,0,0,0,0.5,0.5,0.5,0.4,0.5,0.5,0.5,0.4600000000000001,0.5,1,0,0,neutral,Unknown,individual,unknown,original,yes,0,0,0,0,0,0,0,0,0,0,0,0
365,20278,4339,30276,4.673427056925559,82.94794520547946,0,0,0.5,1.0,0.0,0,0,0.0,0.0,0.0,0.0,0.0,0.0,0.0,0.0,0.0,0,0,0,0.5,0.5,0.5,0.5,0.5,0.5,0.5,0.5,0.5,1,0,0,neutral,Unknown,individual,unknown,original,yes,0,0,0,0,0,0,0,0,0,0,0,0
365,6163,2062,22128,2.9888457807953444,60.62465753424657,0,0,0.5,1.0,0.0,0,0,0.0,0.0,0.0,0.0,0.0,0.0,0.0,0.0,0.0,0,0,0,0.5,0.5,0.5,0.5,0.5,0.5,0.5,0.5,0.5,1,0,0,neutral,Unknown,individual,unknown,original,yes,0,0,0,0,0,0,0,0,0,0,0,0
365,18387,1987,59515,9.25364871665828,163.05479452054794,0,0,0.5,1.0,0.0,0,0,0.0,0.0,0.0,0.0,0.0,0.0,0.0,0.0,0.0,0,0,0,0.5,0.5,0.5,0.5,0.5,0.5,0.5,0.5,0.5,1,0,0,neutral,Unknown,individual,unknown,original,yes,0,0,0,0,0,0,0,0,0,0,0,0
365,2019,1049,29847,1.9246901811248809,81.77260273972603,0,0,0.5,1.0,0.0,0,0,0.0,0.0,0.0,0.0,0.0,0.0,0.0,0.0,0.0,0,0,0,0.5,0.5,0.5,0.5,0.5,0.5,0.5,0.5,0.5,1,0,0,neutral,Unknown,individual,unknown,original,yes,0,0,0,0,0,0,0,0,0,0,0,0
365,1751140,3873,55093,452.14045959204753,150.93972602739726,0,0,0.5,1.0,0.0,0,0,0.0,0.0,0.0,0.0,0.0,0.0,0.0,0.0,0.0,0,0,0,0.5,0.5,0.5,0.4,0.5,0.5,0.5,0.4600000000000001,0.5,1,0,0,neutral,Unknown,individual,unknown,original,yes,0,0,0,0,0,0,0,0,0,0,0,0
365,3314,2004,30585,1.6536926147704591,83.79452054794521,0,0,0.5,1.0,0.0,0,0,0.0,0.0,0.0,0.0,0.0,0.0,0.0,0.0,0.0,0,0,0,0.5,0.5,0.5,0.5,0.5,0.5,0.5,0.5,0.5,1,0,0,neutral,Unknown,individual,unknown,original,yes,0,0,0,0,0,0,0,0,0,0,0,0
365,2789,3620,1936,0.7704419889502763,5.304109589041096,0,0,0.5,1.0,0.0,0,0,0.0,0.0,0.0,0.0,0.0,0.0,0.0,0.0,0.0,0,0,0,0.5,0.5,0.5,0.5,0.5,0.5,0.5,0.5,0.5,1,0,0,neutral,Unknown,individual,unknown,original,yes,0,0,0,0,0,0,0,0,0,0,0,0
365,21638,776,84464,27.8840206185567,231.4082191780822,0,0,0.5,1.0,0.0,0,0,0.0,0.0,0.0,0.0,0.0,0.0,0.0,0.0,0.0,0,0,0,0.5,0.5,0.5,0.5,0.5,0.5,0.5,0.5,0.5,1,0,0,neutral,Unknown,individual,unknown,original,yes,0,0,0,0,0,0,0,0,0,0,0,0
365,5112,995,17008,5.137688442211055,46.5972602739726,0,0,0.5,1.0,0.0,0,0,0.0,0.0,0.0,0.0,0.0,0.0,0.0,0.0,0.0,0,0,0,0.5,0.5,0.5,0.5,0.5,0.5,0.5,0.5,0.5,1,0,0,neutral,Unknown,individual,unknown,original,yes,0,0,0,0,0,0,0,0,0,0,0,0
365,16108,2061,8385,7.815623483745754,22.972602739726028,0,0,0.5,1.0,0.0,0,0,0.0,0.0,0.0,0.0,0.0,0.0,0.0,0.0,0.0,0,0,0,0.5,0.5,0.5,0.5,0.5,0.5,0.5,0.5,0.5,1,0,0,neutral,Unknown,individual,unknown,original,yes,0,0,0,0,0,0,0,0,0,0,0,0
365,173726,449,6042,386.91759465478845,16.553424657534247,0,0,0.5,1.0,0.0,0,0,0.0,0.0,0.0,0.0,0.0,0.0,0.0,0.0,0.0,0,0,0,0.5,0.5,0.5,0.4,0.5,0.5,0.5,0.4600000000000001,0.5,1,0,0,neutral,Unknown,individual,unknown,original,yes,0,0,0,0,0,0,0,0,0,0,0,0
365,4012,1462,5758,2.744186046511628,15.775342465753425,0,0,0.5,1.0,0.0,0,0,0.0,0.0,0.0,0.0,0.0,0.0,0.0,0.0,0.0,0,0,0,0.5,0.5,0.5,0.5,0.5,0.5,0.5,0.5,0.5,1,0,0,neutral,Unknown,individual,unknown,original,yes,0,0,0,0,0,0,0,0,0,0,0,0
365,1937396,1408,44325,1375.9914772727273,121.43835616438356,0,0,0.5,1.0,0.0,0,0,0.0,0.0,0.0,0.0,0.0,0.0,0.0,0.0,0.0,0,0,0,0.5,0.5,0.5,0.4,0.5,0.5,0.5,0.4600000000000001,0.5,1,0,0,neutral,Unknown,individual,unknown,original,yes,0,0,0,0,0,0,0,0,0,0,0,0
365,106482,3973,38,26.801409514220992,0.10410958904109589,0,0,0.5,1.0,0.0,0,0,0.0,0.0,0.0,0.0,0.0,0.0,0.0,0.0,0.0,0,0,0,0.5,0.5,0.5,0.5,0.5,0.5,0.5,0.5,0.5,1,0,0,neutral,Unknown,individual,unknown,original,yes,0,0,0,0,0,0,0,0,0,0,0,0
365,7107,1388,1207,5.120317002881844,3.3068493150684932,0,0,0.5,1.0,0.0,0,0,0.0,0.0,0.0,0.0,0.0,0.0,0.0,0.0,0.0,0,0,0,0.5,0.5,0.5,0.5,0.5,0.5,0.5,0.5,0.5,1,0,0,neutral,Unknown,individual,unknown,original,yes,0,0,0,0,0,0,0,0,0,0,0,0
365,12324,769,6976,16.0260078023407,19.112328767123287,0,0,0.5,1.0,0.0,0,0,0.0,0.0,0.0,0.0,0.0,0.0,0.0,0.0,0.0,0,0,0,0.5,0.5,0.5,0.5,0.5,0.5,0.5,0.5,0.5,1,0,0,neutral,Unknown,individual,unknown,original,yes,0,0,0,0,0,0,0,0,0,0,0,0
365,13721,4611,19344,2.9757102580785078,52.9972602739726,0,0,0.5,1.0,0.0,0,0,0.0,0.0,0.0,0.0,0.0,0.0,0.0,0.0,0.0,0,0,0,0.5,0.5,0.5,0.5,0.5,0.5,0.5,0.5,0.5,1,0,0,neutral,Unknown,individual,unknown,original,yes,0,0,0,0,0,0,0,0,0,0,0,0
365,270100,906,11192,298.12362030905075,30.663013698630138,0,0,0.5,1.0,0.0,0,0,0.0,0.0,0.0,0.0,0.0,0.0,0.0,0.0,0.0,0,0,0,0.5,0.5,0.5,0.4,0.5,0.5,0.5,0.4600000000000001,0.5,1,0,0,neutral,Unknown,individual,unknown,original,yes,0,0,0,0,0,0,0,0,0,0,0,0
365,11989,1407,4616,8.520966595593462,12.646575342465754,0,0,0.5,1.0,0.0,0,0,0.0,0.0,0.0,0.0,0.0,0.0,0.0,0.0,0.0,0,0,0,0.5,0.5,0.5,0.5,0.5,0.5,0.5,0.5,0.5,1,0,0,neutral,Unknown,individual,unknown,original,yes,0,0,0,0,0,0,0,0,0,0,0,0
365,3298,791,9580,4.169405815423515,26.246575342465754,0,0,0.5,1.0,0.0,0,0,0.0,0.0,0.0,0.0,0.0,0.0,0.0,0.0,0.0,0,0,0,0.5,0.5,0.5,0.5,0.5,0.5,0.5,0.5,0.5,1,0,0,neutral,Unknown,individual,unknown,original,yes,0,0,0,0,0,0,0,0,0,0,0,0
365,11129,1217,55425,9.144617912900575,151.84931506849315,0,0,0.5,1.0,0.0,0,0,0.0,0.0,0.0,0.0,0.0,0.0,0.0,0.0,0.0,0,0,0,0.5,0.5,0.5,0.5,0.5,0.5,0.5,0.5,0.5,1,0,0,neutral,Unknown,individual,unknown,original,yes,0,0,0,0,0,0,0,0,0,0,0,0
365,62504,2046,27746,30.549364613880744,76.01643835616439,0,0,0.5,1.0,0.0,0,0,0.0,0.0,0.0,0.0,0.0,0.0,0.0,0.0,0.0,0,0,0,0.5,0.5,0.5,0.5,0.5,0.5,0.5,0.5,0.5,1,0,0,neutral,Unknown,individual,unknown,original,yes,0,0,0,0,0,0,0,0,0,0,0,0
365,532476,2014,37045,264.38728897715987,101.4931506849315,0,0,0.5,1.0,0.0,0,0,0.0,0.0,0.0,0.0,0.0,0.0,0.0,0.0,0.0,0,0,0,0.5,0.5,0.5,0.4,0.5,0.5,0.5,0.4600000000000001,0.5,1,0,0,neutral,Unknown,individual,unknown,original,yes,0,0,0,0,0,0,0,0,0,0,0,0
365,50808,1492,37886,34.05361930294906,103.7972602739726,0,0,0.5,1.0,0.0,0,0,0.0,0.0,0.0,0.0,0.0,0.0,0.0,0.0,0.0,0,0,0,0.5,0.5,0.5,0.5,0.5,0.5,0.5,0.5,0.5,1,0,0,neutral,Unknown,individual,unknown,original,yes,0,0,0,0,0,0,0,0,0,0,0,0
365,4648,1781,4505,2.609769792251544,12.342465753424657,0,0,0.5,1.0,0.0,0,0,0.0,0.0,0.0,0.0,0.0,0.0,0.0,0.0,0.0,0,0,0,0.5,0.5,0.5,0.5,0.5,0.5,0.5,0.5,0.5,1,0,0,neutral,Unknown,individual,unknown,original,yes,0,0,0,0,0,0,0,0,0,0,0,0
365,23471,2359,59716,9.949554896142434,163.6054794520548,0,0,0.5,1.0,0.0,0,0,0.0,0.0,0.0,0.0,0.0,0.0,0.0,0.0,0.0,0,0,0,0.5,0.5,0.5,0.5,0.5,0.5,0.5,0.5,0.5,1,0,0,neutral,Unknown,individual,unknown,original,yes,0,0,0,0,0,0,0,0,0,0,0,0
365,38448,10605,35465,3.6254596888260253,97.16438356164383,0,0,0.5,1.0,0.0,0,0,0.0,0.0,0.0,0.0,0.0,0.0,0.0,0.0,0.0,0,0,0,0.5,0.5,0.5,0.5,0.5,0.5,0.5,0.5,0.5,1,0,0,neutral,Unknown,individual,unknown,original,yes,0,0,0,0,0,0,0,0,0,0,0,0
365,1696,1399,3063,1.2122944960686204,8.391780821917807,0,0,0.5,1.0,0.0,0,0,0.0,0.0,0.0,0.0,0.0,0.0,0.0,0.0,0.0,0,0,0,0.5,0.5,0.5,0.5,0.5,0.5,0.5,0.5,0.5,1,0,0,neutral,Unknown,individual,unknown,original,yes,0,0,0,0,0,0,0,0,0,0,0,0
365,13160,12869,34937,1.0226124796021447,95.71780821917808,0,0,0.5,1.0,0.0,0,0,0.0,0.0,0.0,0.0,0.0,0.0,0.0,0.0,0.0,0,0,0,0.5,0.5,0.5,0.5,0.5,0.5,0.5,0.5,0.5,1,0,0,neutral,Unknown,individual,unknown,original,yes,0,0,0,0,0,0,0,0,0,0,0,0
365,7893,2283,12915,3.457293035479632,35.38356164383562,0,0,0.5,1.0,0.0,0,0,0.0,0.0,0.0,0.0,0.0,0.0,0.0,0.0,0.0,0,0,0,0.5,0.5,0.5,0.5,0.5,0.5,0.5,0.5,0.5,1,0,0,neutral,Unknown,individual,unknown,original,yes,0,0,0,0,0,0,0,0,0,0,0,0
365,8876,1279,25371,6.939796716184519,69.5095890410959,0,0,0.5,1.0,0.0,0,0,0.0,0.0,0.0,0.0,0.0,0.0,0.0,0.0,0.0,0,0,0,0.5,0.5,0.5,0.5,0.5,0.5,0.5,0.5,0.5,1,0,0,neutral,Unknown,individual,unknown,original,yes,0,0,0,0,0,0,0,0,0,0,0,0
365,7818,791,11587,9.883691529709228,31.745205479452054,0,0,0.5,1.0,0.0,0,0,0.0,0.0,0.0,0.0,0.0,0.0,0.0,0.0,0.0,0,0,0,0.5,0.5,0.5,0.5,0.5,0.5,0.5,0.5,0.5,1,0,0,neutral,Unknown,individual,unknown,original,yes,0,0,0,0,0,0,0,0,0,0,0,0
365,5494,729,14554,7.536351165980796,39.87397260273973,0,0,0.5,1.0,0.0,0,0,0.0,0.0,0.0,0.0,0.0,0.0,0.0,0.0,0.0,0,0,0,0.5,0.5,0.5,0.5,0.5,0.5,0.5,0.5,0.5,1,0,0,neutral,Unknown,individual,unknown,original,yes,0,0,0,0,0,0,0,0,0,0,0,0
365,966271,2,785427,483135.5,2151.854794520548,0,0,0.5,1.0,0.0,0,0,0.0,0.0,0.0,0.0,0.0,0.0,0.0,0.0,0.0,0,0,0,0.5,0.5,0.5,0.4,0.5,0.5,0.5,0.4600000000000001,0.5,1,0,0,neutral,Unknown,individual,unknown,original,yes,0,0,0,0,0,0,0,0,0,0,0,0
365,2086,320,15309,6.51875,41.942465753424656,0,0,0.5,1.0,0.0,0,0,0.0,0.0,0.0,0.0,0.0,0.0,0.0,0.0,0.0,0,0,0,0.5,0.5,0.5,0.5,0.5,0.5,0.5,0.5,0.5,1,0,0,neutral,Unknown,individual,unknown,original,yes,0,0,0,0,0,0,0,0,0,0,0,0
365,23043,905,33640,25.461878453038675,92.16438356164383,0,0,0.5,1.0,0.0,0,0,0.0,0.0,0.0,0.0,0.0,0.0,0.0,0.0,0.0,0,0,0,0.5,0.5,0.5,0.5,0.5,0.5,0.5,0.5,0.5,1,0,0,neutral,Unknown,individual,unknown,original,yes,0,0,0,0,0,0,0,0,0,0,0,0
365,2048,1515,3748,1.3518151815181518,10.26849315068493,0,0,0.5,1.0,0.0,0,0,0.0,0.0,0.0,0.0,0.0,0.0,0.0,0.0,0.0,0,0,0,0.5,0.5,0.5,0.5,0.5,0.5,0.5,0.5,0.5,1,0,0,neutral,Unknown,individual,unknown,original,yes,0,0,0,0,0,0,0,0,0,0,0,0
365,5092,1381,6717,3.68718320057929,18.4027397260274,0,0,0.5,1.0,0.0,0,0,0.0,0.0,0.0,0.0,0.0,0.0,0.0,0.0,0.0,0,0,0,0.5,0.5,0.5,0.5,0.5,0.5,0.5,0.5,0.5,1,0,0,neutral,Unknown,individual,unknown,original,yes,0,0,0,0,0,0,0,0,0,0,0,0
365,11039,4492,10392,2.457479964381122,28.471232876712328,0,0,0.5,1.0,0.0,0,0,0.0,0.0,0.0,0.0,0.0,0.0,0.0,0.0,0.0,0,0,0,0.5,0.5,0.5,0.5,0.5,0.5,0.5,0.5,0.5,1,0,0,neutral,Unknown,individual,unknown,original,yes,0,0,0,0,0,0,0,0,0,0,0,0
365,5970,1229,16202,4.857607811228641,44.38904109589041,0,0,0.5,1.0,0.0,0,0,0.0,0.0,0.0,0.0,0.0,0.0,0.0,0.0,0.0,0,0,0,0.5,0.5,0.5,0.5,0.5,0.5,0.5,0.5,0.5,1,0,0,neutral,Unknown,individual,unknown,original,yes,0,0,0,0,0,0,0,0,0,0,0,0
365,8157,786,13053,10.377862595419847,35.76164383561644,0,0,0.5,1.0,0.0,0,0,0.0,0.0,0.0,0.0,0.0,0.0,0.0,0.0,0.0,0,0,0,0.5,0.5,0.5,0.5,0.5,0.5,0.5,0.5,0.5,1,0,0,neutral,Unknown,individual,unknown,original,yes,0,0,0,0,0,0,0,0,0,0,0,0
365,16891,1200,56539,14.075833333333334,154.9013698630137,0,0,0.5,1.0,0.0,0,0,0.0,0.0,0.0,0.0,0.0,0.0,0.0,0.0,0.0,0,0,0,0.5,0.5,0.5,0.5,0.5,0.5,0.5,0.5,0.5,1,0,0,neutral,Unknown,individual,unknown,original,yes,0,0,0,0,0,0,0,0,0,0,0,0
365,64677,8851,27409,7.307309908484917,75.0931506849315,0,0,0.5,1.0,0.0,0,0,0.0,0.0,0.0,0.0,0.0,0.0,0.0,0.0,0.0,0,0,0,0.5,0.5,0.5,0.5,0.5,0.5,0.5,0.5,0.5,1,0,0,neutral,Unknown,individual,unknown,original,yes,0,0,0,0,0,0,0,0,0,0,0,0
365,3134,1574,6505,1.991105463786531,17.82191780821918,0,0,0.5,1.0,0.0,0,0,0.0,0.0,0.0,0.0,0.0,0.0,0.0,0.0,0.0,0,0,0,0.5,0.5,0.5,0.5,0.5,0.5,0.5,0.5,0.5,1,0,0,neutral,Unknown,individual,unknown,original,yes,0,0,0,0,0,0,0,0,0,0,0,0
365,6748,2491,22016,2.708952228020875,60.31780821917808,0,0,0.5,1.0,0.0,0,0,0.0,0.0,0.0,0.0,0.0,0.0,0.0,0.0,0.0,0,0,0,0.5,0.5,0.5,0.5,0.5,0.5,0.5,0.5,0.5,1,0,0,neutral,Unknown,individual,unknown,original,yes,0,0,0,0,0,0,0,0,0,0,0,0
365,20881,1209,56837,17.27129859387924,155.7178082191781,0,0,0.5,1.0,0.0,0,0,0.0,0.0,0.0,0.0,0.0,0.0,0.0,0.0,0.0,0,0,0,0.5,0.5,0.5,0.5,0.5,0.5,0.5,0.5,0.5,1,0,0,neutral,Unknown,individual,unknown,original,yes,0,0,0,0,0,0,0,0,0,0,0,0
365,19698,817,22179,24.11015911872705,60.76438356164383,0,0,0.5,1.0,0.0,0,0,0.0,0.0,0.0,0.0,0.0,0.0,0.0,0.0,0.0,0,0,0,0.5,0.5,0.5,0.5,0.5,0.5,0.5,0.5,0.5,1,0,0,neutral,Unknown,individual,unknown,original,yes,0,0,0,0,0,0,0,0,0,0,0,0
365,2131,1970,1191,1.081725888324873,3.263013698630137,0,0,0.5,1.0,0.0,0,0,0.0,0.0,0.0,0.0,0.0,0.0,0.0,0.0,0.0,0,0,0,0.5,0.5,0.5,0.5,0.5,0.5,0.5,0.5,0.5,1,0,0,neutral,Unknown,individual,unknown,original,yes,0,0,0,0,0,0,0,0,0,0,0,0
365,561036,3235,23031,173.42689335394127,63.0986301369863,0,0,0.5,1.0,0.0,0,0,0.0,0.0,0.0,0.0,0.0,0.0,0.0,0.0,0.0,0,0,0,0.5,0.5,0.5,0.4,0.5,0.5,0.5,0.4600000000000001,0.5,1,0,0,neutral,Unknown,individual,unknown,original,yes,0,0,0,0,0,0,0,0,0,0,0,0
365,7038,1508,21589,4.66710875331565,59.14794520547945,0,0,0.5,1.0,0.0,0,0,0.0,0.0,0.0,0.0,0.0,0.0,0.0,0.0,0.0,0,0,0,0.5,0.5,0.5,0.5,0.5,0.5,0.5,0.5,0.5,1,0,0,neutral,Unknown,individual,unknown,original,yes,0,0,0,0,0,0,0,0,0,0,0,0
365,19630,2217,6588,8.854307622913847,18.04931506849315,0,0,0.5,1.0,0.0,0,0,0.0,0.0,0.0,0.0,0.0,0.0,0.0,0.0,0.0,0,0,0,0.5,0.5,0.5,0.5,0.5,0.5,0.5,0.5,0.5,1,0,0,neutral,Unknown,individual,unknown,original,yes,0,0,0,0,0,0,0,0,0,0,0,0
365,53138,89,870,597.056179775281,2.3835616438356166,0,0,0.5,1.0,0.0,0,0,0.0,0.0,0.0,0.0,0.0,0.0,0.0,0.0,0.0,0,0,0,0.5,0.5,0.5,0.4,0.5,0.5,0.5,0.4600000000000001,0.5,1,0,0,neutral,Unknown,individual,unknown,original,yes,0,0,0,0,0,0,0,0,0,0,0,0
365,10615,4211,12651,2.520778912372358,34.66027397260274,0,0,0.5,1.0,0.0,0,0,0.0,0.0,0.0,0.0,0.0,0.0,0.0,0.0,0.0,0,0,0,0.5,0.5,0.5,0.5,0.5,0.5,0.5,0.5,0.5,1,0,0,neutral,Unknown,individual,unknown,original,yes,0,0,0,0,0,0,0,0,0,0,0,0
365,6078,1030,21993,5.900970873786408,60.25479452054795,0,0,0.5,1.0,0.0,0,0,0.0,0.0,0.0,0.0,0.0,0.0,0.0,0.0,0.0,0,0,0,0.5,0.5,0.5,0.5,0.5,0.5,0.5,0.5,0.5,1,0,0,neutral,Unknown,individual,unknown,original,yes,0,0,0,0,0,0,0,0,0,0,0,0
365,81408,964,34725,84.44813278008299,95.13698630136986,0,0,0.5,1.0,0.0,0,0,0.0,0.0,0.0,0.0,0.0,0.0,0.0,0.0,0.0,0,0,0,0.5,0.5,0.5,0.5,0.5,0.5,0.5,0.5,0.5,1,0,0,neutral,Unknown,individual,unknown,original,yes,0,0,0,0,0,0,0,0,0,0,0,0
365,81822,8902,41184,9.191417658953045,112.83287671232877,0,0,0.5,1.0,0.0,0,0,0.0,0.0,0.0,0.0,0.0,0.0,0.0,0.0,0.0,0,0,0,0.5,0.5,0.5,0.5,0.5,0.5,0.5,0.5,0.5,1,0,0,neutral,Unknown,individual,unknown,original,yes,0,0,0,0,0,0,0,0,0,0,0,0
365,75784,3512,11924,21.57858769931663,32.66849315068493,0,0,0.5,1.0,0.0,0,0,0.0,0.0,0.0,0.0,0.0,0.0,0.0,0.0,0.0,0,0,0,0.5,0.5,0.5,0.5,0.5,0.5,0.5,0.5,0.5,1,0,0,neutral,Unknown,individual,unknown,original,yes,0,0,0,0,0,0,0,0,0,0,0,0
365,39386,2138,132645,18.421889616463986,363.4109589041096,0,0,0.5,1.0,0.0,0,0,0.0,0.0,0.0,0.0,0.0,0.0,0.0,0.0,0.0,0,0,0,0.5,0.5,0.5,0.5,0.5,0.5,0.5,0.5,0.5,1,0,0,neutral,Unknown,individual,unknown,original,yes,0,0,0,0,0,0,0,0,0,0,0,0
365,85347,3036,17713,28.111660079051383,48.52876712328767,0,0,0.5,1.0,0.0,0,0,0.0,0.0,0.0,0.0,0.0,0.0,0.0,0.0,0.0,0,0,0,0.5,0.5,0.5,0.5,0.5,0.5,0.5,0.5,0.5,1,0,0,neutral,Unknown,individual,unknown,original,yes,0,0,0,0,0,0,0,0,0,0,0,0
365,9250,908,60132,10.187224669603523,164.74520547945207,0,0,0.5,1.0,0.0,0,0,0.0,0.0,0.0,0.0,0.0,0.0,0.0,0.0,0.0,0,0,0,0.5,0.5,0.5,0.5,0.5,0.5,0.5,0.5,0.5,1,0,0,neutral,Unknown,individual,unknown,original,yes,0,0,0,0,0,0,0,0,0,0,0,0
365,14617,6159,9701,2.3732748822860854,26.578082191780823,0,0,0.5,1.0,0.0,0,0,0.0,0.0,0.0,0.0,0.0,0.0,0.0,0.0,0.0,0,0,0,0.5,0.5,0.5,0.5,0.5,0.5,0.5,0.5,0.5,1,0,0,neutral,Unknown,individual,unknown,original,yes,0,0,0,0,0,0,0,0,0,0,0,0
365,20901,936,6789,22.330128205128204,18.6,0,0,0.5,1.0,0.0,0,0,0.0,0.0,0.0,0.0,0.0,0.0,0.0,0.0,0.0,0,0,0,0.5,0.5,0.5,0.5,0.5,0.5,0.5,0.5,0.5,1,0,0,neutral,Unknown,individual,unknown,original,yes,0,0,0,0,0,0,0,0,0,0,0,0
365,2808,722,4860,3.889196675900277,13.315068493150685,0,0,0.5,1.0,0.0,0,0,0.0,0.0,0.0,0.0,0.0,0.0,0.0,0.0,0.0,0,0,0,0.5,0.5,0.5,0.5,0.5,0.5,0.5,0.5,0.5,1,0,0,neutral,Unknown,individual,unknown,original,yes,0,0,0,0,0,0,0,0,0,0,0,0
365,11800,1366,3849,8.63836017569546,10.545205479452054,0,0,0.5,1.0,0.0,0,0,0.0,0.0,0.0,0.0,0.0,0.0,0.0,0.0,0.0,0,0,0,0.5,0.5,0.5,0.5,0.5,0.5,0.5,0.5,0.5,1,0,0,neutral,Unknown,individual,unknown,original,yes,0,0,0,0,0,0,0,0,0,0,0,0
365,7465,5200,17941,1.435576923076923,49.153424657534245,0,0,0.5,1.0,0.0,0,0,0.0,0.0,0.0,0.0,0.0,0.0,0.0,0.0,0.0,0,0,0,0.5,0.5,0.5,0.5,0.5,0.5,0.5,0.5,0.5,1,0,0,neutral,Unknown,individual,unknown,original,yes,0,0,0,0,0,0,0,0,0,0,0,0
365,12580,643,61397,19.564541213063762,168.2109589041096,0,0,0.5,1.0,0.0,0,0,0.0,0.0,0.0,0.0,0.0,0.0,0.0,0.0,0.0,0,0,0,0.5,0.5,0.5,0.5,0.5,0.5,0.5,0.5,0.5,1,0,0,neutral,Unknown,individual,unknown,original,yes,0,0,0,0,0,0,0,0,0,0,0,0
365,28855,5273,45624,5.472216954295467,124.9972602739726,0,0,0.5,1.0,0.0,0,0,0.0,0.0,0.0,0.0,0.0,0.0,0.0,0.0,0.0,0,0,0,0.5,0.5,0.5,0.5,0.5,0.5,0.5,0.5,0.5,1,0,0,neutral,Unknown,individual,unknown,original,yes,0,0,0,0,0,0,0,0,0,0,0,0
365,8397,117,224,71.76923076923077,0.6136986301369863,0,0,0.5,1.0,0.0,0,0,0.0,0.0,0.0,0.0,0.0,0.0,0.0,0.0,0.0,0,0,0,0.5,0.5,0.5,0.5,0.5,0.5,0.5,0.5,0.5,1,0,0,neutral,Unknown,individual,unknown,original,yes,0,0,0,0,0,0,0,0,0,0,0,0
365,63274,4169,46466,15.177260733988966,127.30410958904109,0,0,0.5,1.0,0.0,0,0,0.0,0.0,0.0,0.0,0.0,0.0,0.0,0.0,0.0,0,0,0,0.5,0.5,0.5,0.5,0.5,0.5,0.5,0.5,0.5,1,0,0,neutral,Unknown,individual,unknown,original,yes,0,0,0,0,0,0,0,0,0,0,0,0
365,11823,4471,7941,2.644374860210244,21.756164383561643,0,0,0.5,1.0,0.0,0,0,0.0,0.0,0.0,0.0,0.0,0.0,0.0,0.0,0.0,0,0,0,0.5,0.5,0.5,0.5,0.5,0.5,0.5,0.5,0.5,1,0,0,neutral,Unknown,individual,unknown,original,yes,0,0,0,0,0,0,0,0,0,0,0,0
365,14092,871,4788,16.17910447761194,13.117808219178082,0,0,0.5,1.0,0.0,0,0,0.0,0.0,0.0,0.0,0.0,0.0,0.0,0.0,0.0,0,0,0,0.5,0.5,0.5,0.5,0.5,0.5,0.5,0.5,0.5,1,0,0,neutral,Unknown,individual,unknown,original,yes,0,0,0,0,0,0,0,0,0,0,0,0
365,4403,586,6946,7.513651877133106,19.03013698630137,0,0,0.5,1.0,0.0,0,0,0.0,0.0,0.0,0.0,0.0,0.0,0.0,0.0,0.0,0,0,0,0.5,0.5,0.5,0.5,0.5,0.5,0.5,0.5,0.5,1,0,0,neutral,Unknown,individual,unknown,original,yes,0,0,0,0,0,0,0,0,0,0,0,0
365,44023,6080,35694,7.240625,97.79178082191781,0,0,0.5,1.0,0.0,0,0,0.0,0.0,0.0,0.0,0.0,0.0,0.0,0.0,0.0,0,0,0,0.5,0.5,0.5,0.5,0.5,0.5,0.5,0.5,0.5,1,0,0,neutral,Unknown,individual,unknown,original,yes,0,0,0,0,0,0,0,0,0,0,0,0
365,1161,1052,3419,1.1036121673003803,9.367123287671232,0,0,0.5,1.0,0.0,0,0,0.0,0.0,0.0,0.0,0.0,0.0,0.0,0.0,0.0,0,0,0,0.5,0.5,0.5,0.5,0.5,0.5,0.5,0.5,0.5,1,0,0,neutral,Unknown,individual,unknown,original,yes,0,0,0,0,0,0,0,0,0,0,0,0
365,7643,460,27725,16.61521739130435,75.95890410958904,0,0,0.5,1.0,0.0,0,0,0.0,0.0,0.0,0.0,0.0,0.0,0.0,0.0,0.0,0,0,0,0.5,0.5,0.5,0.5,0.5,0.5,0.5,0.5,0.5,1,0,0,neutral,Unknown,individual,unknown,original,yes,0,0,0,0,0,0,0,0,0,0,0,0
365,1880,1396,13709,1.346704871060172,37.558904109589044,0,0,0.5,1.0,0.0,0,0,0.0,0.0,0.0,0.0,0.0,0.0,0.0,0.0,0.0,0,0,0,0.5,0.5,0.5,0.5,0.5,0.5,0.5,0.5,0.5,1,0,0,neutral,Unknown,individual,unknown,original,yes,0,0,0,0,0,0,0,0,0,0,0,0
365,29560,2957,29285,9.996618194115658,80.23287671232876,0,0,0.5,1.0,0.0,0,0,0.0,0.0,0.0,0.0,0.0,0.0,0.0,0.0,0.0,0,0,0,0.5,0.5,0.5,0.5,0.5,0.5,0.5,0.5,0.5,1,0,0,neutral,Unknown,individual,unknown,original,yes,0,0,0,0,0,0,0,0,0,0,0,0
365,49320,6079,30511,8.113176509294291,83.59178082191781,0,0,0.5,1.0,0.0,0,0,0.0,0.0,0.0,0.0,0.0,0.0,0.0,0.0,0.0,0,0,0,0.5,0.5,0.5,0.5,0.5,0.5,0.5,0.5,0.5,1,0,0,neutral,Unknown,individual,unknown,original,yes,0,0,0,0,0,0,0,0,0,0,0,0
365,27313,4449,38194,6.139132389300967,104.64109589041095,0,0,0.5,1.0,0.0,0,0,0.0,0.0,0.0,0.0,0.0,0.0,0.0,0.0,0.0,0,0,0,0.5,0.5,0.5,0.5,0.5,0.5,0.5,0.5,0.5,1,0,0,neutral,Unknown,individual,unknown,original,yes,0,0,0,0,0,0,0,0,0,0,0,0
365,48483,133,11510,364.5338345864662,31.534246575342465,0,0,0.5,1.0,0.0,0,0,0.0,0.0,0.0,0.0,0.0,0.0,0.0,0.0,0.0,0,0,0,0.5,0.5,0.5,0.4,0.5,0.5,0.5,0.4600000000000001,0.5,1,0,0,neutral,Unknown,individual,unknown,original,yes,0,0,0,0,0,0,0,0,0,0,0,0
365,56524,1997,25244,28.304456685027542,69.16164383561645,0,0,0.5,1.0,0.0,0,0,0.0,0.0,0.0,0.0,0.0,0.0,0.0,0.0,0.0,0,0,0,0.5,0.5,0.5,0.5,0.5,0.5,0.5,0.5,0.5,1,0,0,neutral,Unknown,individual,unknown,original,yes,0,0,0,0,0,0,0,0,0,0,0,0
365,4267,616,79047,6.9269480519480515,216.56712328767122,0,0,0.5,1.0,0.0,0,0,0.0,0.0,0.0,0.0,0.0,0.0,0.0,0.0,0.0,0,0,0,0.5,0.5,0.5,0.5,0.5,0.5,0.5,0.5,0.5,1,0,0,neutral,Unknown,individual,unknown,original,yes,0,0,0,0,0,0,0,0,0,0,0,0
365,6931,3911,13578,1.77218102787011,37.2,0,0,0.5,1.0,0.0,0,0,0.0,0.0,0.0,0.0,0.0,0.0,0.0,0.0,0.0,0,0,0,0.5,0.5,0.5,0.5,0.5,0.5,0.5,0.5,0.5,1,0,0,neutral,Unknown,individual,unknown,original,yes,0,0,0,0,0,0,0,0,0,0,0,0
365,90135,2647,54108,34.05175670570457,148.24109589041095,0,0,0.5,1.0,0.0,0,0,0.0,0.0,0.0,0.0,0.0,0.0,0.0,0.0,0.0,0,0,0,0.5,0.5,0.5,0.5,0.5,0.5,0.5,0.5,0.5,1,0,0,neutral,Unknown,individual,unknown,original,yes,0,0,0,0,0,0,0,0,0,0,0,0
365,4614,2976,10161,1.5504032258064515,27.838356164383562,0,0,0.5,1.0,0.0,0,0,0.0,0.0,0.0,0.0,0.0,0.0,0.0,0.0,0.0,0,0,0,0.5,0.5,0.5,0.5,0.5,0.5,0.5,0.5,0.5,1,0,0,neutral,Unknown,individual,unknown,original,yes,0,0,0,0,0,0,0,0,0,0,0,0
365,17387,2091,63582,8.315160210425633,174.1972602739726,0,0,0.5,1.0,0.0,0,0,0.0,0.0,0.0,0.0,0.0,0.0,0.0,0.0,0.0,0,0,0,0.5,0.5,0.5,0.5,0.5,0.5,0.5,0.5,0.5,1,0,0,neutral,Unknown,individual,unknown,original,yes,0,0,0,0,0,0,0,0,0,0,0,0
365,10503,854,9038,12.298594847775176,24.76164383561644,0,0,0.5,1.0,0.0,0,0,0.0,0.0,0.0,0.0,0.0,0.0,0.0,0.0,0.0,0,0,0,0.5,0.5,0.5,0.5,0.5,0.5,0.5,0.5,0.5,1,0,0,neutral,Unknown,individual,unknown,original,yes,0,0,0,0,0,0,0,0,0,0,0,0
365,2259,60,4039,37.65,11.065753424657535,0,0,0.5,1.0,0.0,0,0,0.0,0.0,0.0,0.0,0.0,0.0,0.0,0.0,0.0,0,0,0,0.5,0.5,0.5,0.5,0.5,0.5,0.5,0.5,0.5,1,0,0,neutral,Unknown,individual,unknown,original,yes,0,0,0,0,0,0,0,0,0,0,0,0
365,22309,3296,11499,6.768507281553398,31.504109589041096,0,0,0.5,1.0,0.0,0,0,0.0,0.0,0.0,0.0,0.0,0.0,0.0,0.0,0.0,0,0,0,0.5,0.5,0.5,0.5,0.5,0.5,0.5,0.5,0.5,1,0,0,neutral,Unknown,individual,unknown,original,yes,0,0,0,0,0,0,0,0,0,0,0,0
365,35223,363,5304,97.03305785123968,14.531506849315068,0,0,0.5,1.0,0.0,0,0,0.0,0.0,0.0,0.0,0.0,0.0,0.0,0.0,0.0,0,0,0,0.5,0.5,0.5,0.5,0.5,0.5,0.5,0.5,0.5,1,0,0,neutral,Unknown,individual,unknown,original,yes,0,0,0,0,0,0,0,0,0,0,0,0
365,6641,3074,5124,2.160377358490566,14.038356164383561,0,0,0.5,1.0,0.0,0,0,0.0,0.0,0.0,0.0,0.0,0.0,0.0,0.0,0.0,0,0,0,0.5,0.5,0.5,0.5,0.5,0.5,0.5,0.5,0.5,1,0,0,neutral,Unknown,individual,unknown,original,yes,0,0,0,0,0,0,0,0,0,0,0,0
365,82682,1559,17751,53.03527902501604,48.632876712328766,0,0,0.5,1.0,0.0,0,0,0.0,0.0,0.0,0.0,0.0,0.0,0.0,0.0,0.0,0,0,0,0.5,0.5,0.5,0.5,0.5,0.5,0.5,0.5,0.5,1,0,0,neutral,Unknown,individual,unknown,original,yes,0,0,0,0,0,0,0,0,0,0,0,0
365,17727,5816,43733,3.047971114167813,119.81643835616438,0,0,0.5,1.0,0.0,0,0,0.0,0.0,0.0,0.0,0.0,0.0,0.0,0.0,0.0,0,0,0,0.5,0.5,0.5,0.5,0.5,0.5,0.5,0.5,0.5,1,0,0,neutral,Unknown,individual,unknown,original,yes,0,0,0,0,0,0,0,0,0,0,0,0
365,10404,1518,18864,6.853754940711463,51.68219178082192,0,0,0.5,1.0,0.0,0,0,0.0,0.0,0.0,0.0,0.0,0.0,0.0,0.0,0.0,0,0,0,0.5,0.5,0.5,0.5,0.5,0.5,0.5,0.5,0.5,1,0,0,neutral,Unknown,individual,unknown,original,yes,0,0,0,0,0,0,0,0,0,0,0,0
365,1863,793,10149,2.3493064312736442,27.805479452054794,0,0,0.5,1.0,0.0,0,0,0.0,0.0,0.0,0.0,0.0,0.0,0.0,0.0,0.0,0,0,0,0.5,0.5,0.5,0.5,0.5,0.5,0.5,0.5,0.5,1,0,0,neutral,Unknown,individual,unknown,original,yes,0,0,0,0,0,0,0,0,0,0,0,0
365,43659,1855,77871,23.535849056603773,213.34520547945206,0,0,0.5,1.0,0.0,0,0,0.0,0.0,0.0,0.0,0.0,0.0,0.0,0.0,0.0,0,0,0,0.5,0.5,0.5,0.5,0.5,0.5,0.5,0.5,0.5,1,0,0,neutral,Unknown,individual,unknown,original,yes,0,0,0,0,0,0,0,0,0,0,0,0
365,21616,786,3144,27.501272264631044,8.613698630136986,0,0,0.5,1.0,0.0,0,0,0.0,0.0,0.0,0.0,0.0,0.0,0.0,0.0,0.0,0,0,0,0.5,0.5,0.5,0.5,0.5,0.5,0.5,0.5,0.5,1,0,0,neutral,Unknown,individual,unknown,original,yes,0,0,0,0,0,0,0,0,0,0,0,0
365,12995,28,7006,464.10714285714283,19.194520547945206,0,0,0.5,1.0,0.0,0,0,0.0,0.0,0.0,0.0,0.0,0.0,0.0,0.0,0.0,0,0,0,0.5,0.5,0.5,0.4,0.5,0.5,0.5,0.4600000000000001,0.5,1,0,0,neutral,Unknown,individual,unknown,original,yes,0,0,0,0,0,0,0,0,0,0,0,0
365,3762,1097,39140,3.4293527803099364,107.23287671232876,0,0,0.5,1.0,0.0,0,0,0.0,0.0,0.0,0.0,0.0,0.0,0.0,0.0,0.0,0,0,0,0.5,0.5,0.5,0.5,0.5,0.5,0.5,0.5,0.5,1,0,0,neutral,Unknown,individual,unknown,original,yes,0,0,0,0,0,0,0,0,0,0,0,0
365,6506,216,12391,30.12037037037037,33.94794520547945,0,0,0.5,1.0,0.0,0,0,0.0,0.0,0.0,0.0,0.0,0.0,0.0,0.0,0.0,0,0,0,0.5,0.5,0.5,0.5,0.5,0.5,0.5,0.5,0.5,1,0,0,neutral,Unknown,individual,unknown,original,yes,0,0,0,0,0,0,0,0,0,0,0,0
365,184730,1845,20545,100.12466124661246,56.28767123287671,0,0,0.5,1.0,0.0,0,0,0.0,0.0,0.0,0.0,0.0,0.0,0.0,0.0,0.0,0,0,0,0.5,0.5,0.5,0.4,0.5,0.5,0.5,0.4600000000000001,0.5,1,0,0,neutral,Unknown,individual,unknown,original,yes,0,0,0,0,0,0,0,0,0,0,0,0
365,8461,1085,7871,7.79815668202765,21.564383561643837,0,0,0.5,1.0,0.0,0,0,0.0,0.0,0.0,0.0,0.0,0.0,0.0,0.0,0.0,0,0,0,0.5,0.5,0.5,0.5,0.5,0.5,0.5,0.5,0.5,1,0,0,neutral,Unknown,individual,unknown,original,yes,0,0,0,0,0,0,0,0,0,0,0,0
365,6787,1137,9713,5.969217238346526,26.610958904109587,0,0,0.5,1.0,0.0,0,0,0.0,0.0,0.0,0.0,0.0,0.0,0.0,0.0,0.0,0,0,0,0.5,0.5,0.5,0.5,0.5,0.5,0.5,0.5,0.5,1,0,0,neutral,Unknown,individual,unknown,original,yes,0,0,0,0,0,0,0,0,0,0,0,0
365,189889,999,62991,190.07907907907907,172.57808219178082,0,0,0.5,1.0,0.0,0,0,0.0,0.0,0.0,0.0,0.0,0.0,0.0,0.0,0.0,0,0,0,0.5,0.5,0.5,0.4,0.5,0.5,0.5,0.4600000000000001,0.5,1,0,0,neutral,Unknown,individual,unknown,original,yes,0,0,0,0,0,0,0,0,0,0,0,0
365,3504,918,19945,3.816993464052288,54.64383561643836,0,0,0.5,1.0,0.0,0,0,0.0,0.0,0.0,0.0,0.0,0.0,0.0,0.0,0.0,0,0,0,0.5,0.5,0.5,0.5,0.5,0.5,0.5,0.5,0.5,1,0,0,neutral,Unknown,individual,unknown,original,yes,0,0,0,0,0,0,0,0,0,0,0,0
365,1177,685,8793,1.7182481751824819,24.09041095890411,0,0,0.5,1.0,0.0,0,0,0.0,0.0,0.0,0.0,0.0,0.0,0.0,0.0,0.0,0,0,0,0.5,0.5,0.5,0.5,0.5,0.5,0.5,0.5,0.5,1,0,0,neutral,Unknown,individual,unknown,original,yes,0,0,0,0,0,0,0,0,0,0,0,0
365,17980,1881,29662,9.558745348219032,81.26575342465753,0,0,0.5,1.0,0.0,0,0,0.0,0.0,0.0,0.0,0.0,0.0,0.0,0.0,0.0,0,0,0,0.5,0.5,0.5,0.5,0.5,0.5,0.5,0.5,0.5,1,0,0,neutral,Unknown,individual,unknown,original,yes,0,0,0,0,0,0,0,0,0,0,0,0
365,20463,3332,13439,6.141356542617046,36.81917808219178,0,0,0.5,1.0,0.0,0,0,0.0,0.0,0.0,0.0,0.0,0.0,0.0,0.0,0.0,0,0,0,0.5,0.5,0.5,0.5,0.5,0.5,0.5,0.5,0.5,1,0,0,neutral,Unknown,individual,unknown,original,yes,0,0,0,0,0,0,0,0,0,0,0,0
365,5683,5032,11851,1.1293720190779015,32.46849315068493,0,0,0.5,1.0,0.0,0,0,0.0,0.0,0.0,0.0,0.0,0.0,0.0,0.0,0.0,0,0,0,0.5,0.5,0.5,0.5,0.5,0.5,0.5,0.5,0.5,1,0,0,neutral,Unknown,individual,unknown,original,yes,0,0,0,0,0,0,0,0,0,0,0,0
365,541,476,1869,1.1365546218487395,5.120547945205479,0,0,0.5,1.0,0.0,0,0,0.0,0.0,0.0,0.0,0.0,0.0,0.0,0.0,0.0,0,0,0,0.5,0.5,0.5,0.5,0.5,0.5,0.5,0.5,0.5,1,0,0,neutral,Unknown,individual,unknown,original,yes,0,0,0,0,0,0,0,0,0,0,0,0
365,2475,539,21565,4.591836734693878,59.082191780821915,0,0,0.5,1.0,0.0,0,0,0.0,0.0,0.0,0.0,0.0,0.0,0.0,0.0,0.0,0,0,0,0.5,0.5,0.5,0.5,0.5,0.5,0.5,0.5,0.5,1,0,0,neutral,Unknown,individual,unknown,original,yes,0,0,0,0,0,0,0,0,0,0,0,0
365,21408,1339,117627,15.988050784167289,322.26575342465753,0,0,0.5,1.0,0.0,0,0,0.0,0.0,0.0,0.0,0.0,0.0,0.0,0.0,0.0,0,0,0,0.5,0.5,0.5,0.5,0.5,0.5,0.5,0.5,0.5,1,0,0,neutral,Unknown,individual,unknown,original,yes,0,0,0,0,0,0,0,0,0,0,0,0
365,9117,1443,9959,6.3180873180873185,27.284931506849315,0,0,0.5,1.0,0.0,0,0,0.0,0.0,0.0,0.0,0.0,0.0,0.0,0.0,0.0,0,0,0,0.5,0.5,0.5,0.5,0.5,0.5,0.5,0.5,0.5,1,0,0,neutral,Unknown,individual,unknown,original,yes,0,0,0,0,0,0,0,0,0,0,0,0
365,7537,372,41249,20.260752688172044,113.01095890410959,0,0,0.5,1.0,0.0,0,0,0.0,0.0,0.0,0.0,0.0,0.0,0.0,0.0,0.0,0,0,0,0.5,0.5,0.5,0.5,0.5,0.5,0.5,0.5,0.5,1,0,0,neutral,Unknown,individual,unknown,original,yes,0,0,0,0,0,0,0,0,0,0,0,0
365,25444,407,1815,62.515970515970515,4.972602739726027,0,0,0.5,1.0,0.0,0,0,0.0,0.0,0.0,0.0,0.0,0.0,0.0,0.0,0.0,0,0,0,0.5,0.5,0.5,0.5,0.5,0.5,0.5,0.5,0.5,1,0,0,neutral,Unknown,individual,unknown,original,yes,0,0,0,0,0,0,0,0,0,0,0,0
365,3003,1317,29237,2.2801822323462413,80.1013698630137,0,0,0.5,1.0,0.0,0,0,0.0,0.0,0.0,0.0,0.0,0.0,0.0,0.0,0.0,0,0,0,0.5,0.5,0.5,0.5,0.5,0.5,0.5,0.5,0.5,1,0,0,neutral,Unknown,individual,unknown,original,yes,0,0,0,0,0,0,0,0,0,0,0,0
365,8059,813,37492,9.912669126691267,102.71780821917808,0,0,0.5,1.0,0.0,0,0,0.0,0.0,0.0,0.0,0.0,0.0,0.0,0.0,0.0,0,0,0,0.5,0.5,0.5,0.5,0.5,0.5,0.5,0.5,0.5,1,0,0,neutral,Unknown,individual,unknown,original,yes,0,0,0,0,0,0,0,0,0,0,0,0
365,4966,1979,7913,2.5093481556341586,21.67945205479452,0,0,0.5,1.0,0.0,0,0,0.0,0.0,0.0,0.0,0.0,0.0,0.0,0.0,0.0,0,0,0,0.5,0.5,0.5,0.5,0.5,0.5,0.5,0.5,0.5,1,0,0,neutral,Unknown,individual,unknown,original,yes,0,0,0,0,0,0,0,0,0,0,0,0
365,17154,422,79385,40.649289099526065,217.4931506849315,0,0,0.5,1.0,0.0,0,0,0.0,0.0,0.0,0.0,0.0,0.0,0.0,0.0,0.0,0,0,0,0.5,0.5,0.5,0.5,0.5,0.5,0.5,0.5,0.5,1,0,0,neutral,Unknown,individual,unknown,original,yes,0,0,0,0,0,0,0,0,0,0,0,0
365,14690,1034,9505,14.206963249516441,26.041095890410958,0,0,0.5,1.0,0.0,0,0,0.0,0.0,0.0,0.0,0.0,0.0,0.0,0.0,0.0,0,0,0,0.5,0.5,0.5,0.5,0.5,0.5,0.5,0.5,0.5,1,0,0,neutral,Unknown,individual,unknown,original,yes,0,0,0,0,0,0,0,0,0,0,0,0
365,4780,338,20021,14.142011834319527,54.85205479452055,0,0,0.5,1.0,0.0,0,0,0.0,0.0,0.0,0.0,0.0,0.0,0.0,0.0,0.0,0,0,0,0.5,0.5,0.5,0.5,0.5,0.5,0.5,0.5,0.5,1,0,0,neutral,Unknown,individual,unknown,original,yes,0,0,0,0,0,0,0,0,0,0,0,0
365,2249,2131,4983,1.0553730642890662,13.652054794520549,0,0,0.5,1.0,0.0,0,0,0.0,0.0,0.0,0.0,0.0,0.0,0.0,0.0,0.0,0,0,0,0.5,0.5,0.5,0.5,0.5,0.5,0.5,0.5,0.5,1,0,0,neutral,Unknown,individual,unknown,original,yes,0,0,0,0,0,0,0,0,0,0,0,0
365,15578,568,7117,27.426056338028168,19.4986301369863,0,0,0.5,1.0,0.0,0,0,0.0,0.0,0.0,0.0,0.0,0.0,0.0,0.0,0.0,0,0,0,0.5,0.5,0.5,0.5,0.5,0.5,0.5,0.5,0.5,1,0,0,neutral,Unknown,individual,unknown,original,yes,0,0,0,0,0,0,0,0,0,0,0,0
365,14273,2021,68974,7.062345373577437,188.96986301369864,0,0,0.5,1.0,0.0,0,0,0.0,0.0,0.0,0.0,0.0,0.0,0.0,0.0,0.0,0,0,0,0.5,0.5,0.5,0.5,0.5,0.5,0.5,0.5,0.5,1,0,0,neutral,Unknown,individual,unknown,original,yes,0,0,0,0,0,0,0,0,0,0,0,0
365,6974,718,88533,9.713091922005571,242.55616438356165,0,0,0.5,1.0,0.0,0,0,0.0,0.0,0.0,0.0,0.0,0.0,0.0,0.0,0.0,0,0,0,0.5,0.5,0.5,0.5,0.5,0.5,0.5,0.5,0.5,1,0,0,neutral,Unknown,individual,unknown,original,yes,0,0,0,0,0,0,0,0,0,0,0,0
365,4609,186,2809,24.77956989247312,7.695890410958904,0,0,0.5,1.0,0.0,0,0,0.0,0.0,0.0,0.0,0.0,0.0,0.0,0.0,0.0,0,0,0,0.5,0.5,0.5,0.5,0.5,0.5,0.5,0.5,0.5,1,0,0,neutral,Unknown,individual,unknown,original,yes,0,0,0,0,0,0,0,0,0,0,0,0
365,2976,301,3414,9.887043189368772,9.353424657534246,0,0,0.5,1.0,0.0,0,0,0.0,0.0,0.0,0.0,0.0,0.0,0.0,0.0,0.0,0,0,0,0.5,0.5,0.5,0.5,0.5,0.5,0.5,0.5,0.5,1,0,0,neutral,Unknown,individual,unknown,original,yes,0,0,0,0,0,0,0,0,0,0,0,0
365,12623,135,13217,93.5037037037037,36.21095890410959,0,0,0.5,1.0,0.0,0,0,0.0,0.0,0.0,0.0,0.0,0.0,0.0,0.0,0.0,0,0,0,0.5,0.5,0.5,0.5,0.5,0.5,0.5,0.5,0.5,1,0,0,neutral,Unknown,individual,unknown,original,yes,0,0,0,0,0,0,0,0,0,0,0,0
365,15655,4079,15551,3.8379504780583478,42.605479452054794,0,0,0.5,1.0,0.0,0,0,0.0,0.0,0.0,0.0,0.0,0.0,0.0,0.0,0.0,0,0,0,0.5,0.5,0.5,0.5,0.5,0.5,0.5,0.5,0.5,1,0,0,neutral,Unknown,individual,unknown,original,yes,0,0,0,0,0,0,0,0,0,0,0,0
365,13173,1198,76690,10.995826377295492,210.1095890410959,0,0,0.5,1.0,0.0,0,0,0.0,0.0,0.0,0.0,0.0,0.0,0.0,0.0,0.0,0,0,0,0.5,0.5,0.5,0.5,0.5,0.5,0.5,0.5,0.5,1,0,0,neutral,Unknown,individual,unknown,original,yes,0,0,0,0,0,0,0,0,0,0,0,0
365,13453,6038,574,2.228055647565419,1.5726027397260274,0,0,0.5,1.0,0.0,0,0,0.0,0.0,0.0,0.0,0.0,0.0,0.0,0.0,0.0,0,0,0,0.5,0.5,0.5,0.5,0.5,0.5,0.5,0.5,0.5,1,0,0,neutral,Unknown,individual,unknown,original,yes,0,0,0,0,0,0,0,0,0,0,0,0
365,8918,1484,6912,6.009433962264151,18.936986301369863,0,0,0.5,1.0,0.0,0,0,0.0,0.0,0.0,0.0,0.0,0.0,0.0,0.0,0.0,0,0,0,0.5,0.5,0.5,0.5,0.5,0.5,0.5,0.5,0.5,1,0,0,neutral,Unknown,individual,unknown,original,yes,0,0,0,0,0,0,0,0,0,0,0,0
365,3703,2546,17213,1.4544383346425767,47.15890410958904,0,0,0.5,1.0,0.0,0,0,0.0,0.0,0.0,0.0,0.0,0.0,0.0,0.0,0.0,0,0,0,0.5,0.5,0.5,0.5,0.5,0.5,0.5,0.5,0.5,1,0,0,neutral,Unknown,individual,unknown,original,yes,0,0,0,0,0,0,0,0,0,0,0,0
365,5837,1808,13993,3.228429203539823,38.33698630136986,0,0,0.5,1.0,0.0,0,0,0.0,0.0,0.0,0.0,0.0,0.0,0.0,0.0,0.0,0,0,0,0.5,0.5,0.5,0.5,0.5,0.5,0.5,0.5,0.5,1,0,0,neutral,Unknown,individual,unknown,original,yes,0,0,0,0,0,0,0,0,0,0,0,0
365,175579,1403,6456,125.14540270848183,17.687671232876713,0,0,0.5,1.0,0.0,0,0,0.0,0.0,0.0,0.0,0.0,0.0,0.0,0.0,0.0,0,0,0,0.5,0.5,0.5,0.4,0.5,0.5,0.5,0.4600000000000001,0.5,1,0,0,neutral,Unknown,individual,unknown,original,yes,0,0,0,0,0,0,0,0,0,0,0,0
365,3666,1528,51949,2.399214659685864,142.32602739726028,0,0,0.5,1.0,0.0,0,0,0.0,0.0,0.0,0.0,0.0,0.0,0.0,0.0,0.0,0,0,0,0.5,0.5,0.5,0.5,0.5,0.5,0.5,0.5,0.5,1,0,0,neutral,Unknown,individual,unknown,original,yes,0,0,0,0,0,0,0,0,0,0,0,0
365,39586,984,71434,40.229674796747965,195.70958904109588,0,0,0.5,1.0,0.0,0,0,0.0,0.0,0.0,0.0,0.0,0.0,0.0,0.0,0.0,0,0,0,0.5,0.5,0.5,0.5,0.5,0.5,0.5,0.5,0.5,1,0,0,neutral,Unknown,individual,unknown,original,yes,0,0,0,0,0,0,0,0,0,0,0,0
365,1701,1561,22045,1.0896860986547086,60.397260273972606,0,0,0.5,1.0,0.0,0,0,0.0,0.0,0.0,0.0,0.0,0.0,0.0,0.0,0.0,0,0,0,0.5,0.5,0.5,0.5,0.5,0.5,0.5,0.5,0.5,1,0,0,neutral,Unknown,individual,unknown,original,yes,0,0,0,0,0,0,0,0,0,0,0,0
365,7434,3392,19397,2.191627358490566,53.14246575342466,0,0,0.5,1.0,0.0,0,0,0.0,0.0,0.0,0.0,0.0,0.0,0.0,0.0,0.0,0,0,0,0.5,0.5,0.5,0.5,0.5,0.5,0.5,0.5,0.5,1,0,0,neutral,Unknown,individual,unknown,original,yes,0,0,0,0,0,0,0,0,0,0,0,0
365,29445,131,4628,224.7709923664122,12.67945205479452,0,0,0.5,1.0,0.0,0,0,0.0,0.0,0.0,0.0,0.0,0.0,0.0,0.0,0.0,0,0,0,0.5,0.5,0.5,0.4,0.5,0.5,0.5,0.4600000000000001,0.5,1,0,0,neutral,Unknown,individual,unknown,original,yes,0,0,0,0,0,0,0,0,0,0,0,0
365,124908,8835,61060,14.13786078098472,167.2876712328767,0,0,0.5,1.0,0.0,0,0,0.0,0.0,0.0,0.0,0.0,0.0,0.0,0.0,0.0,0,0,0,0.5,0.5,0.5,0.5,0.5,0.5,0.5,0.5,0.5,1,0,0,neutral,Unknown,individual,unknown,original,yes,0,0,0,0,0,0,0,0,0,0,0,0
365,122761,724,64438,169.55939226519337,176.54246575342466,0,0,0.5,1.0,0.0,0,0,0.0,0.0,0.0,0.0,0.0,0.0,0.0,0.0,0.0,0,0,0,0.5,0.5,0.5,0.4,0.5,0.5,0.5,0.4600000000000001,0.5,1,0,0,neutral,Unknown,individual,unknown,original,yes,0,0,0,0,0,0,0,0,0,0,0,0
365,2444980,301,494323,8122.857142857143,1354.309589041096,0,0,0.5,1.0,0.0,0,0,0.0,0.0,0.0,0.0,0.0,0.0,0.0,0.0,0.0,0,0,0,0.5,0.5,0.5,0.4,0.5,0.5,0.5,0.4600000000000001,0.5,1,0,0,neutral,Unknown,individual,unknown,original,yes,0,0,0,0,0,0,0,0,0,0,0,0
365,11244,4521,15310,2.487060384870604,41.945205479452056,0,0,0.5,1.0,0.0,0,0,0.0,0.0,0.0,0.0,0.0,0.0,0.0,0.0,0.0,0,0,0,0.5,0.5,0.5,0.5,0.5,0.5,0.5,0.5,0.5,1,0,0,neutral,Unknown,individual,unknown,original,yes,0,0,0,0,0,0,0,0,0,0,0,0
365,110099,3546,21078,31.04878736604625,57.74794520547945,0,0,0.5,1.0,0.0,0,0,0.0,0.0,0.0,0.0,0.0,0.0,0.0,0.0,0.0,0,0,0,0.5,0.5,0.5,0.5,0.5,0.5,0.5,0.5,0.5,1,0,0,neutral,Unknown,individual,unknown,original,yes,0,0,0,0,0,0,0,0,0,0,0,0
365,48063,519,1426,92.60693641618496,3.9068493150684933,0,0,0.5,1.0,0.0,0,0,0.0,0.0,0.0,0.0,0.0,0.0,0.0,0.0,0.0,0,0,0,0.5,0.5,0.5,0.5,0.5,0.5,0.5,0.5,0.5,1,0,0,neutral,Unknown,individual,unknown,original,yes,0,0,0,0,0,0,0,0,0,0,0,0
365,3893,1241,34976,3.136986301369863,95.82465753424657,0,0,0.5,1.0,0.0,0,0,0.0,0.0,0.0,0.0,0.0,0.0,0.0,0.0,0.0,0,0,0,0.5,0.5,0.5,0.5,0.5,0.5,0.5,0.5,0.5,1,0,0,neutral,Unknown,individual,unknown,original,yes,0,0,0,0,0,0,0,0,0,0,0,0
365,441115,776,15893,568.4471649484536,43.54246575342466,0,0,0.5,1.0,0.0,0,0,0.0,0.0,0.0,0.0,0.0,0.0,0.0,0.0,0.0,0,0,0,0.5,0.5,0.5,0.4,0.5,0.5,0.5,0.4600000000000001,0.5,1,0,0,neutral,Unknown,individual,unknown,original,yes,0,0,0,0,0,0,0,0,0,0,0,0
365,2226,998,10486,2.2304609218436875,28.72876712328767,0,0,0.5,1.0,0.0,0,0,0.0,0.0,0.0,0.0,0.0,0.0,0.0,0.0,0.0,0,0,0,0.5,0.5,0.5,0.5,0.5,0.5,0.5,0.5,0.5,1,0,0,neutral,Unknown,individual,unknown,original,yes,0,0,0,0,0,0,0,0,0,0,0,0
365,7685,2883,19652,2.66562608394034,53.84109589041096,0,0,0.5,1.0,0.0,0,0,0.0,0.0,0.0,0.0,0.0,0.0,0.0,0.0,0.0,0,0,0,0.5,0.5,0.5,0.5,0.5,0.5,0.5,0.5,0.5,1,0,0,neutral,Unknown,individual,unknown,original,yes,0,0,0,0,0,0,0,0,0,0,0,0
365,19552,2705,10276,7.228096118299446,28.153424657534245,0,0,0.5,1.0,0.0,0,0,0.0,0.0,0.0,0.0,0.0,0.0,0.0,0.0,0.0,0,0,0,0.5,0.5,0.5,0.5,0.5,0.5,0.5,0.5,0.5,1,0,0,neutral,Unknown,individual,unknown,original,yes,0,0,0,0,0,0,0,0,0,0,0,0
365,2234,923,2884,2.420368364030336,7.901369863013699,0,0,0.5,1.0,0.0,0,0,0.0,0.0,0.0,0.0,0.0,0.0,0.0,0.0,0.0,0,0,0,0.5,0.5,0.5,0.5,0.5,0.5,0.5,0.5,0.5,1,0,0,neutral,Unknown,individual,unknown,original,yes,0,0,0,0,0,0,0,0,0,0,0,0
365,11659,7289,29402,1.5995335436959803,80.55342465753425,0,0,0.5,1.0,0.0,0,0,0.0,0.0,0.0,0.0,0.0,0.0,0.0,0.0,0.0,0,0,0,0.5,0.5,0.5,0.5,0.5,0.5,0.5,0.5,0.5,1,0,0,neutral,Unknown,individual,unknown,original,yes,0,0,0,0,0,0,0,0,0,0,0,0
365,138521,194,69125,714.0257731958762,189.3835616438356,0,0,0.5,1.0,0.0,0,0,0.0,0.0,0.0,0.0,0.0,0.0,0.0,0.0,0.0,0,0,0,0.5,0.5,0.5,0.4,0.5,0.5,0.5,0.4600000000000001,0.5,1,0,0,neutral,Unknown,individual,unknown,original,yes,0,0,0,0,0,0,0,0,0,0,0,0
365,2189,683,3521,3.20497803806735,9.646575342465754,0,0,0.5,1.0,0.0,0,0,0.0,0.0,0.0,0.0,0.0,0.0,0.0,0.0,0.0,0,0,0,0.5,0.5,0.5,0.5,0.5,0.5,0.5,0.5,0.5,1,0,0,neutral,Unknown,individual,unknown,original,yes,0,0,0,0,0,0,0,0,0,0,0,0
365,7058,355,3388,19.88169014084507,9.282191780821918,0,0,0.5,1.0,0.0,0,0,0.0,0.0,0.0,0.0,0.0,0.0,0.0,0.0,0.0,0,0,0,0.5,0.5,0.5,0.5,0.5,0.5,0.5,0.5,0.5,1,0,0,neutral,Unknown,individual,unknown,original,yes,0,0,0,0,0,0,0,0,0,0,0,0
365,100278,709,7407,141.43582510578278,20.293150684931508,0,0,0.5,1.0,0.0,0,0,0.0,0.0,0.0,0.0,0.0,0.0,0.0,0.0,0.0,0,0,0,0.5,0.5,0.5,0.4,0.5,0.5,0.5,0.4600000000000001,0.5,1,0,0,neutral,Unknown,individual,unknown,original,yes,0,0,0,0,0,0,0,0,0,0,0,0
365,2640,2643,49893,0.9988649262202043,136.6931506849315,0,0,0.5,1.0,0.0,0,0,0.0,0.0,0.0,0.0,0.0,0.0,0.0,0.0,0.0,0,0,0,0.5,0.5,0.5,0.5,0.5,0.5,0.5,0.5,0.5,1,0,0,neutral,Unknown,individual,unknown,original,yes,0,0,0,0,0,0,0,0,0,0,0,0
365,61232,4187,119347,14.624313350847862,326.9780821917808,0,0,0.5,1.0,0.0,0,0,0.0,0.0,0.0,0.0,0.0,0.0,0.0,0.0,0.0,0,0,0,0.5,0.5,0.5,0.5,0.5,0.5,0.5,0.5,0.5,1,0,0,neutral,Unknown,individual,unknown,original,yes,0,0,0,0,0,0,0,0,0,0,0,0
365,111115,918,114632,121.04030501089325,314.0602739726027,0,0,0.5,1.0,0.0,0,0,0.0,0.0,0.0,0.0,0.0,0.0,0.0,0.0,0.0,0,0,0,0.5,0.5,0.5,0.4,0.5,0.5,0.5,0.4600000000000001,0.5,1,0,0,neutral,Unknown,individual,unknown,original,yes,0,0,0,0,0,0,0,0,0,0,0,0
365,2590,379,2296,6.83377308707124,6.2904109589041095,0,0,0.5,1.0,0.0,0,0,0.0,0.0,0.0,0.0,0.0,0.0,0.0,0.0,0.0,0,0,0,0.5,0.5,0.5,0.5,0.5,0.5,0.5,0.5,0.5,1,0,0,neutral,Unknown,individual,unknown,original,yes,0,0,0,0,0,0,0,0,0,0,0,0
365,5141,2645,6783,1.9436672967863895,18.583561643835615,0,0,0.5,1.0,0.0,0,0,0.0,0.0,0.0,0.0,0.0,0.0,0.0,0.0,0.0,0,0,0,0.5,0.5,0.5,0.5,0.5,0.5,0.5,0.5,0.5,1,0,0,neutral,Unknown,individual,unknown,original,yes,0,0,0,0,0,0,0,0,0,0,0,0
365,1846,3314,12490,0.5570307785153893,34.21917808219178,0,0,0.5,1.0,0.0,0,0,0.0,0.0,0.0,0.0,0.0,0.0,0.0,0.0,0.0,0,0,0,0.5,0.5,0.5,0.5,0.5,0.5,0.5,0.5,0.5,1,0,0,neutral,Unknown,individual,unknown,original,yes,0,0,0,0,0,0,0,0,0,0,0,0
365,7252485,807,15995,8986.970260223048,43.821917808219176,0,0,0.5,1.0,0.0,0,0,0.0,0.0,0.0,0.0,0.0,0.0,0.0,0.0,0.0,0,0,0,0.5,0.5,0.5,0.4,0.5,0.5,0.5,0.4600000000000001,0.5,1,0,0,neutral,Unknown,individual,unknown,original,yes,0,0,0,0,0,0,0,0,0,0,0,0
365,67126,1433,33898,46.842986741102585,92.87123287671233,0,0,0.5,1.0,0.0,0,0,0.0,0.0,0.0,0.0,0.0,0.0,0.0,0.0,0.0,0,0,0,0.5,0.5,0.5,0.5,0.5,0.5,0.5,0.5,0.5,1,0,0,neutral,Unknown,individual,unknown,original,yes,0,0,0,0,0,0,0,0,0,0,0,0
365,5945,1779,9342,3.3417650365373803,25.594520547945205,0,0,0.5,1.0,0.0,0,0,0.0,0.0,0.0,0.0,0.0,0.0,0.0,0.0,0.0,0,0,0,0.5,0.5,0.5,0.5,0.5,0.5,0.5,0.5,0.5,1,0,0,neutral,Unknown,individual,unknown,original,yes,0,0,0,0,0,0,0,0,0,0,0,0
365,1046,737,1736,1.4192672998643148,4.756164383561644,0,0,0.5,1.0,0.0,0,0,0.0,0.0,0.0,0.0,0.0,0.0,0.0,0.0,0.0,0,0,0,0.5,0.5,0.5,0.5,0.5,0.5,0.5,0.5,0.5,1,0,0,neutral,Unknown,individual,unknown,original,yes,0,0,0,0,0,0,0,0,0,0,0,0
365,2622,668,3341,3.9251497005988023,9.153424657534247,0,0,0.5,1.0,0.0,0,0,0.0,0.0,0.0,0.0,0.0,0.0,0.0,0.0,0.0,0,0,0,0.5,0.5,0.5,0.5,0.5,0.5,0.5,0.5,0.5,1,0,0,neutral,Unknown,individual,unknown,original,yes,0,0,0,0,0,0,0,0,0,0,0,0
365,51916,1021,18219,50.84818805093046,49.915068493150685,0,0,0.5,1.0,0.0,0,0,0.0,0.0,0.0,0.0,0.0,0.0,0.0,0.0,0.0,0,0,0,0.5,0.5,0.5,0.5,0.5,0.5,0.5,0.5,0.5,1,0,0,neutral,Unknown,individual,unknown,original,yes,0,0,0,0,0,0,0,0,0,0,0,0
365,477752,627,57169,761.9649122807018,156.62739726027397,0,0,0.5,1.0,0.0,0,0,0.0,0.0,0.0,0.0,0.0,0.0,0.0,0.0,0.0,0,0,0,0.5,0.5,0.5,0.4,0.5,0.5,0.5,0.4600000000000001,0.5,1,0,0,neutral,Unknown,individual,unknown,original,yes,0,0,0,0,0,0,0,0,0,0,0,0
365,6125,3569,6975,1.7161669935556179,19.10958904109589,0,0,0.5,1.0,0.0,0,0,0.0,0.0,0.0,0.0,0.0,0.0,0.0,0.0,0.0,0,0,0,0.5,0.5,0.5,0.5,0.5,0.5,0.5,0.5,0.5,1,0,0,neutral,Unknown,individual,unknown,original,yes,0,0,0,0,0,0,0,0,0,0,0,0
365,9966,148,4456,67.33783783783784,12.208219178082192,0,0,0.5,1.0,0.0,0,0,0.0,0.0,0.0,0.0,0.0,0.0,0.0,0.0,0.0,0,0,0,0.5,0.5,0.5,0.5,0.5,0.5,0.5,0.5,0.5,1,0,0,neutral,Unknown,individual,unknown,original,yes,0,0,0,0,0,0,0,0,0,0,0,0
365,6682,191,4830,34.98429319371728,13.232876712328768,0,0,0.5,1.0,0.0,0,0,0.0,0.0,0.0,0.0,0.0,0.0,0.0,0.0,0.0,0,0,0,0.5,0.5,0.5,0.5,0.5,0.5,0.5,0.5,0.5,1,0,0,neutral,Unknown,individual,unknown,original,yes,0,0,0,0,0,0,0,0,0,0,0,0
365,43547,1990,118184,21.882914572864323,323.7917808219178,0,0,0.5,1.0,0.0,0,0,0.0,0.0,0.0,0.0,0.0,0.0,0.0,0.0,0.0,0,0,0,0.5,0.5,0.5,0.5,0.5,0.5,0.5,0.5,0.5,1,0,0,neutral,Unknown,individual,unknown,original,yes,0,0,0,0,0,0,0,0,0,0,0,0
365,3484,1610,3338,2.1639751552795032,9.145205479452056,0,0,0.5,1.0,0.0,0,0,0.0,0.0,0.0,0.0,0.0,0.0,0.0,0.0,0.0,0,0,0,0.5,0.5,0.5,0.5,0.5,0.5,0.5,0.5,0.5,1,0,0,neutral,Unknown,individual,unknown,original,yes,0,0,0,0,0,0,0,0,0,0,0,0
365,46899,2384,11578,19.67239932885906,31.720547945205478,0,0,0.5,1.0,0.0,0,0,0.0,0.0,0.0,0.0,0.0,0.0,0.0,0.0,0.0,0,0,0,0.5,0.5,0.5,0.5,0.5,0.5,0.5,0.5,0.5,1,0,0,neutral,Unknown,individual,unknown,original,yes,0,0,0,0,0,0,0,0,0,0,0,0
365,71757,1815,68130,39.53553719008264,186.65753424657535,0,0,0.5,1.0,0.0,0,0,0.0,0.0,0.0,0.0,0.0,0.0,0.0,0.0,0.0,0,0,0,0.5,0.5,0.5,0.5,0.5,0.5,0.5,0.5,0.5,1,0,0,neutral,Unknown,individual,unknown,original,yes,0,0,0,0,0,0,0,0,0,0,0,0
365,13689,389,3773,35.19023136246787,10.336986301369864,0,0,0.5,1.0,0.0,0,0,0.0,0.0,0.0,0.0,0.0,0.0,0.0,0.0,0.0,0,0,0,0.5,0.5,0.5,0.5,0.5,0.5,0.5,0.5,0.5,1,0,0,neutral,Unknown,individual,unknown,original,yes,0,0,0,0,0,0,0,0,0,0,0,0
365,6053,217,784,27.89400921658986,2.147945205479452,0,0,0.5,1.0,0.0,0,0,0.0,0.0,0.0,0.0,0.0,0.0,0.0,0.0,0.0,0,0,0,0.5,0.5,0.5,0.5,0.5,0.5,0.5,0.5,0.5,1,0,0,neutral,Unknown,individual,unknown,original,yes,0,0,0,0,0,0,0,0,0,0,0,0
365,1201,924,1897,1.2997835497835497,5.197260273972603,0,0,0.5,1.0,0.0,0,0,0.0,0.0,0.0,0.0,0.0,0.0,0.0,0.0,0.0,0,0,0,0.5,0.5,0.5,0.5,0.5,0.5,0.5,0.5,0.5,1,0,0,neutral,Unknown,individual,unknown,original,yes,0,0,0,0,0,0,0,0,0,0,0,0
365,1682,1788,18345,0.9407158836689038,50.26027397260274,0,0,0.5,1.0,0.0,0,0,0.0,0.0,0.0,0.0,0.0,0.0,0.0,0.0,0.0,0,0,0,0.5,0.5,0.5,0.5,0.5,0.5,0.5,0.5,0.5,1,0,0,neutral,Unknown,individual,unknown,original,yes,0,0,0,0,0,0,0,0,0,0,0,0
365,16627,1595,22831,10.424451410658307,62.55068493150685,0,0,0.5,1.0,0.0,0,0,0.0,0.0,0.0,0.0,0.0,0.0,0.0,0.0,0.0,0,0,0,0.5,0.5,0.5,0.5,0.5,0.5,0.5,0.5,0.5,1,0,0,neutral,Unknown,individual,unknown,original,yes,0,0,0,0,0,0,0,0,0,0,0,0
365,648,2096,1822,0.30916030534351147,4.991780821917808,0,0,0.5,1.0,0.0,0,0,0.0,0.0,0.0,0.0,0.0,0.0,0.0,0.0,0.0,0,0,0,0.5,0.5,0.5,0.5,0.5,0.5,0.5,0.5,0.5,1,0,0,neutral,Unknown,individual,unknown,original,yes,0,0,0,0,0,0,0,0,0,0,0,0
365,35278,694,10269,50.8328530259366,28.134246575342466,0,0,0.5,1.0,0.0,0,0,0.0,0.0,0.0,0.0,0.0,0.0,0.0,0.0,0.0,0,0,0,0.5,0.5,0.5,0.5,0.5,0.5,0.5,0.5,0.5,1,0,0,neutral,Unknown,individual,unknown,original,yes,0,0,0,0,0,0,0,0,0,0,0,0
365,3086,926,4145,3.3326133909287257,11.356164383561644,0,0,0.5,1.0,0.0,0,0,0.0,0.0,0.0,0.0,0.0,0.0,0.0,0.0,0.0,0,0,0,0.5,0.5,0.5,0.5,0.5,0.5,0.5,0.5,0.5,1,0,0,neutral,Unknown,individual,unknown,original,yes,0,0,0,0,0,0,0,0,0,0,0,0
365,60586,293,28651,206.77815699658703,78.4958904109589,0,0,0.5,1.0,0.0,0,0,0.0,0.0,0.0,0.0,0.0,0.0,0.0,0.0,0.0,0,0,0,0.5,0.5,0.5,0.4,0.5,0.5,0.5,0.4600000000000001,0.5,1,0,0,neutral,Unknown,individual,unknown,original,yes,0,0,0,0,0,0,0,0,0,0,0,0
365,6394,1729,7829,3.6980913823019086,21.44931506849315,0,0,0.5,1.0,0.0,0,0,0.0,0.0,0.0,0.0,0.0,0.0,0.0,0.0,0.0,0,0,0,0.5,0.5,0.5,0.5,0.5,0.5,0.5,0.5,0.5,1,0,0,neutral,Unknown,individual,unknown,original,yes,0,0,0,0,0,0,0,0,0,0,0,0
365,1964,470,11788,4.178723404255319,32.295890410958904,0,0,0.5,1.0,0.0,0,0,0.0,0.0,0.0,0.0,0.0,0.0,0.0,0.0,0.0,0,0,0,0.5,0.5,0.5,0.5,0.5,0.5,0.5,0.5,0.5,1,0,0,neutral,Unknown,individual,unknown,original,yes,0,0,0,0,0,0,0,0,0,0,0,0
365,2080,922,8341,2.2559652928416485,22.852054794520548,0,0,0.5,1.0,0.0,0,0,0.0,0.0,0.0,0.0,0.0,0.0,0.0,0.0,0.0,0,0,0,0.5,0.5,0.5,0.5,0.5,0.5,0.5,0.5,0.5,1,0,0,neutral,Unknown,individual,unknown,original,yes,0,0,0,0,0,0,0,0,0,0,0,0
365,36488,1436,3928,25.409470752089135,10.761643835616438,0,0,0.5,1.0,0.0,0,0,0.0,0.0,0.0,0.0,0.0,0.0,0.0,0.0,0.0,0,0,0,0.5,0.5,0.5,0.5,0.5,0.5,0.5,0.5,0.5,1,0,0,neutral,Unknown,individual,unknown,original,yes,0,0,0,0,0,0,0,0,0,0,0,0
365,20973,7378,75300,2.8426402819192194,206.3013698630137,0,0,0.5,1.0,0.0,0,0,0.0,0.0,0.0,0.0,0.0,0.0,0.0,0.0,0.0,0,0,0,0.5,0.5,0.5,0.5,0.5,0.5,0.5,0.5,0.5,1,0,0,neutral,Unknown,individual,unknown,original,yes,0,0,0,0,0,0,0,0,0,0,0,0
365,14078,2607,26529,5.400076716532412,72.68219178082192,0,0,0.5,1.0,0.0,0,0,0.0,0.0,0.0,0.0,0.0,0.0,0.0,0.0,0.0,0,0,0,0.5,0.5,0.5,0.5,0.5,0.5,0.5,0.5,0.5,1,0,0,neutral,Unknown,individual,unknown,original,yes,0,0,0,0,0,0,0,0,0,0,0,0
365,215806,231,12362,934.2251082251082,33.868493150684934,0,0,0.5,1.0,0.0,0,0,0.0,0.0,0.0,0.0,0.0,0.0,0.0,0.0,0.0,0,0,0,0.5,0.5,0.5,0.4,0.5,0.5,0.5,0.4600000000000001,0.5,1,0,0,neutral,Unknown,individual,unknown,original,yes,0,0,0,0,0,0,0,0,0,0,0,0
365,2727,2139,11293,1.2748948106591866,30.93972602739726,0,0,0.5,1.0,0.0,0,0,0.0,0.0,0.0,0.0,0.0,0.0,0.0,0.0,0.0,0,0,0,0.5,0.5,0.5,0.5,0.5,0.5,0.5,0.5,0.5,1,0,0,neutral,Unknown,individual,unknown,original,yes,0,0,0,0,0,0,0,0,0,0,0,0
365,79561,5164,53208,15.4068551510457,145.77534246575343,0,0,0.5,1.0,0.0,0,0,0.0,0.0,0.0,0.0,0.0,0.0,0.0,0.0,0.0,0,0,0,0.5,0.5,0.5,0.5,0.5,0.5,0.5,0.5,0.5,1,0,0,neutral,Unknown,individual,unknown,original,yes,0,0,0,0,0,0,0,0,0,0,0,0
365,2297,2055,22310,1.1177615571776156,61.12328767123287,0,0,0.5,1.0,0.0,0,0,0.0,0.0,0.0,0.0,0.0,0.0,0.0,0.0,0.0,0,0,0,0.5,0.5,0.5,0.5,0.5,0.5,0.5,0.5,0.5,1,0,0,neutral,Unknown,individual,unknown,original,yes,0,0,0,0,0,0,0,0,0,0,0,0
365,10472,1042,8228,10.049904030710172,22.542465753424658,0,0,0.5,1.0,0.0,0,0,0.0,0.0,0.0,0.0,0.0,0.0,0.0,0.0,0.0,0,0,0,0.5,0.5,0.5,0.5,0.5,0.5,0.5,0.5,0.5,1,0,0,neutral,Unknown,individual,unknown,original,yes,0,0,0,0,0,0,0,0,0,0,0,0
365,12924,879,14092,14.703071672354948,38.608219178082194,0,0,0.5,1.0,0.0,0,0,0.0,0.0,0.0,0.0,0.0,0.0,0.0,0.0,0.0,0,0,0,0.5,0.5,0.5,0.5,0.5,0.5,0.5,0.5,0.5,1,0,0,neutral,Unknown,individual,unknown,original,yes,0,0,0,0,0,0,0,0,0,0,0,0
365,103532,1927,57532,53.72703684483653,157.62191780821917,0,0,0.5,1.0,0.0,0,0,0.0,0.0,0.0,0.0,0.0,0.0,0.0,0.0,0.0,0,0,0,0.5,0.5,0.5,0.5,0.5,0.5,0.5,0.5,0.5,1,0,0,neutral,Unknown,individual,unknown,original,yes,0,0,0,0,0,0,0,0,0,0,0,0
365,32086,3169,38193,10.124960555380246,104.63835616438357,0,0,0.5,1.0,0.0,0,0,0.0,0.0,0.0,0.0,0.0,0.0,0.0,0.0,0.0,0,0,0,0.5,0.5,0.5,0.5,0.5,0.5,0.5,0.5,0.5,1,0,0,neutral,Unknown,individual,unknown,original,yes,0,0,0,0,0,0,0,0,0,0,0,0
365,27242,3933,70652,6.92651919654208,193.56712328767122,0,0,0.5,1.0,0.0,0,0,0.0,0.0,0.0,0.0,0.0,0.0,0.0,0.0,0.0,0,0,0,0.5,0.5,0.5,0.5,0.5,0.5,0.5,0.5,0.5,1,0,0,neutral,Unknown,individual,unknown,original,yes,0,0,0,0,0,0,0,0,0,0,0,0
365,5592,666,6666,8.396396396396396,18.263013698630136,0,0,0.5,1.0,0.0,0,0,0.0,0.0,0.0,0.0,0.0,0.0,0.0,0.0,0.0,0,0,0,0.5,0.5,0.5,0.5,0.5,0.5,0.5,0.5,0.5,1,0,0,neutral,Unknown,individual,unknown,original,yes,0,0,0,0,0,0,0,0,0,0,0,0
365,5291,2758,15188,1.9184191443074692,41.61095890410959,0,0,0.5,1.0,0.0,0,0,0.0,0.0,0.0,0.0,0.0,0.0,0.0,0.0,0.0,0,0,0,0.5,0.5,0.5,0.5,0.5,0.5,0.5,0.5,0.5,1,0,0,neutral,Unknown,individual,unknown,original,yes,0,0,0,0,0,0,0,0,0,0,0,0
365,2367,386,3881,6.132124352331606,10.632876712328768,0,0,0.5,1.0,0.0,0,0,0.0,0.0,0.0,0.0,0.0,0.0,0.0,0.0,0.0,0,0,0,0.5,0.5,0.5,0.5,0.5,0.5,0.5,0.5,0.5,1,0,0,neutral,Unknown,individual,unknown,original,yes,0,0,0,0,0,0,0,0,0,0,0,0
365,4737,1399,5669,3.3859899928520374,15.531506849315068,0,0,0.5,1.0,0.0,0,0,0.0,0.0,0.0,0.0,0.0,0.0,0.0,0.0,0.0,0,0,0,0.5,0.5,0.5,0.5,0.5,0.5,0.5,0.5,0.5,1,0,0,neutral,Unknown,individual,unknown,original,no,0,0,0,0,0,0,0,0,0,0,0,0
365,1689,178,3353,9.48876404494382,9.186301369863013,0,0,0.5,1.0,0.0,0,0,0.0,0.0,0.0,0.0,0.0,0.0,0.0,0.0,0.0,0,0,0,0.5,0.5,0.5,0.5,0.5,0.5,0.5,0.5,0.5,1,0,0,neutral,Unknown,individual,unknown,original,yes,0,0,0,0,0,0,0,0,0,0,0,0
365,7683,1431,18674,5.368972746331237,51.16164383561644,0,0,0.5,1.0,0.0,0,0,0.0,0.0,0.0,0.0,0.0,0.0,0.0,0.0,0.0,0,0,0,0.5,0.5,0.5,0.5,0.5,0.5,0.5,0.5,0.5,1,0,0,neutral,Unknown,individual,unknown,original,yes,0,0,0,0,0,0,0,0,0,0,0,0
365,8911,1465,2371,6.08259385665529,6.495890410958904,0,0,0.5,1.0,0.0,0,0,0.0,0.0,0.0,0.0,0.0,0.0,0.0,0.0,0.0,0,0,0,0.5,0.5,0.5,0.5,0.5,0.5,0.5,0.5,0.5,1,0,0,neutral,Unknown,individual,unknown,original,yes,0,0,0,0,0,0,0,0,0,0,0,0
365,3589,1084,3315,3.3108856088560885,9.082191780821917,0,0,0.5,1.0,0.0,0,0,0.0,0.0,0.0,0.0,0.0,0.0,0.0,0.0,0.0,0,0,0,0.5,0.5,0.5,0.5,0.5,0.5,0.5,0.5,0.5,1,0,0,neutral,Unknown,individual,unknown,original,yes,0,0,0,0,0,0,0,0,0,0,0,0
365,13583,4171,2585,3.256533205466315,7.082191780821918,0,0,0.5,1.0,0.0,0,0,0.0,0.0,0.0,0.0,0.0,0.0,0.0,0.0,0.0,0,0,0,0.5,0.5,0.5,0.5,0.5,0.5,0.5,0.5,0.5,1,0,0,neutral,Unknown,individual,unknown,original,yes,0,0,0,0,0,0,0,0,0,0,0,0
365,31530,1727,92871,18.25709322524609,254.44109589041096,0,0,0.5,1.0,0.0,0,0,0.0,0.0,0.0,0.0,0.0,0.0,0.0,0.0,0.0,0,0,0,0.5,0.5,0.5,0.5,0.5,0.5,0.5,0.5,0.5,1,0,0,neutral,Unknown,individual,unknown,original,yes,0,0,0,0,0,0,0,0,0,0,0,0
365,17075,329,26249,51.89969604863222,71.91506849315068,0,0,0.5,1.0,0.0,0,0,0.0,0.0,0.0,0.0,0.0,0.0,0.0,0.0,0.0,0,0,0,0.5,0.5,0.5,0.5,0.5,0.5,0.5,0.5,0.5,1,0,0,neutral,Unknown,individual,unknown,original,yes,0,0,0,0,0,0,0,0,0,0,0,0
365,5900,216,40482,27.314814814814813,110.90958904109588,0,0,0.5,1.0,0.0,0,0,0.0,0.0,0.0,0.0,0.0,0.0,0.0,0.0,0.0,0,0,0,0.5,0.5,0.5,0.5,0.5,0.5,0.5,0.5,0.5,1,0,0,neutral,Unknown,individual,unknown,original,yes,0,0,0,0,0,0,0,0,0,0,0,0
365,26149,962,7197,27.18191268191268,19.71780821917808,0,0,0.5,1.0,0.0,0,0,0.0,0.0,0.0,0.0,0.0,0.0,0.0,0.0,0.0,0,0,0,0.5,0.5,0.5,0.5,0.5,0.5,0.5,0.5,0.5,1,0,0,neutral,Unknown,individual,unknown,original,yes,0,0,0,0,0,0,0,0,0,0,0,0
365,21395,3844,14885,5.565816857440167,40.78082191780822,0,0,0.5,1.0,0.0,0,0,0.0,0.0,0.0,0.0,0.0,0.0,0.0,0.0,0.0,0,0,0,0.5,0.5,0.5,0.5,0.5,0.5,0.5,0.5,0.5,1,0,0,neutral,Unknown,individual,unknown,original,yes,0,0,0,0,0,0,0,0,0,0,0,0
365,9065,994,190382,9.119718309859154,521.5945205479452,0,0,0.5,1.0,0.0,0,0,0.0,0.0,0.0,0.0,0.0,0.0,0.0,0.0,0.0,0,0,0,0.5,0.5,0.5,0.5,0.5,0.5,0.5,0.5,0.5,1,0,0,neutral,Unknown,individual,unknown,original,yes,0,0,0,0,0,0,0,0,0,0,0,0
365,5093,2603,19051,1.9565885516711488,52.1945205479452,0,0,0.5,1.0,0.0,0,0,0.0,0.0,0.0,0.0,0.0,0.0,0.0,0.0,0.0,0,0,0,0.5,0.5,0.5,0.5,0.5,0.5,0.5,0.5,0.5,1,0,0,neutral,Unknown,individual,unknown,original,yes,0,0,0,0,0,0,0,0,0,0,0,0
365,13277,5707,27157,2.3264412125459963,74.40273972602739,0,0,0.5,1.0,0.0,0,0,0.0,0.0,0.0,0.0,0.0,0.0,0.0,0.0,0.0,0,0,0,0.5,0.5,0.5,0.5,0.5,0.5,0.5,0.5,0.5,1,0,0,neutral,Unknown,individual,unknown,original,yes,0,0,0,0,0,0,0,0,0,0,0,0
365,17199,2703,28222,6.362930077691454,77.32054794520548,0,0,0.5,1.0,0.0,0,0,0.0,0.0,0.0,0.0,0.0,0.0,0.0,0.0,0.0,0,0,0,0.5,0.5,0.5,0.5,0.5,0.5,0.5,0.5,0.5,1,0,0,neutral,Unknown,individual,unknown,original,yes,0,0,0,0,0,0,0,0,0,0,0,0
365,2212,600,6698,3.6866666666666665,18.350684931506848,0,0,0.5,1.0,0.0,0,0,0.0,0.0,0.0,0.0,0.0,0.0,0.0,0.0,0.0,0,0,0,0.5,0.5,0.5,0.5,0.5,0.5,0.5,0.5,0.5,1,0,0,neutral,Unknown,individual,unknown,original,yes,0,0,0,0,0,0,0,0,0,0,0,0
365,3934,1809,19542,2.1746821448313987,53.53972602739726,0,0,0.5,1.0,0.0,0,0,0.0,0.0,0.0,0.0,0.0,0.0,0.0,0.0,0.0,0,0,0,0.5,0.5,0.5,0.5,0.5,0.5,0.5,0.5,0.5,1,0,0,neutral,Unknown,individual,unknown,original,yes,0,0,0,0,0,0,0,0,0,0,0,0
365,2997,3290,7048,0.9109422492401216,19.30958904109589,0,0,0.5,1.0,0.0,0,0,0.0,0.0,0.0,0.0,0.0,0.0,0.0,0.0,0.0,0,0,0,0.5,0.5,0.5,0.5,0.5,0.5,0.5,0.5,0.5,1,0,0,neutral,Unknown,individual,unknown,original,yes,0,0,0,0,0,0,0,0,0,0,0,0
365,45409,1350,31952,33.636296296296294,87.53972602739726,0,0,0.5,1.0,0.0,0,0,0.0,0.0,0.0,0.0,0.0,0.0,0.0,0.0,0.0,0,0,0,0.5,0.5,0.5,0.5,0.5,0.5,0.5,0.5,0.5,1,0,0,neutral,Unknown,individual,unknown,original,yes,0,0,0,0,0,0,0,0,0,0,0,0
365,23732,941,27123,25.219978746014878,74.30958904109589,0,0,0.5,1.0,0.0,0,0,0.0,0.0,0.0,0.0,0.0,0.0,0.0,0.0,0.0,0,0,0,0.5,0.5,0.5,0.5,0.5,0.5,0.5,0.5,0.5,1,0,0,neutral,Unknown,individual,unknown,original,yes,0,0,0,0,0,0,0,0,0,0,0,0
365,1649,656,2680,2.513719512195122,7.342465753424658,0,0,0.5,1.0,0.0,0,0,0.0,0.0,0.0,0.0,0.0,0.0,0.0,0.0,0.0,0,0,0,0.5,0.5,0.5,0.5,0.5,0.5,0.5,0.5,0.5,1,0,0,neutral,Unknown,individual,unknown,original,yes,0,0,0,0,0,0,0,0,0,0,0,0
365,1312,2851,6199,0.4601894072255349,16.983561643835618,0,0,0.5,1.0,0.0,0,0,0.0,0.0,0.0,0.0,0.0,0.0,0.0,0.0,0.0,0,0,0,0.5,0.5,0.5,0.5,0.5,0.5,0.5,0.5,0.5,1,0,0,neutral,Unknown,individual,unknown,original,yes,0,0,0,0,0,0,0,0,0,0,0,0
365,44850,126,13457,355.95238095238096,36.868493150684934,0,0,0.5,1.0,0.0,0,0,0.0,0.0,0.0,0.0,0.0,0.0,0.0,0.0,0.0,0,0,0,0.5,0.5,0.5,0.4,0.5,0.5,0.5,0.4600000000000001,0.5,1,0,0,neutral,Unknown,individual,unknown,original,yes,0,0,0,0,0,0,0,0,0,0,0,0
365,2055,1617,5502,1.2708719851576995,15.073972602739726,0,0,0.5,1.0,0.0,0,0,0.0,0.0,0.0,0.0,0.0,0.0,0.0,0.0,0.0,0,0,0,0.5,0.5,0.5,0.5,0.5,0.5,0.5,0.5,0.5,1,0,0,neutral,Unknown,individual,unknown,original,yes,0,0,0,0,0,0,0,0,0,0,0,0
365,2894,407,41046,7.11056511056511,112.45479452054795,0,0,0.5,1.0,0.0,0,0,0.0,0.0,0.0,0.0,0.0,0.0,0.0,0.0,0.0,0,0,0,0.5,0.5,0.5,0.5,0.5,0.5,0.5,0.5,0.5,1,0,0,neutral,Unknown,individual,unknown,original,yes,0,0,0,0,0,0,0,0,0,0,0,0
365,11362,18,80755,631.2222222222222,221.24657534246575,0,0,0.5,1.0,0.0,0,0,0.0,0.0,0.0,0.0,0.0,0.0,0.0,0.0,0.0,0,0,0,0.5,0.5,0.5,0.4,0.5,0.5,0.5,0.4600000000000001,0.5,1,0,0,neutral,Unknown,individual,unknown,original,yes,0,0,0,0,0,0,0,0,0,0,0,0
365,3977,2219,9667,1.7922487607030193,26.484931506849314,0,0,0.5,1.0,0.0,0,0,0.0,0.0,0.0,0.0,0.0,0.0,0.0,0.0,0.0,0,0,0,0.5,0.5,0.5,0.5,0.5,0.5,0.5,0.5,0.5,1,0,0,neutral,Unknown,individual,unknown,original,yes,0,0,0,0,0,0,0,0,0,0,0,0
365,5946,3320,31111,1.7909638554216867,85.23561643835616,0,0,0.5,1.0,0.0,0,0,0.0,0.0,0.0,0.0,0.0,0.0,0.0,0.0,0.0,0,0,0,0.5,0.5,0.5,0.5,0.5,0.5,0.5,0.5,0.5,1,0,0,neutral,Unknown,individual,unknown,original,yes,0,0,0,0,0,0,0,0,0,0,0,0
365,15203,2726,27993,5.5770359501100515,76.69315068493151,0,0,0.5,1.0,0.0,0,0,0.0,0.0,0.0,0.0,0.0,0.0,0.0,0.0,0.0,0,0,0,0.5,0.5,0.5,0.5,0.5,0.5,0.5,0.5,0.5,1,0,0,neutral,Unknown,individual,unknown,original,yes,0,0,0,0,0,0,0,0,0,0,0,0
365,19271,689,3358,27.969521044992742,9.2,0,0,0.5,1.0,0.0,0,0,0.0,0.0,0.0,0.0,0.0,0.0,0.0,0.0,0.0,0,0,0,0.5,0.5,0.5,0.5,0.5,0.5,0.5,0.5,0.5,1,0,0,neutral,Unknown,individual,unknown,original,yes,0,0,0,0,0,0,0,0,0,0,0,0
365,18882,2864,19502,6.592877094972067,53.43013698630137,0,0,0.5,1.0,0.0,0,0,0.0,0.0,0.0,0.0,0.0,0.0,0.0,0.0,0.0,0,0,0,0.5,0.5,0.5,0.5,0.5,0.5,0.5,0.5,0.5,1,0,0,neutral,Unknown,individual,unknown,original,yes,0,0,0,0,0,0,0,0,0,0,0,0
365,28054,382,39069,73.43979057591623,107.03835616438356,0,0,0.5,1.0,0.0,0,0,0.0,0.0,0.0,0.0,0.0,0.0,0.0,0.0,0.0,0,0,0,0.5,0.5,0.5,0.5,0.5,0.5,0.5,0.5,0.5,1,0,0,neutral,Unknown,individual,unknown,original,yes,0,0,0,0,0,0,0,0,0,0,0,0
365,10942,1711,7260,6.3950905902980715,19.89041095890411,0,0,0.5,1.0,0.0,0,0,0.0,0.0,0.0,0.0,0.0,0.0,0.0,0.0,0.0,0,0,0,0.5,0.5,0.5,0.5,0.5,0.5,0.5,0.5,0.5,1,0,0,neutral,Unknown,individual,unknown,original,yes,0,0,0,0,0,0,0,0,0,0,0,0
365,12046,1389,15064,8.672426205903527,41.271232876712325,0,0,0.5,1.0,0.0,0,0,0.0,0.0,0.0,0.0,0.0,0.0,0.0,0.0,0.0,0,0,0,0.5,0.5,0.5,0.5,0.5,0.5,0.5,0.5,0.5,1,0,0,neutral,Unknown,individual,unknown,original,yes,0,0,0,0,0,0,0,0,0,0,0,0
365,5612,2536,5970,2.2129337539432177,16.356164383561644,0,0,0.5,1.0,0.0,0,0,0.0,0.0,0.0,0.0,0.0,0.0,0.0,0.0,0.0,0,0,0,0.5,0.5,0.5,0.5,0.5,0.5,0.5,0.5,0.5,1,0,0,neutral,Unknown,individual,unknown,original,yes,0,0,0,0,0,0,0,0,0,0,0,0
365,32910,1318,19597,24.969650986342945,53.69041095890411,0,0,0.5,1.0,0.0,0,0,0.0,0.0,0.0,0.0,0.0,0.0,0.0,0.0,0.0,0,0,0,0.5,0.5,0.5,0.5,0.5,0.5,0.5,0.5,0.5,1,0,0,neutral,Unknown,individual,unknown,original,yes,0,0,0,0,0,0,0,0,0,0,0,0
365,129254,2677,28236,48.283152782966006,77.35890410958905,0,0,0.5,1.0,0.0,0,0,0.0,0.0,0.0,0.0,0.0,0.0,0.0,0.0,0.0,0,0,0,0.5,0.5,0.5,0.5,0.5,0.5,0.5,0.5,0.5,1,0,0,neutral,Unknown,individual,unknown,original,yes,0,0,0,0,0,0,0,0,0,0,0,0
365,24042,1908,8211,12.60062893081761,22.495890410958904,0,0,0.5,1.0,0.0,0,0,0.0,0.0,0.0,0.0,0.0,0.0,0.0,0.0,0.0,0,0,0,0.5,0.5,0.5,0.5,0.5,0.5,0.5,0.5,0.5,1,0,0,neutral,Unknown,individual,unknown,original,yes,0,0,0,0,0,0,0,0,0,0,0,0
365,2479,1599,6121,1.5503439649781112,16.76986301369863,0,0,0.5,1.0,0.0,0,0,0.0,0.0,0.0,0.0,0.0,0.0,0.0,0.0,0.0,0,0,0,0.5,0.5,0.5,0.5,0.5,0.5,0.5,0.5,0.5,1,0,0,neutral,Unknown,individual,unknown,original,yes,0,0,0,0,0,0,0,0,0,0,0,0
365,4387,4530,11124,0.9684326710816777,30.476712328767125,0,0,0.5,1.0,0.0,0,0,0.0,0.0,0.0,0.0,0.0,0.0,0.0,0.0,0.0,0,0,0,0.5,0.5,0.5,0.5,0.5,0.5,0.5,0.5,0.5,1,0,0,neutral,Unknown,individual,unknown,original,yes,0,0,0,0,0,0,0,0,0,0,0,0
365,5425,792,21222,6.849747474747475,58.14246575342466,0,0,0.5,1.0,0.0,0,0,0.0,0.0,0.0,0.0,0.0,0.0,0.0,0.0,0.0,0,0,0,0.5,0.5,0.5,0.5,0.5,0.5,0.5,0.5,0.5,1,0,0,neutral,Unknown,individual,unknown,original,yes,0,0,0,0,0,0,0,0,0,0,0,0
365,401108,2011,186237,199.45698657384386,510.23835616438356,0,0,0.5,1.0,0.0,0,0,0.0,0.0,0.0,0.0,0.0,0.0,0.0,0.0,0.0,0,0,0,0.5,0.5,0.5,0.4,0.5,0.5,0.5,0.4600000000000001,0.5,1,0,0,neutral,Unknown,individual,unknown,original,yes,0,0,0,0,0,0,0,0,0,0,0,0
365,14346,998,147080,14.374749498997996,402.958904109589,0,0,0.5,1.0,0.0,0,0,0.0,0.0,0.0,0.0,0.0,0.0,0.0,0.0,0.0,0,0,0,0.5,0.5,0.5,0.5,0.5,0.5,0.5,0.5,0.5,1,0,0,neutral,Unknown,individual,unknown,original,yes,0,0,0,0,0,0,0,0,0,0,0,0
365,6682,748,7435,8.933155080213904,20.36986301369863,0,0,0.5,1.0,0.0,0,0,0.0,0.0,0.0,0.0,0.0,0.0,0.0,0.0,0.0,0,0,0,0.5,0.5,0.5,0.5,0.5,0.5,0.5,0.5,0.5,1,0,0,neutral,Unknown,individual,unknown,original,yes,0,0,0,0,0,0,0,0,0,0,0,0
365,16155,1558,18573,10.369062901155328,50.88493150684931,0,0,0.5,1.0,0.0,0,0,0.0,0.0,0.0,0.0,0.0,0.0,0.0,0.0,0.0,0,0,0,0.5,0.5,0.5,0.5,0.5,0.5,0.5,0.5,0.5,1,0,0,neutral,Unknown,individual,unknown,original,yes,0,0,0,0,0,0,0,0,0,0,0,0
365,76717,2062,36123,37.205140640155186,98.96712328767123,0,0,0.5,1.0,0.0,0,0,0.0,0.0,0.0,0.0,0.0,0.0,0.0,0.0,0.0,0,0,0,0.5,0.5,0.5,0.5,0.5,0.5,0.5,0.5,0.5,1,0,0,neutral,Unknown,individual,unknown,original,yes,0,0,0,0,0,0,0,0,0,0,0,0
365,5588,3480,2442,1.6057471264367815,6.69041095890411,0,0,0.5,1.0,0.0,0,0,0.0,0.0,0.0,0.0,0.0,0.0,0.0,0.0,0.0,0,0,0,0.5,0.5,0.5,0.5,0.5,0.5,0.5,0.5,0.5,1,0,0,neutral,Unknown,individual,unknown,original,yes,0,0,0,0,0,0,0,0,0,0,0,0
365,2398,5832,11176,0.4111796982167353,30.61917808219178,0,0,0.5,1.0,0.0,0,0,0.0,0.0,0.0,0.0,0.0,0.0,0.0,0.0,0.0,0,0,0,0.5,0.5,0.5,0.5,0.5,0.5,0.5,0.5,0.5,1,0,0,neutral,Unknown,individual,unknown,original,yes,0,0,0,0,0,0,0,0,0,0,0,0
365,14815,2282,10454,6.492112182296231,28.64109589041096,0,0,0.5,1.0,0.0,0,0,0.0,0.0,0.0,0.0,0.0,0.0,0.0,0.0,0.0,0,0,0,0.5,0.5,0.5,0.5,0.5,0.5,0.5,0.5,0.5,1,0,0,neutral,Unknown,individual,unknown,original,yes,0,0,0,0,0,0,0,0,0,0,0,0
365,1485,128,1184,11.6015625,3.243835616438356,0,0,0.5,1.0,0.0,0,0,0.0,0.0,0.0,0.0,0.0,0.0,0.0,0.0,0.0,0,0,0,0.5,0.5,0.5,0.5,0.5,0.5,0.5,0.5,0.5,1,0,0,neutral,Unknown,individual,unknown,original,yes,0,0,0,0,0,0,0,0,0,0,0,0
365,24296,1738,25580,13.979286536248562,70.08219178082192,0,0,0.5,1.0,0.0,0,0,0.0,0.0,0.0,0.0,0.0,0.0,0.0,0.0,0.0,0,0,0,0.5,0.5,0.5,0.5,0.5,0.5,0.5,0.5,0.5,1,0,0,neutral,Unknown,individual,unknown,original,yes,0,0,0,0,0,0,0,0,0,0,0,0
365,6910,3209,6289,2.153318790900592,17.23013698630137,0,0,0.5,1.0,0.0,0,0,0.0,0.0,0.0,0.0,0.0,0.0,0.0,0.0,0.0,0,0,0,0.5,0.5,0.5,0.5,0.5,0.5,0.5,0.5,0.5,1,0,0,neutral,Unknown,individual,unknown,original,yes,0,0,0,0,0,0,0,0,0,0,0,0
365,8385,1267,15155,6.6179952644041045,41.52054794520548,0,0,0.5,1.0,0.0,0,0,0.0,0.0,0.0,0.0,0.0,0.0,0.0,0.0,0.0,0,0,0,0.5,0.5,0.5,0.5,0.5,0.5,0.5,0.5,0.5,1,0,0,neutral,Unknown,individual,unknown,original,yes,0,0,0,0,0,0,0,0,0,0,0,0
365,17201,4777,24726,3.600795478333682,67.74246575342465,0,0,0.5,1.0,0.0,0,0,0.0,0.0,0.0,0.0,0.0,0.0,0.0,0.0,0.0,0,0,0,0.5,0.5,0.5,0.5,0.5,0.5,0.5,0.5,0.5,1,0,0,neutral,Unknown,individual,unknown,original,yes,0,0,0,0,0,0,0,0,0,0,0,0
365,41424,190,6824,218.02105263157895,18.695890410958903,0,0,0.5,1.0,0.0,0,0,0.0,0.0,0.0,0.0,0.0,0.0,0.0,0.0,0.0,0,0,0,0.5,0.5,0.5,0.4,0.5,0.5,0.5,0.4600000000000001,0.5,1,0,0,neutral,Unknown,individual,unknown,original,yes,0,0,0,0,0,0,0,0,0,0,0,0
365,22741,1569,3246,14.493945188017845,8.893150684931507,0,0,0.5,1.0,0.0,0,0,0.0,0.0,0.0,0.0,0.0,0.0,0.0,0.0,0.0,0,0,0,0.5,0.5,0.5,0.5,0.5,0.5,0.5,0.5,0.5,1,0,0,neutral,Unknown,individual,unknown,original,yes,0,0,0,0,0,0,0,0,0,0,0,0
365,2979,1310,3620,2.2740458015267175,9.917808219178083,0,0,0.5,1.0,0.0,0,0,0.0,0.0,0.0,0.0,0.0,0.0,0.0,0.0,0.0,0,0,0,0.5,0.5,0.5,0.5,0.5,0.5,0.5,0.5,0.5,1,0,0,neutral,Unknown,individual,unknown,original,yes,0,0,0,0,0,0,0,0,0,0,0,0
365,3196,2430,23659,1.3152263374485598,64.81917808219178,0,0,0.5,1.0,0.0,0,0,0.0,0.0,0.0,0.0,0.0,0.0,0.0,0.0,0.0,0,0,0,0.5,0.5,0.5,0.5,0.5,0.5,0.5,0.5,0.5,1,0,0,neutral,Unknown,individual,unknown,original,yes,0,0,0,0,0,0,0,0,0,0,0,0
365,2847,1244,4246,2.2885852090032155,11.632876712328768,0,0,0.5,1.0,0.0,0,0,0.0,0.0,0.0,0.0,0.0,0.0,0.0,0.0,0.0,0,0,0,0.5,0.5,0.5,0.5,0.5,0.5,0.5,0.5,0.5,1,0,0,neutral,Unknown,individual,unknown,original,yes,0,0,0,0,0,0,0,0,0,0,0,0
365,212646,1386,13170,153.42424242424244,36.082191780821915,0,0,0.5,1.0,0.0,0,0,0.0,0.0,0.0,0.0,0.0,0.0,0.0,0.0,0.0,0,0,0,0.5,0.5,0.5,0.4,0.5,0.5,0.5,0.4600000000000001,0.5,1,0,0,neutral,Unknown,individual,unknown,original,yes,0,0,0,0,0,0,0,0,0,0,0,0
365,24665,4696,1227,5.252342419080068,3.361643835616438,0,0,0.5,1.0,0.0,0,0,0.0,0.0,0.0,0.0,0.0,0.0,0.0,0.0,0.0,0,0,0,0.5,0.5,0.5,0.5,0.5,0.5,0.5,0.5,0.5,1,0,0,neutral,Unknown,individual,unknown,original,yes,0,0,0,0,0,0,0,0,0,0,0,0
365,20929,1000,239914,20.929,657.2986301369863,0,0,0.5,1.0,0.0,0,0,0.0,0.0,0.0,0.0,0.0,0.0,0.0,0.0,0.0,0,0,0,0.5,0.5,0.5,0.5,0.5,0.5,0.5,0.5,0.5,1,0,0,neutral,Unknown,individual,unknown,original,yes,0,0,0,0,0,0,0,0,0,0,0,0
365,791,997,11467,0.7933801404212638,31.416438356164385,0,0,0.5,1.0,0.0,0,0,0.0,0.0,0.0,0.0,0.0,0.0,0.0,0.0,0.0,0,0,0,0.5,0.5,0.5,0.5,0.5,0.5,0.5,0.5,0.5,1,0,0,neutral,Unknown,individual,unknown,original,yes,0,0,0,0,0,0,0,0,0,0,0,0
365,188430,1147,80100,164.28073234524848,219.45205479452054,0,0,0.5,1.0,0.0,0,0,0.0,0.0,0.0,0.0,0.0,0.0,0.0,0.0,0.0,0,0,0,0.5,0.5,0.5,0.4,0.5,0.5,0.5,0.4600000000000001,0.5,1,0,0,neutral,Unknown,individual,unknown,original,yes,0,0,0,0,0,0,0,0,0,0,0,0
365,10009,3057,4083,3.274124959110239,11.186301369863013,0,0,0.5,1.0,0.0,0,0,0.0,0.0,0.0,0.0,0.0,0.0,0.0,0.0,0.0,0,0,0,0.5,0.5,0.5,0.5,0.5,0.5,0.5,0.5,0.5,1,0,0,neutral,Unknown,individual,unknown,original,yes,0,0,0,0,0,0,0,0,0,0,0,0
365,14917,535,3027,27.882242990654206,8.293150684931506,0,0,0.5,1.0,0.0,0,0,0.0,0.0,0.0,0.0,0.0,0.0,0.0,0.0,0.0,0,0,0,0.5,0.5,0.5,0.5,0.5,0.5,0.5,0.5,0.5,1,0,0,neutral,Unknown,individual,unknown,original,yes,0,0,0,0,0,0,0,0,0,0,0,0
365,134355,3395,35463,39.57437407952872,97.15890410958905,0,0,0.5,1.0,0.0,0,0,0.0,0.0,0.0,0.0,0.0,0.0,0.0,0.0,0.0,0,0,0,0.5,0.5,0.5,0.5,0.5,0.5,0.5,0.5,0.5,1,0,0,neutral,Unknown,individual,unknown,original,yes,0,0,0,0,0,0,0,0,0,0,0,0
365,10722,1236,308,8.674757281553399,0.8438356164383561,0,0,0.5,1.0,0.0,0,0,0.0,0.0,0.0,0.0,0.0,0.0,0.0,0.0,0.0,0,0,0,0.5,0.5,0.5,0.5,0.5,0.5,0.5,0.5,0.5,1,0,0,neutral,Unknown,individual,unknown,original,yes,0,0,0,0,0,0,0,0,0,0,0,0
365,3013,5018,10936,0.600438421681945,29.96164383561644,0,0,0.5,1.0,0.0,0,0,0.0,0.0,0.0,0.0,0.0,0.0,0.0,0.0,0.0,0,0,0,0.5,0.5,0.5,0.5,0.5,0.5,0.5,0.5,0.5,1,0,0,neutral,Unknown,individual,unknown,original,yes,0,0,0,0,0,0,0,0,0,0,0,0
365,23480,691,56584,33.97973950795948,155.0246575342466,0,0,0.5,1.0,0.0,0,0,0.0,0.0,0.0,0.0,0.0,0.0,0.0,0.0,0.0,0,0,0,0.5,0.5,0.5,0.5,0.5,0.5,0.5,0.5,0.5,1,0,0,neutral,Unknown,individual,unknown,original,yes,0,0,0,0,0,0,0,0,0,0,0,0
365,66896,5793,35500,11.547730018988434,97.26027397260275,0,0,0.5,1.0,0.0,0,0,0.0,0.0,0.0,0.0,0.0,0.0,0.0,0.0,0.0,0,0,0,0.5,0.5,0.5,0.5,0.5,0.5,0.5,0.5,0.5,1,0,0,neutral,Unknown,individual,unknown,original,yes,0,0,0,0,0,0,0,0,0,0,0,0
365,2628,1165,14451,2.255793991416309,39.59178082191781,0,0,0.5,1.0,0.0,0,0,0.0,0.0,0.0,0.0,0.0,0.0,0.0,0.0,0.0,0,0,0,0.5,0.5,0.5,0.5,0.5,0.5,0.5,0.5,0.5,1,0,0,neutral,Unknown,individual,unknown,original,yes,0,0,0,0,0,0,0,0,0,0,0,0
365,3999,733,13504,5.455661664392906,36.9972602739726,0,0,0.5,1.0,0.0,0,0,0.0,0.0,0.0,0.0,0.0,0.0,0.0,0.0,0.0,0,0,0,0.5,0.5,0.5,0.5,0.5,0.5,0.5,0.5,0.5,1,0,0,neutral,Unknown,individual,unknown,original,yes,0,0,0,0,0,0,0,0,0,0,0,0
365,3190,1512,4304,2.10978835978836,11.791780821917808,0,0,0.5,1.0,0.0,0,0,0.0,0.0,0.0,0.0,0.0,0.0,0.0,0.0,0.0,0,0,0,0.5,0.5,0.5,0.5,0.5,0.5,0.5,0.5,0.5,1,0,0,neutral,Unknown,individual,unknown,original,yes,0,0,0,0,0,0,0,0,0,0,0,0
365,427760,2075,76806,206.14939759036145,210.42739726027398,0,0,0.5,1.0,0.0,0,0,0.0,0.0,0.0,0.0,0.0,0.0,0.0,0.0,0.0,0,0,0,0.5,0.5,0.5,0.4,0.5,0.5,0.5,0.4600000000000001,0.5,1,0,0,neutral,Unknown,individual,unknown,original,yes,0,0,0,0,0,0,0,0,0,0,0,0
365,3146,675,30548,4.66074074074074,83.69315068493151,0,0,0.5,1.0,0.0,0,0,0.0,0.0,0.0,0.0,0.0,0.0,0.0,0.0,0.0,0,0,0,0.5,0.5,0.5,0.5,0.5,0.5,0.5,0.5,0.5,1,0,0,neutral,Unknown,individual,unknown,original,yes,0,0,0,0,0,0,0,0,0,0,0,0
365,1650,2611,11828,0.6319417847567982,32.40547945205479,0,0,0.5,1.0,0.0,0,0,0.0,0.0,0.0,0.0,0.0,0.0,0.0,0.0,0.0,0,0,0,0.5,0.5,0.5,0.5,0.5,0.5,0.5,0.5,0.5,1,0,0,neutral,Unknown,individual,unknown,original,yes,0,0,0,0,0,0,0,0,0,0,0,0
365,90340,2390,81670,37.79916317991632,223.75342465753425,0,0,0.5,1.0,0.0,0,0,0.0,0.0,0.0,0.0,0.0,0.0,0.0,0.0,0.0,0,0,0,0.5,0.5,0.5,0.5,0.5,0.5,0.5,0.5,0.5,1,0,0,neutral,Unknown,individual,unknown,original,yes,0,0,0,0,0,0,0,0,0,0,0,0
365,11086,354,13346,31.316384180790962,36.56438356164384,0,0,0.5,1.0,0.0,0,0,0.0,0.0,0.0,0.0,0.0,0.0,0.0,0.0,0.0,0,0,0,0.5,0.5,0.5,0.5,0.5,0.5,0.5,0.5,0.5,1,0,0,neutral,Unknown,individual,unknown,original,yes,0,0,0,0,0,0,0,0,0,0,0,0
365,244914,574,25702,426.6794425087108,70.41643835616438,0,0,0.5,1.0,0.0,0,0,0.0,0.0,0.0,0.0,0.0,0.0,0.0,0.0,0.0,0,0,0,0.5,0.5,0.5,0.4,0.5,0.5,0.5,0.4600000000000001,0.5,1,0,0,neutral,Unknown,individual,unknown,original,yes,0,0,0,0,0,0,0,0,0,0,0,0
365,9450,5986,3991,1.5786835950551286,10.934246575342465,0,0,0.5,1.0,0.0,0,0,0.0,0.0,0.0,0.0,0.0,0.0,0.0,0.0,0.0,0,0,0,0.5,0.5,0.5,0.5,0.5,0.5,0.5,0.5,0.5,1,0,0,neutral,Unknown,individual,unknown,original,yes,0,0,0,0,0,0,0,0,0,0,0,0
365,13693,204,12967,67.12254901960785,35.52602739726027,0,0,0.5,1.0,0.0,0,0,0.0,0.0,0.0,0.0,0.0,0.0,0.0,0.0,0.0,0,0,0,0.5,0.5,0.5,0.5,0.5,0.5,0.5,0.5,0.5,1,0,0,neutral,Unknown,individual,unknown,original,yes,0,0,0,0,0,0,0,0,0,0,0,0
365,14021,5515,829,2.5423390752493202,2.271232876712329,0,0,0.5,1.0,0.0,0,0,0.0,0.0,0.0,0.0,0.0,0.0,0.0,0.0,0.0,0,0,0,0.5,0.5,0.5,0.5,0.5,0.5,0.5,0.5,0.5,1,0,0,neutral,Unknown,individual,unknown,original,yes,0,0,0,0,0,0,0,0,0,0,0,0
365,31354,475,8961,66.00842105263158,24.55068493150685,0,0,0.5,1.0,0.0,0,0,0.0,0.0,0.0,0.0,0.0,0.0,0.0,0.0,0.0,0,0,0,0.5,0.5,0.5,0.5,0.5,0.5,0.5,0.5,0.5,1,0,0,neutral,Unknown,individual,unknown,original,yes,0,0,0,0,0,0,0,0,0,0,0,0
365,12503,3268,33521,3.825887392900857,91.83835616438355,0,0,0.5,1.0,0.0,0,0,0.0,0.0,0.0,0.0,0.0,0.0,0.0,0.0,0.0,0,0,0,0.5,0.5,0.5,0.5,0.5,0.5,0.5,0.5,0.5,1,0,0,neutral,Unknown,individual,unknown,original,yes,0,0,0,0,0,0,0,0,0,0,0,0
365,10089,3329,38459,3.0306398317813157,105.36712328767123,0,0,0.5,1.0,0.0,0,0,0.0,0.0,0.0,0.0,0.0,0.0,0.0,0.0,0.0,0,0,0,0.5,0.5,0.5,0.5,0.5,0.5,0.5,0.5,0.5,1,0,0,neutral,Unknown,individual,unknown,original,yes,0,0,0,0,0,0,0,0,0,0,0,0
365,14321,1581,7707,9.058191018342821,21.115068493150684,0,0,0.5,1.0,0.0,0,0,0.0,0.0,0.0,0.0,0.0,0.0,0.0,0.0,0.0,0,0,0,0.5,0.5,0.5,0.5,0.5,0.5,0.5,0.5,0.5,1,0,0,neutral,Unknown,individual,unknown,original,yes,0,0,0,0,0,0,0,0,0,0,0,0
365,45553,123,36370,370.349593495935,99.64383561643835,0,0,0.5,1.0,0.0,0,0,0.0,0.0,0.0,0.0,0.0,0.0,0.0,0.0,0.0,0,0,0,0.5,0.5,0.5,0.4,0.5,0.5,0.5,0.4600000000000001,0.5,1,0,0,neutral,Unknown,individual,unknown,original,yes,0,0,0,0,0,0,0,0,0,0,0,0
365,126493,674,85934,187.67507418397625,235.43561643835616,0,0,0.5,1.0,0.0,0,0,0.0,0.0,0.0,0.0,0.0,0.0,0.0,0.0,0.0,0,0,0,0.5,0.5,0.5,0.4,0.5,0.5,0.5,0.4600000000000001,0.5,1,0,0,neutral,Unknown,individual,unknown,original,yes,0,0,0,0,0,0,0,0,0,0,0,0
365,5528,1223,12352,4.520032706459526,33.84109589041096,0,0,0.5,1.0,0.0,0,0,0.0,0.0,0.0,0.0,0.0,0.0,0.0,0.0,0.0,0,0,0,0.5,0.5,0.5,0.5,0.5,0.5,0.5,0.5,0.5,1,0,0,neutral,Unknown,individual,unknown,original,yes,0,0,0,0,0,0,0,0,0,0,0,0
365,1964179,11194,143859,175.46712524566732,394.13424657534244,0,0,0.5,1.0,0.0,0,0,0.0,0.0,0.0,0.0,0.0,0.0,0.0,0.0,0.0,0,0,0,0.5,0.5,0.5,0.4,0.5,0.5,0.5,0.4600000000000001,0.5,1,0,0,neutral,Unknown,individual,unknown,original,yes,0,0,0,0,0,0,0,0,0,0,0,0
365,6210,535,10026,11.607476635514018,27.46849315068493,0,0,0.5,1.0,0.0,0,0,0.0,0.0,0.0,0.0,0.0,0.0,0.0,0.0,0.0,0,0,0,0.5,0.5,0.5,0.5,0.5,0.5,0.5,0.5,0.5,1,0,0,neutral,Unknown,individual,unknown,original,yes,0,0,0,0,0,0,0,0,0,0,0,0
365,30602,730,26294,41.92054794520548,72.03835616438356,0,0,0.5,1.0,0.0,0,0,0.0,0.0,0.0,0.0,0.0,0.0,0.0,0.0,0.0,0,0,0,0.5,0.5,0.5,0.5,0.5,0.5,0.5,0.5,0.5,1,0,0,neutral,Unknown,individual,unknown,original,yes,0,0,0,0,0,0,0,0,0,0,0,0
365,19860,4605,17711,4.312703583061889,48.52328767123288,0,0,0.5,1.0,0.0,0,0,0.0,0.0,0.0,0.0,0.0,0.0,0.0,0.0,0.0,0,0,0,0.5,0.5,0.5,0.5,0.5,0.5,0.5,0.5,0.5,1,0,0,neutral,Unknown,individual,unknown,original,yes,0,0,0,0,0,0,0,0,0,0,0,0
365,2605,1223,3904,2.1300081766148815,10.695890410958905,0,0,0.5,1.0,0.0,0,0,0.0,0.0,0.0,0.0,0.0,0.0,0.0,0.0,0.0,0,0,0,0.5,0.5,0.5,0.5,0.5,0.5,0.5,0.5,0.5,1,0,0,neutral,Unknown,individual,unknown,original,yes,0,0,0,0,0,0,0,0,0,0,0,0
365,30986,1728,55023,17.931712962962962,150.74794520547945,0,0,0.5,1.0,0.0,0,0,0.0,0.0,0.0,0.0,0.0,0.0,0.0,0.0,0.0,0,0,0,0.5,0.5,0.5,0.5,0.5,0.5,0.5,0.5,0.5,1,0,0,neutral,Unknown,individual,unknown,original,yes,0,0,0,0,0,0,0,0,0,0,0,0
365,5496,672,9491,8.178571428571429,26.002739726027396,0,0,0.5,1.0,0.0,0,0,0.0,0.0,0.0,0.0,0.0,0.0,0.0,0.0,0.0,0,0,0,0.5,0.5,0.5,0.5,0.5,0.5,0.5,0.5,0.5,1,0,0,neutral,Unknown,individual,unknown,original,yes,0,0,0,0,0,0,0,0,0,0,0,0
365,60254,924,19563,65.20995670995671,53.5972602739726,0,0,0.5,1.0,0.0,0,0,0.0,0.0,0.0,0.0,0.0,0.0,0.0,0.0,0.0,0,0,0,0.5,0.5,0.5,0.5,0.5,0.5,0.5,0.5,0.5,1,0,0,neutral,Unknown,individual,unknown,original,yes,0,0,0,0,0,0,0,0,0,0,0,0
365,1519,806,3390,1.8846153846153846,9.287671232876713,0,0,0.5,1.0,0.0,0,0,0.0,0.0,0.0,0.0,0.0,0.0,0.0,0.0,0.0,0,0,0,0.5,0.5,0.5,0.5,0.5,0.5,0.5,0.5,0.5,1,0,0,neutral,Unknown,individual,unknown,original,yes,0,0,0,0,0,0,0,0,0,0,0,0
365,13960,4632,9559,3.0138169257340244,26.18904109589041,0,0,0.5,1.0,0.0,0,0,0.0,0.0,0.0,0.0,0.0,0.0,0.0,0.0,0.0,0,0,0,0.5,0.5,0.5,0.5,0.5,0.5,0.5,0.5,0.5,1,0,0,neutral,Unknown,individual,unknown,original,yes,0,0,0,0,0,0,0,0,0,0,0,0
365,9809,1567,8162,6.259731971920868,22.361643835616437,0,0,0.5,1.0,0.0,0,0,0.0,0.0,0.0,0.0,0.0,0.0,0.0,0.0,0.0,0,0,0,0.5,0.5,0.5,0.5,0.5,0.5,0.5,0.5,0.5,1,0,0,neutral,Unknown,individual,unknown,original,yes,0,0,0,0,0,0,0,0,0,0,0,0
365,14103,1144,3661,12.327797202797203,10.03013698630137,0,0,0.5,1.0,0.0,0,0,0.0,0.0,0.0,0.0,0.0,0.0,0.0,0.0,0.0,0,0,0,0.5,0.5,0.5,0.5,0.5,0.5,0.5,0.5,0.5,1,0,0,neutral,Unknown,individual,unknown,original,yes,0,0,0,0,0,0,0,0,0,0,0,0
365,10245,6590,64804,1.554628224582701,177.54520547945205,0,0,0.5,1.0,0.0,0,0,0.0,0.0,0.0,0.0,0.0,0.0,0.0,0.0,0.0,0,0,0,0.5,0.5,0.5,0.5,0.5,0.5,0.5,0.5,0.5,1,0,0,neutral,Unknown,individual,unknown,original,yes,0,0,0,0,0,0,0,0,0,0,0,0
365,10466,982,47793,10.657841140529532,130.93972602739726,0,0,0.5,1.0,0.0,0,0,0.0,0.0,0.0,0.0,0.0,0.0,0.0,0.0,0.0,0,0,0,0.5,0.5,0.5,0.5,0.5,0.5,0.5,0.5,0.5,1,0,0,neutral,Unknown,individual,unknown,original,yes,0,0,0,0,0,0,0,0,0,0,0,0
365,429693,44003,45770,9.765084198804628,125.3972602739726,0,0,0.5,1.0,0.0,0,0,0.0,0.0,0.0,0.0,0.0,0.0,0.0,0.0,0.0,0,0,0,0.5,0.5,0.5,0.5,0.5,0.5,0.5,0.5,0.5,1,0,0,neutral,Unknown,individual,unknown,original,yes,0,0,0,0,0,0,0,0,0,0,0,0
365,2855,1257,20540,2.271280827366746,56.273972602739725,0,0,0.5,1.0,0.0,0,0,0.0,0.0,0.0,0.0,0.0,0.0,0.0,0.0,0.0,0,0,0,0.5,0.5,0.5,0.5,0.5,0.5,0.5,0.5,0.5,1,0,0,neutral,Unknown,individual,unknown,original,yes,0,0,0,0,0,0,0,0,0,0,0,0
365,44199,6631,27259,6.665510481073745,74.68219178082192,0,0,0.5,1.0,0.0,0,0,0.0,0.0,0.0,0.0,0.0,0.0,0.0,0.0,0.0,0,0,0,0.5,0.5,0.5,0.5,0.5,0.5,0.5,0.5,0.5,1,0,0,neutral,Unknown,individual,unknown,original,yes,0,0,0,0,0,0,0,0,0,0,0,0
365,2153,2002,39493,1.0754245754245755,108.2,0,0,0.5,1.0,0.0,0,0,0.0,0.0,0.0,0.0,0.0,0.0,0.0,0.0,0.0,0,0,0,0.5,0.5,0.5,0.5,0.5,0.5,0.5,0.5,0.5,1,0,0,neutral,Unknown,individual,unknown,original,yes,0,0,0,0,0,0,0,0,0,0,0,0
365,337161,197,1341,1711.4771573604062,3.673972602739726,0,0,0.5,1.0,0.0,0,0,0.0,0.0,0.0,0.0,0.0,0.0,0.0,0.0,0.0,0,0,0,0.5,0.5,0.5,0.4,0.5,0.5,0.5,0.4600000000000001,0.5,1,0,0,neutral,Unknown,individual,unknown,original,yes,0,0,0,0,0,0,0,0,0,0,0,0
365,55825,3730,152932,14.966487935656836,418.9917808219178,0,0,0.5,1.0,0.0,0,0,0.0,0.0,0.0,0.0,0.0,0.0,0.0,0.0,0.0,0,0,0,0.5,0.5,0.5,0.5,0.5,0.5,0.5,0.5,0.5,1,0,0,neutral,Unknown,individual,unknown,original,yes,0,0,0,0,0,0,0,0,0,0,0,0
365,186286,462,41700,403.2164502164502,114.24657534246575,0,0,0.5,1.0,0.0,0,0,0.0,0.0,0.0,0.0,0.0,0.0,0.0,0.0,0.0,0,0,0,0.5,0.5,0.5,0.4,0.5,0.5,0.5,0.4600000000000001,0.5,1,0,0,neutral,Unknown,individual,unknown,original,yes,0,0,0,0,0,0,0,0,0,0,0,0
365,3579,440,4368,8.13409090909091,11.967123287671233,0,0,0.5,1.0,0.0,0,0,0.0,0.0,0.0,0.0,0.0,0.0,0.0,0.0,0.0,0,0,0,0.5,0.5,0.5,0.5,0.5,0.5,0.5,0.5,0.5,1,0,0,neutral,Unknown,individual,unknown,original,yes,0,0,0,0,0,0,0,0,0,0,0,0
365,64615,825,13875,78.32121212121213,38.013698630136986,0,0,0.5,1.0,0.0,0,0,0.0,0.0,0.0,0.0,0.0,0.0,0.0,0.0,0.0,0,0,0,0.5,0.5,0.5,0.5,0.5,0.5,0.5,0.5,0.5,1,0,0,neutral,Unknown,individual,unknown,original,yes,0,0,0,0,0,0,0,0,0,0,0,0
365,36040,3060,40342,11.777777777777779,110.52602739726028,0,0,0.5,1.0,0.0,0,0,0.0,0.0,0.0,0.0,0.0,0.0,0.0,0.0,0.0,0,0,0,0.5,0.5,0.5,0.5,0.5,0.5,0.5,0.5,0.5,1,0,0,neutral,Unknown,individual,unknown,original,yes,0,0,0,0,0,0,0,0,0,0,0,0
365,4682,1993,296,2.3492222779729053,0.810958904109589,0,0,0.5,1.0,0.0,0,0,0.0,0.0,0.0,0.0,0.0,0.0,0.0,0.0,0.0,0,0,0,0.5,0.5,0.5,0.5,0.5,0.5,0.5,0.5,0.5,1,0,0,neutral,Unknown,individual,unknown,original,yes,0,0,0,0,0,0,0,0,0,0,0,0
365,24212,815,27918,29.7079754601227,76.4876712328767,0,0,0.5,1.0,0.0,0,0,0.0,0.0,0.0,0.0,0.0,0.0,0.0,0.0,0.0,0,0,0,0.5,0.5,0.5,0.5,0.5,0.5,0.5,0.5,0.5,1,0,0,neutral,Unknown,individual,unknown,original,yes,0,0,0,0,0,0,0,0,0,0,0,0
365,200080,385,48691,519.6883116883117,133.4,0,0,0.5,1.0,0.0,0,0,0.0,0.0,0.0,0.0,0.0,0.0,0.0,0.0,0.0,0,0,0,0.5,0.5,0.5,0.4,0.5,0.5,0.5,0.4600000000000001,0.5,1,0,0,neutral,Unknown,individual,unknown,original,yes,0,0,0,0,0,0,0,0,0,0,0,0
365,8300,999,10615,8.308308308308309,29.08219178082192,0,0,0.5,1.0,0.0,0,0,0.0,0.0,0.0,0.0,0.0,0.0,0.0,0.0,0.0,0,0,0,0.5,0.5,0.5,0.5,0.5,0.5,0.5,0.5,0.5,1,0,0,neutral,Unknown,individual,unknown,original,yes,0,0,0,0,0,0,0,0,0,0,0,0
365,744664,1443,19214,516.0526680526681,52.64109589041096,0,0,0.5,1.0,0.0,0,0,0.0,0.0,0.0,0.0,0.0,0.0,0.0,0.0,0.0,0,0,0,0.5,0.5,0.5,0.4,0.5,0.5,0.5,0.4600000000000001,0.5,1,0,0,neutral,Unknown,individual,unknown,original,yes,0,0,0,0,0,0,0,0,0,0,0,0
365,266644,1315,2027,202.77110266159696,5.553424657534246,0,0,0.5,1.0,0.0,0,0,0.0,0.0,0.0,0.0,0.0,0.0,0.0,0.0,0.0,0,0,0,0.5,0.5,0.5,0.4,0.5,0.5,0.5,0.4600000000000001,0.5,1,0,0,neutral,Unknown,individual,unknown,original,yes,0,0,0,0,0,0,0,0,0,0,0,0
365,34846,414,19101,84.16908212560386,52.33150684931507,0,0,0.5,1.0,0.0,0,0,0.0,0.0,0.0,0.0,0.0,0.0,0.0,0.0,0.0,0,0,0,0.5,0.5,0.5,0.5,0.5,0.5,0.5,0.5,0.5,1,0,0,neutral,Unknown,individual,unknown,original,yes,0,0,0,0,0,0,0,0,0,0,0,0
365,1486,317,863,4.687697160883281,2.3643835616438356,0,0,0.5,1.0,0.0,0,0,0.0,0.0,0.0,0.0,0.0,0.0,0.0,0.0,0.0,0,0,0,0.5,0.5,0.5,0.5,0.5,0.5,0.5,0.5,0.5,1,0,0,neutral,Unknown,individual,unknown,original,yes,0,0,0,0,0,0,0,0,0,0,0,0
365,6583,2483,7876,2.6512283527990332,21.578082191780823,0,0,0.5,1.0,0.0,0,0,0.0,0.0,0.0,0.0,0.0,0.0,0.0,0.0,0.0,0,0,0,0.5,0.5,0.5,0.5,0.5,0.5,0.5,0.5,0.5,1,0,0,neutral,Unknown,individual,unknown,original,yes,0,0,0,0,0,0,0,0,0,0,0,0
365,95519,250,12040,382.076,32.986301369863014,0,0,0.5,1.0,0.0,0,0,0.0,0.0,0.0,0.0,0.0,0.0,0.0,0.0,0.0,0,0,0,0.5,0.5,0.5,0.4,0.5,0.5,0.5,0.4600000000000001,0.5,1,0,0,neutral,Unknown,individual,unknown,original,yes,0,0,0,0,0,0,0,0,0,0,0,0
365,495388,6431,5272,77.03125485927538,14.443835616438356,0,0,0.5,1.0,0.0,0,0,0.0,0.0,0.0,0.0,0.0,0.0,0.0,0.0,0.0,0,0,0,0.5,0.5,0.5,0.5,0.5,0.5,0.5,0.5,0.5,1,0,0,neutral,Unknown,individual,unknown,original,yes,0,0,0,0,0,0,0,0,0,0,0,0
365,60449,477,79413,126.72746331236897,217.56986301369864,0,0,0.5,1.0,0.0,0,0,0.0,0.0,0.0,0.0,0.0,0.0,0.0,0.0,0.0,0,0,0,0.5,0.5,0.5,0.4,0.5,0.5,0.5,0.4600000000000001,0.5,1,0,0,neutral,Unknown,individual,unknown,original,yes,0,0,0,0,0,0,0,0,0,0,0,0
365,72575,1321,130530,54.93943981831946,357.6164383561644,0,0,0.5,1.0,0.0,0,0,0.0,0.0,0.0,0.0,0.0,0.0,0.0,0.0,0.0,0,0,0,0.5,0.5,0.5,0.5,0.5,0.5,0.5,0.5,0.5,1,0,0,neutral,Unknown,individual,unknown,original,yes,0,0,0,0,0,0,0,0,0,0,0,0
365,313858,987,1395,317.9918946301925,3.8219178082191783,0,0,0.5,1.0,0.0,0,0,0.0,0.0,0.0,0.0,0.0,0.0,0.0,0.0,0.0,0,0,0,0.5,0.5,0.5,0.4,0.5,0.5,0.5,0.4600000000000001,0.5,1,0,0,neutral,Unknown,individual,unknown,original,yes,0,0,0,0,0,0,0,0,0,0,0,0
365,135240,1046,58978,129.29254302103251,161.58356164383562,0,0,0.5,1.0,0.0,0,0,0.0,0.0,0.0,0.0,0.0,0.0,0.0,0.0,0.0,0,0,0,0.5,0.5,0.5,0.4,0.5,0.5,0.5,0.4600000000000001,0.5,1,0,0,neutral,Unknown,individual,unknown,original,yes,0,0,0,0,0,0,0,0,0,0,0,0
365,35100,998,17682,35.170340681362724,48.443835616438356,0,0,0.5,1.0,0.0,0,0,0.0,0.0,0.0,0.0,0.0,0.0,0.0,0.0,0.0,0,0,0,0.5,0.5,0.5,0.5,0.5,0.5,0.5,0.5,0.5,1,0,0,neutral,Unknown,individual,unknown,original,yes,0,0,0,0,0,0,0,0,0,0,0,0
365,137406,552,10869,248.92391304347825,29.778082191780822,0,0,0.5,1.0,0.0,0,0,0.0,0.0,0.0,0.0,0.0,0.0,0.0,0.0,0.0,0,0,0,0.5,0.5,0.5,0.4,0.5,0.5,0.5,0.4600000000000001,0.5,1,0,0,neutral,Unknown,individual,unknown,original,yes,0,0,0,0,0,0,0,0,0,0,0,0
365,100455,757,32320,132.7014531043593,88.54794520547945,0,0,0.5,1.0,0.0,0,0,0.0,0.0,0.0,0.0,0.0,0.0,0.0,0.0,0.0,0,0,0,0.5,0.5,0.5,0.4,0.5,0.5,0.5,0.4600000000000001,0.5,1,0,0,neutral,Unknown,individual,unknown,original,yes,0,0,0,0,0,0,0,0,0,0,0,0
365,44830,747,35122,60.01338688085676,96.22465753424657,0,0,0.5,1.0,0.0,0,0,0.0,0.0,0.0,0.0,0.0,0.0,0.0,0.0,0.0,0,0,0,0.5,0.5,0.5,0.5,0.5,0.5,0.5,0.5,0.5,1,0,0,neutral,Unknown,individual,unknown,original,yes,0,0,0,0,0,0,0,0,0,0,0,0
365,54358,941,5903,57.76620616365569,16.172602739726027,0,0,0.5,1.0,0.0,0,0,0.0,0.0,0.0,0.0,0.0,0.0,0.0,0.0,0.0,0,0,0,0.5,0.5,0.5,0.5,0.5,0.5,0.5,0.5,0.5,1,0,0,neutral,Unknown,individual,unknown,original,yes,0,0,0,0,0,0,0,0,0,0,0,0
365,2853,434,5534,6.573732718894009,15.161643835616438,0,0,0.5,1.0,0.0,0,0,0.0,0.0,0.0,0.0,0.0,0.0,0.0,0.0,0.0,0,0,0,0.5,0.5,0.5,0.5,0.5,0.5,0.5,0.5,0.5,1,0,0,neutral,Unknown,individual,unknown,original,yes,0,0,0,0,0,0,0,0,0,0,0,0
365,1614,870,8265,1.8551724137931034,22.643835616438356,0,0,0.5,1.0,0.0,0,0,0.0,0.0,0.0,0.0,0.0,0.0,0.0,0.0,0.0,0,0,0,0.5,0.5,0.5,0.5,0.5,0.5,0.5,0.5,0.5,1,0,0,neutral,Unknown,individual,unknown,original,yes,0,0,0,0,0,0,0,0,0,0,0,0
365,66517,3478,27201,19.12507188039103,74.52328767123288,0,0,0.5,1.0,0.0,0,0,0.0,0.0,0.0,0.0,0.0,0.0,0.0,0.0,0.0,0,0,0,0.5,0.5,0.5,0.5,0.5,0.5,0.5,0.5,0.5,1,0,0,neutral,Unknown,individual,unknown,original,yes,0,0,0,0,0,0,0,0,0,0,0,0
365,1237277,1250,53481,989.8216,146.52328767123288,0,0,0.5,1.0,0.0,0,0,0.0,0.0,0.0,0.0,0.0,0.0,0.0,0.0,0.0,0,0,0,0.5,0.5,0.5,0.4,0.5,0.5,0.5,0.4600000000000001,0.5,1,0,0,neutral,Unknown,individual,unknown,original,yes,0,0,0,0,0,0,0,0,0,0,0,0
365,33438,3275,16517,10.210076335877863,45.25205479452055,0,0,0.5,1.0,0.0,0,0,0.0,0.0,0.0,0.0,0.0,0.0,0.0,0.0,0.0,0,0,0,0.5,0.5,0.5,0.5,0.5,0.5,0.5,0.5,0.5,1,0,0,neutral,Unknown,individual,unknown,original,yes,0,0,0,0,0,0,0,0,0,0,0,0
365,4509,1279,7432,3.5254104769351056,20.361643835616437,0,0,0.5,1.0,0.0,0,0,0.0,0.0,0.0,0.0,0.0,0.0,0.0,0.0,0.0,0,0,0,0.5,0.5,0.5,0.5,0.5,0.5,0.5,0.5,0.5,1,0,0,neutral,Unknown,individual,unknown,original,yes,0,0,0,0,0,0,0,0,0,0,0,0
365,301867,357,9885,845.5658263305322,27.08219178082192,0,0,0.5,1.0,0.0,0,0,0.0,0.0,0.0,0.0,0.0,0.0,0.0,0.0,0.0,0,0,0,0.5,0.5,0.5,0.4,0.5,0.5,0.5,0.4600000000000001,0.5,1,0,0,neutral,Unknown,individual,unknown,original,yes,0,0,0,0,0,0,0,0,0,0,0,0
365,47125,6565,28370,7.178217821782178,77.72602739726027,0,0,0.5,1.0,0.0,0,0,0.0,0.0,0.0,0.0,0.0,0.0,0.0,0.0,0.0,0,0,0,0.5,0.5,0.5,0.5,0.5,0.5,0.5,0.5,0.5,1,0,0,neutral,Unknown,individual,unknown,original,yes,0,0,0,0,0,0,0,0,0,0,0,0
365,10781,5348,43080,2.0158937920718025,118.02739726027397,0,0,0.5,1.0,0.0,0,0,0.0,0.0,0.0,0.0,0.0,0.0,0.0,0.0,0.0,0,0,0,0.5,0.5,0.5,0.5,0.5,0.5,0.5,0.5,0.5,1,0,0,neutral,Unknown,individual,unknown,original,yes,0,0,0,0,0,0,0,0,0,0,0,0
365,16602,1149,28625,14.449086161879896,78.42465753424658,0,0,0.5,1.0,0.0,0,0,0.0,0.0,0.0,0.0,0.0,0.0,0.0,0.0,0.0,0,0,0,0.5,0.5,0.5,0.5,0.5,0.5,0.5,0.5,0.5,1,0,0,neutral,Unknown,individual,unknown,original,yes,0,0,0,0,0,0,0,0,0,0,0,0
365,18518,2035,34335,9.0997542997543,94.06849315068493,0,0,0.5,1.0,0.0,0,0,0.0,0.0,0.0,0.0,0.0,0.0,0.0,0.0,0.0,0,0,0,0.5,0.5,0.5,0.5,0.5,0.5,0.5,0.5,0.5,1,0,0,neutral,Unknown,individual,unknown,original,yes,0,0,0,0,0,0,0,0,0,0,0,0
365,4879,690,12730,7.071014492753624,34.87671232876713,0,0,0.5,1.0,0.0,0,0,0.0,0.0,0.0,0.0,0.0,0.0,0.0,0.0,0.0,0,0,0,0.5,0.5,0.5,0.5,0.5,0.5,0.5,0.5,0.5,1,0,0,neutral,Unknown,individual,unknown,original,yes,0,0,0,0,0,0,0,0,0,0,0,0
365,138577,225,70388,615.8977777777778,192.84383561643835,0,0,0.5,1.0,0.0,0,0,0.0,0.0,0.0,0.0,0.0,0.0,0.0,0.0,0.0,0,0,0,0.5,0.5,0.5,0.4,0.5,0.5,0.5,0.4600000000000001,0.5,1,0,0,neutral,Unknown,individual,unknown,original,yes,0,0,0,0,0,0,0,0,0,0,0,0
365,50379,6620,83676,7.61012084592145,229.24931506849316,0,0,0.5,1.0,0.0,0,0,0.0,0.0,0.0,0.0,0.0,0.0,0.0,0.0,0.0,0,0,0,0.5,0.5,0.5,0.5,0.5,0.5,0.5,0.5,0.5,1,0,0,neutral,Unknown,individual,unknown,original,yes,0,0,0,0,0,0,0,0,0,0,0,0
365,10806,3119,11963,3.4645719781981406,32.775342465753425,0,0,0.5,1.0,0.0,0,0,0.0,0.0,0.0,0.0,0.0,0.0,0.0,0.0,0.0,0,0,0,0.5,0.5,0.5,0.5,0.5,0.5,0.5,0.5,0.5,1,0,0,neutral,Unknown,individual,unknown,original,yes,0,0,0,0,0,0,0,0,0,0,0,0
365,22687,1132,7056,20.041519434628974,19.33150684931507,0,0,0.5,1.0,0.0,0,0,0.0,0.0,0.0,0.0,0.0,0.0,0.0,0.0,0.0,0,0,0,0.5,0.5,0.5,0.5,0.5,0.5,0.5,0.5,0.5,1,0,0,neutral,Unknown,individual,unknown,original,yes,0,0,0,0,0,0,0,0,0,0,0,0
365,2577,541,8790,4.763401109057301,24.08219178082192,0,0,0.5,1.0,0.0,0,0,0.0,0.0,0.0,0.0,0.0,0.0,0.0,0.0,0.0,0,0,0,0.5,0.5,0.5,0.5,0.5,0.5,0.5,0.5,0.5,1,0,0,neutral,Unknown,individual,unknown,original,yes,0,0,0,0,0,0,0,0,0,0,0,0
365,2442,1198,6247,2.038397328881469,17.115068493150684,0,0,0.5,1.0,0.0,0,0,0.0,0.0,0.0,0.0,0.0,0.0,0.0,0.0,0.0,0,0,0,0.5,0.5,0.5,0.5,0.5,0.5,0.5,0.5,0.5,1,0,0,neutral,Unknown,individual,unknown,original,yes,0,0,0,0,0,0,0,0,0,0,0,0
365,31047,292,9941,106.32534246575342,27.235616438356164,0,0,0.5,1.0,0.0,0,0,0.0,0.0,0.0,0.0,0.0,0.0,0.0,0.0,0.0,0,0,0,0.5,0.5,0.5,0.4,0.5,0.5,0.5,0.4600000000000001,0.5,1,0,0,neutral,Unknown,individual,unknown,original,yes,0,0,0,0,0,0,0,0,0,0,0,0
365,1625,1341,3394,1.2117822520507084,9.2986301369863,0,0,0.5,1.0,0.0,0,0,0.0,0.0,0.0,0.0,0.0,0.0,0.0,0.0,0.0,0,0,0,0.5,0.5,0.5,0.5,0.5,0.5,0.5,0.5,0.5,1,0,0,neutral,Unknown,individual,unknown,original,yes,0,0,0,0,0,0,0,0,0,0,0,0
365,47265,1096,19600,43.125,53.6986301369863,0,0,0.5,1.0,0.0,0,0,0.0,0.0,0.0,0.0,0.0,0.0,0.0,0.0,0.0,0,0,0,0.5,0.5,0.5,0.5,0.5,0.5,0.5,0.5,0.5,1,0,0,neutral,Unknown,individual,unknown,original,yes,0,0,0,0,0,0,0,0,0,0,0,0
365,6502,842,8630,7.72209026128266,23.643835616438356,0,0,0.5,1.0,0.0,0,0,0.0,0.0,0.0,0.0,0.0,0.0,0.0,0.0,0.0,0,0,0,0.5,0.5,0.5,0.5,0.5,0.5,0.5,0.5,0.5,1,0,0,neutral,Unknown,individual,unknown,original,yes,0,0,0,0,0,0,0,0,0,0,0,0
365,14395,689,8511,20.892597968069666,23.317808219178083,0,0,0.5,1.0,0.0,0,0,0.0,0.0,0.0,0.0,0.0,0.0,0.0,0.0,0.0,0,0,0,0.5,0.5,0.5,0.5,0.5,0.5,0.5,0.5,0.5,1,0,0,neutral,Unknown,individual,unknown,original,yes,0,0,0,0,0,0,0,0,0,0,0,0
365,13374,3184,22998,4.200376884422111,63.00821917808219,0,0,0.5,1.0,0.0,0,0,0.0,0.0,0.0,0.0,0.0,0.0,0.0,0.0,0.0,0,0,0,0.5,0.5,0.5,0.5,0.5,0.5,0.5,0.5,0.5,1,0,0,neutral,Unknown,individual,unknown,original,no,0,0,0,0,0,0,0,0,0,0,0,0
365,6231,1604,21794,3.884663341645885,59.70958904109589,0,0,0.5,1.0,0.0,0,0,0.0,0.0,0.0,0.0,0.0,0.0,0.0,0.0,0.0,0,0,0,0.5,0.5,0.5,0.5,0.5,0.5,0.5,0.5,0.5,1,0,0,neutral,Unknown,individual,unknown,original,no,0,0,0,0,0,0,0,0,0,0,0,0
365,17802551,2695,41187,6605.770315398887,112.84109589041095,0,0,0.5,1.0,0.0,0,0,0.0,0.0,0.0,0.0,0.0,0.0,0.0,0.0,0.0,0,0,0,0.5,0.5,0.5,0.4,0.5,0.5,0.5,0.4600000000000001,0.5,1,0,0,neutral,Unknown,individual,unknown,original,yes,0,0,0,0,0,0,0,0,0,0,0,0
365,86742,350,14365,247.83428571428573,39.35616438356164,0,0,0.5,1.0,0.0,0,0,0.0,0.0,0.0,0.0,0.0,0.0,0.0,0.0,0.0,0,0,0,0.5,0.5,0.5,0.4,0.5,0.5,0.5,0.4600000000000001,0.5,1,0,0,neutral,Unknown,individual,unknown,original,yes,0,0,0,0,0,0,0,0,0,0,0,0
365,2695,2815,25935,0.9573712255772646,71.05479452054794,0,0,0.5,1.0,0.0,0,0,0.0,0.0,0.0,0.0,0.0,0.0,0.0,0.0,0.0,0,0,0,0.5,0.5,0.5,0.5,0.5,0.5,0.5,0.5,0.5,1,0,0,neutral,Unknown,individual,unknown,original,yes,0,0,0,0,0,0,0,0,0,0,0,0
365,9839,2082,175787,4.7257444764649374,481.6082191780822,0,0,0.5,1.0,0.0,0,0,0.0,0.0,0.0,0.0,0.0,0.0,0.0,0.0,0.0,0,0,0,0.5,0.5,0.5,0.5,0.5,0.5,0.5,0.5,0.5,1,0,0,neutral,Unknown,individual,unknown,original,yes,0,0,0,0,0,0,0,0,0,0,0,0
365,3058,2230,13932,1.3713004484304934,38.16986301369863,0,0,0.5,1.0,0.0,0,0,0.0,0.0,0.0,0.0,0.0,0.0,0.0,0.0,0.0,0,0,0,0.5,0.5,0.5,0.5,0.5,0.5,0.5,0.5,0.5,1,0,0,neutral,Unknown,individual,unknown,original,yes,0,0,0,0,0,0,0,0,0,0,0,0
365,1545,440,7202,3.5113636363636362,19.731506849315068,0,0,0.5,1.0,0.0,0,0,0.0,0.0,0.0,0.0,0.0,0.0,0.0,0.0,0.0,0,0,0,0.5,0.5,0.5,0.5,0.5,0.5,0.5,0.5,0.5,1,0,0,neutral,Unknown,individual,unknown,original,yes,0,0,0,0,0,0,0,0,0,0,0,0
365,58857,262,20250,224.64503816793894,55.47945205479452,0,0,0.5,1.0,0.0,0,0,0.0,0.0,0.0,0.0,0.0,0.0,0.0,0.0,0.0,0,0,0,0.5,0.5,0.5,0.4,0.5,0.5,0.5,0.4600000000000001,0.5,1,0,0,neutral,Unknown,individual,unknown,original,yes,0,0,0,0,0,0,0,0,0,0,0,0
365,43382,5095,23127,8.514622178606476,63.36164383561644,0,0,0.5,1.0,0.0,0,0,0.0,0.0,0.0,0.0,0.0,0.0,0.0,0.0,0.0,0,0,0,0.5,0.5,0.5,0.5,0.5,0.5,0.5,0.5,0.5,1,0,0,neutral,Unknown,individual,unknown,original,yes,0,0,0,0,0,0,0,0,0,0,0,0
365,1486,3297,17829,0.45071276918410674,48.846575342465755,0,0,0.5,1.0,0.0,0,0,0.0,0.0,0.0,0.0,0.0,0.0,0.0,0.0,0.0,0,0,0,0.5,0.5,0.5,0.5,0.5,0.5,0.5,0.5,0.5,1,0,0,neutral,Unknown,individual,unknown,original,yes,0,0,0,0,0,0,0,0,0,0,0,0
365,766651,1531,181209,500.7517962116264,496.46301369863016,0,0,0.5,1.0,0.0,0,0,0.0,0.0,0.0,0.0,0.0,0.0,0.0,0.0,0.0,0,0,0,0.5,0.5,0.5,0.4,0.5,0.5,0.5,0.4600000000000001,0.5,1,0,0,neutral,Unknown,individual,unknown,original,yes,0,0,0,0,0,0,0,0,0,0,0,0
365,9046,79,28795,114.50632911392405,78.89041095890411,0,0,0.5,1.0,0.0,0,0,0.0,0.0,0.0,0.0,0.0,0.0,0.0,0.0,0.0,0,0,0,0.5,0.5,0.5,0.4,0.5,0.5,0.5,0.4600000000000001,0.5,1,0,0,neutral,Unknown,individual,unknown,original,yes,0,0,0,0,0,0,0,0,0,0,0,0
365,1432,1087,9100,1.3173873045078197,24.931506849315067,0,0,0.5,1.0,0.0,0,0,0.0,0.0,0.0,0.0,0.0,0.0,0.0,0.0,0.0,0,0,0,0.5,0.5,0.5,0.5,0.5,0.5,0.5,0.5,0.5,1,0,0,neutral,Unknown,individual,unknown,original,yes,0,0,0,0,0,0,0,0,0,0,0,0
365,7897,2686,704,2.94005956813105,1.9287671232876713,0,0,0.5,1.0,0.0,0,0,0.0,0.0,0.0,0.0,0.0,0.0,0.0,0.0,0.0,0,0,0,0.5,0.5,0.5,0.5,0.5,0.5,0.5,0.5,0.5,1,0,0,neutral,Unknown,individual,unknown,original,yes,0,0,0,0,0,0,0,0,0,0,0,0
365,26440,4059,43844,6.513919684651392,120.12054794520547,0,0,0.5,1.0,0.0,0,0,0.0,0.0,0.0,0.0,0.0,0.0,0.0,0.0,0.0,0,0,0,0.5,0.5,0.5,0.5,0.5,0.5,0.5,0.5,0.5,1,0,0,neutral,Unknown,individual,unknown,original,yes,0,0,0,0,0,0,0,0,0,0,0,0
365,5995,5684,7373,1.0547149894440535,20.2,0,0,0.5,1.0,0.0,0,0,0.0,0.0,0.0,0.0,0.0,0.0,0.0,0.0,0.0,0,0,0,0.5,0.5,0.5,0.5,0.5,0.5,0.5,0.5,0.5,1,0,0,neutral,Unknown,individual,unknown,original,yes,0,0,0,0,0,0,0,0,0,0,0,0
365,2191,1552,46232,1.4117268041237114,126.66301369863014,0,0,0.5,1.0,0.0,0,0,0.0,0.0,0.0,0.0,0.0,0.0,0.0,0.0,0.0,0,0,0,0.5,0.5,0.5,0.5,0.5,0.5,0.5,0.5,0.5,1,0,0,neutral,Unknown,individual,unknown,original,yes,0,0,0,0,0,0,0,0,0,0,0,0
365,22817,19839,46334,1.1501083723978023,126.94246575342466,0,0,0.5,1.0,0.0,0,0,0.0,0.0,0.0,0.0,0.0,0.0,0.0,0.0,0.0,0,0,0,0.5,0.5,0.5,0.5,0.5,0.5,0.5,0.5,0.5,1,0,0,neutral,Unknown,individual,unknown,original,yes,0,0,0,0,0,0,0,0,0,0,0,0
365,2843,302,29881,9.413907284768213,81.86575342465754,0,0,0.5,1.0,0.0,0,0,0.0,0.0,0.0,0.0,0.0,0.0,0.0,0.0,0.0,0,0,0,0.5,0.5,0.5,0.5,0.5,0.5,0.5,0.5,0.5,1,0,0,neutral,Unknown,individual,unknown,original,yes,0,0,0,0,0,0,0,0,0,0,0,0
365,5627,1700,47429,3.31,129.94246575342467,0,0,0.5,1.0,0.0,0,0,0.0,0.0,0.0,0.0,0.0,0.0,0.0,0.0,0.0,0,0,0,0.5,0.5,0.5,0.5,0.5,0.5,0.5,0.5,0.5,1,0,0,neutral,Unknown,individual,unknown,original,yes,0,0,0,0,0,0,0,0,0,0,0,0
365,3674,655,14019,5.6091603053435115,38.40821917808219,0,0,0.5,1.0,0.0,0,0,0.0,0.0,0.0,0.0,0.0,0.0,0.0,0.0,0.0,0,0,0,0.5,0.5,0.5,0.5,0.5,0.5,0.5,0.5,0.5,1,0,0,neutral,Unknown,individual,unknown,original,yes,0,0,0,0,0,0,0,0,0,0,0,0
365,4961,2903,5899,1.70892180502928,16.161643835616438,0,0,0.5,1.0,0.0,0,0,0.0,0.0,0.0,0.0,0.0,0.0,0.0,0.0,0.0,0,0,0,0.5,0.5,0.5,0.5,0.5,0.5,0.5,0.5,0.5,1,0,0,neutral,Unknown,individual,unknown,original,yes,0,0,0,0,0,0,0,0,0,0,0,0
365,1972,1417,17453,1.3916725476358505,47.81643835616438,0,0,0.5,1.0,0.0,0,0,0.0,0.0,0.0,0.0,0.0,0.0,0.0,0.0,0.0,0,0,0,0.5,0.5,0.5,0.5,0.5,0.5,0.5,0.5,0.5,1,0,0,neutral,Unknown,individual,unknown,original,yes,0,0,0,0,0,0,0,0,0,0,0,0
365,4811,261,12334,18.43295019157088,33.79178082191781,0,0,0.5,1.0,0.0,0,0,0.0,0.0,0.0,0.0,0.0,0.0,0.0,0.0,0.0,0,0,0,0.5,0.5,0.5,0.5,0.5,0.5,0.5,0.5,0.5,1,0,0,neutral,Unknown,individual,unknown,original,yes,0,0,0,0,0,0,0,0,0,0,0,0
365,1245,2729,8766,0.4562110663246611,24.016438356164382,0,0,0.5,1.0,0.0,0,0,0.0,0.0,0.0,0.0,0.0,0.0,0.0,0.0,0.0,0,0,0,0.5,0.5,0.5,0.5,0.5,0.5,0.5,0.5,0.5,1,0,0,neutral,Unknown,individual,unknown,original,yes,0,0,0,0,0,0,0,0,0,0,0,0
365,39388,1286,63778,30.628304821150856,174.73424657534247,0,0,0.5,1.0,0.0,0,0,0.0,0.0,0.0,0.0,0.0,0.0,0.0,0.0,0.0,0,0,0,0.5,0.5,0.5,0.5,0.5,0.5,0.5,0.5,0.5,1,0,0,neutral,Unknown,individual,unknown,original,yes,0,0,0,0,0,0,0,0,0,0,0,0
365,4744,1743,4924,2.7217441193344807,13.490410958904109,0,0,0.5,1.0,0.0,0,0,0.0,0.0,0.0,0.0,0.0,0.0,0.0,0.0,0.0,0,0,0,0.5,0.5,0.5,0.5,0.5,0.5,0.5,0.5,0.5,1,0,0,neutral,Unknown,individual,unknown,original,yes,0,0,0,0,0,0,0,0,0,0,0,0
365,3446,1540,10940,2.2376623376623375,29.972602739726028,0,0,0.5,1.0,0.0,0,0,0.0,0.0,0.0,0.0,0.0,0.0,0.0,0.0,0.0,0,0,0,0.5,0.5,0.5,0.5,0.5,0.5,0.5,0.5,0.5,1,0,0,neutral,Unknown,individual,unknown,original,yes,0,0,0,0,0,0,0,0,0,0,0,0
365,28520,6412,3528,4.447910168434186,9.665753424657535,0,0,0.5,1.0,0.0,0,0,0.0,0.0,0.0,0.0,0.0,0.0,0.0,0.0,0.0,0,0,0,0.5,0.5,0.5,0.5,0.5,0.5,0.5,0.5,0.5,1,0,0,neutral,Unknown,individual,unknown,original,yes,0,0,0,0,0,0,0,0,0,0,0,0
365,24147,701,2198,34.44650499286733,6.021917808219178,0,0,0.5,1.0,0.0,0,0,0.0,0.0,0.0,0.0,0.0,0.0,0.0,0.0,0.0,0,0,0,0.5,0.5,0.5,0.5,0.5,0.5,0.5,0.5,0.5,1,0,0,neutral,Unknown,individual,unknown,original,yes,0,0,0,0,0,0,0,0,0,0,0,0
365,10024,997,16774,10.054162487462387,45.95616438356164,0,0,0.5,1.0,0.0,0,0,0.0,0.0,0.0,0.0,0.0,0.0,0.0,0.0,0.0,0,0,0,0.5,0.5,0.5,0.5,0.5,0.5,0.5,0.5,0.5,1,0,0,neutral,Unknown,individual,unknown,original,yes,0,0,0,0,0,0,0,0,0,0,0,0
365,13213,3900,64129,3.387948717948718,175.6958904109589,0,0,0.5,1.0,0.0,0,0,0.0,0.0,0.0,0.0,0.0,0.0,0.0,0.0,0.0,0,0,0,0.5,0.5,0.5,0.5,0.5,0.5,0.5,0.5,0.5,1,0,0,neutral,Unknown,individual,unknown,original,yes,0,0,0,0,0,0,0,0,0,0,0,0
365,3107,1766,6990,1.759343148357871,19.15068493150685,0,0,0.5,1.0,0.0,0,0,0.0,0.0,0.0,0.0,0.0,0.0,0.0,0.0,0.0,0,0,0,0.5,0.5,0.5,0.5,0.5,0.5,0.5,0.5,0.5,1,0,0,neutral,Unknown,individual,unknown,original,yes,0,0,0,0,0,0,0,0,0,0,0,0
365,3639,3283,21891,1.1084374048126713,59.97534246575343,0,0,0.5,1.0,0.0,0,0,0.0,0.0,0.0,0.0,0.0,0.0,0.0,0.0,0.0,0,0,0,0.5,0.5,0.5,0.5,0.5,0.5,0.5,0.5,0.5,1,0,0,neutral,Unknown,individual,unknown,original,yes,0,0,0,0,0,0,0,0,0,0,0,0
365,4181,317,72459,13.189274447949527,198.51780821917808,0,0,0.5,1.0,0.0,0,0,0.0,0.0,0.0,0.0,0.0,0.0,0.0,0.0,0.0,0,0,0,0.5,0.5,0.5,0.5,0.5,0.5,0.5,0.5,0.5,1,0,0,neutral,Unknown,individual,unknown,original,yes,0,0,0,0,0,0,0,0,0,0,0,0
365,4859,1385,11545,3.508303249097473,31.63013698630137,0,0,0.5,1.0,0.0,0,0,0.0,0.0,0.0,0.0,0.0,0.0,0.0,0.0,0.0,0,0,0,0.5,0.5,0.5,0.5,0.5,0.5,0.5,0.5,0.5,1,0,0,neutral,Unknown,individual,unknown,original,yes,0,0,0,0,0,0,0,0,0,0,0,0
365,70513,2700,19013,26.115925925925925,52.09041095890411,0,0,0.5,1.0,0.0,0,0,0.0,0.0,0.0,0.0,0.0,0.0,0.0,0.0,0.0,0,0,0,0.5,0.5,0.5,0.5,0.5,0.5,0.5,0.5,0.5,1,0,0,neutral,Unknown,individual,unknown,original,yes,0,0,0,0,0,0,0,0,0,0,0,0
365,1737,403,10528,4.310173697270471,28.843835616438355,0,0,0.5,1.0,0.0,0,0,0.0,0.0,0.0,0.0,0.0,0.0,0.0,0.0,0.0,0,0,0,0.5,0.5,0.5,0.5,0.5,0.5,0.5,0.5,0.5,1,0,0,neutral,Unknown,individual,unknown,original,yes,0,0,0,0,0,0,0,0,0,0,0,0
365,11260,9480,8857,1.1877637130801688,24.265753424657536,0,0,0.5,1.0,0.0,0,0,0.0,0.0,0.0,0.0,0.0,0.0,0.0,0.0,0.0,0,0,0,0.5,0.5,0.5,0.5,0.5,0.5,0.5,0.5,0.5,1,0,0,neutral,Unknown,individual,unknown,original,yes,0,0,0,0,0,0,0,0,0,0,0,0
365,2418,654,269,3.697247706422018,0.736986301369863,0,0,0.5,1.0,0.0,0,0,0.0,0.0,0.0,0.0,0.0,0.0,0.0,0.0,0.0,0,0,0,0.5,0.5,0.5,0.5,0.5,0.5,0.5,0.5,0.5,1,0,0,neutral,Unknown,individual,unknown,original,yes,0,0,0,0,0,0,0,0,0,0,0,0
365,77896,49408,422358,1.5765867875647668,1157.145205479452,0,0,0.5,1.0,0.0,0,0,0.0,0.0,0.0,0.0,0.0,0.0,0.0,0.0,0.0,0,0,0,0.5,0.5,0.5,0.5,0.5,0.5,0.5,0.5,0.5,1,0,0,neutral,Unknown,individual,unknown,original,yes,0,0,0,0,0,0,0,0,0,0,0,0
365,11954,327,8505,36.5565749235474,23.301369863013697,0,0,0.5,1.0,0.0,0,0,0.0,0.0,0.0,0.0,0.0,0.0,0.0,0.0,0.0,0,0,0,0.5,0.5,0.5,0.5,0.5,0.5,0.5,0.5,0.5,1,0,0,neutral,Unknown,individual,unknown,original,yes,0,0,0,0,0,0,0,0,0,0,0,0
365,9330,4875,44945,1.9138461538461538,123.13698630136986,0,0,0.5,1.0,0.0,0,0,0.0,0.0,0.0,0.0,0.0,0.0,0.0,0.0,0.0,0,0,0,0.5,0.5,0.5,0.5,0.5,0.5,0.5,0.5,0.5,1,0,0,neutral,Unknown,individual,unknown,original,yes,0,0,0,0,0,0,0,0,0,0,0,0
365,7174,623,12229,11.515248796147672,33.50410958904109,0,0,0.5,1.0,0.0,0,0,0.0,0.0,0.0,0.0,0.0,0.0,0.0,0.0,0.0,0,0,0,0.5,0.5,0.5,0.5,0.5,0.5,0.5,0.5,0.5,1,0,0,neutral,Unknown,individual,unknown,original,yes,0,0,0,0,0,0,0,0,0,0,0,0
365,3554,410,7659,8.668292682926829,20.983561643835618,0,0,0.5,1.0,0.0,0,0,0.0,0.0,0.0,0.0,0.0,0.0,0.0,0.0,0.0,0,0,0,0.5,0.5,0.5,0.5,0.5,0.5,0.5,0.5,0.5,1,0,0,neutral,Unknown,individual,unknown,original,yes,0,0,0,0,0,0,0,0,0,0,0,0
365,1054,1042,9117,1.0115163147792707,24.97808219178082,0,0,0.5,1.0,0.0,0,0,0.0,0.0,0.0,0.0,0.0,0.0,0.0,0.0,0.0,0,0,0,0.5,0.5,0.5,0.5,0.5,0.5,0.5,0.5,0.5,1,0,0,neutral,Unknown,individual,unknown,original,yes,0,0,0,0,0,0,0,0,0,0,0,0
365,15875,3281,37610,4.838463882962511,103.04109589041096,0,0,0.5,1.0,0.0,0,0,0.0,0.0,0.0,0.0,0.0,0.0,0.0,0.0,0.0,0,0,0,0.5,0.5,0.5,0.5,0.5,0.5,0.5,0.5,0.5,1,0,0,neutral,Unknown,individual,unknown,original,yes,0,0,0,0,0,0,0,0,0,0,0,0
365,1231,250,28206,4.924,77.27671232876712,0,0,0.5,1.0,0.0,0,0,0.0,0.0,0.0,0.0,0.0,0.0,0.0,0.0,0.0,0,0,0,0.5,0.5,0.5,0.5,0.5,0.5,0.5,0.5,0.5,1,0,0,neutral,Unknown,individual,unknown,original,yes,0,0,0,0,0,0,0,0,0,0,0,0
365,263918,23,4949,11474.695652173914,13.558904109589042,0,0,0.5,1.0,0.0,0,0,0.0,0.0,0.0,0.0,0.0,0.0,0.0,0.0,0.0,0,0,0,0.5,0.5,0.5,0.4,0.5,0.5,0.5,0.4600000000000001,0.5,1,0,0,neutral,Unknown,individual,unknown,original,yes,0,0,0,0,0,0,0,0,0,0,0,0
365,217857,5633,170181,38.675128705840585,466.24931506849316,0,0,0.5,1.0,0.0,0,0,0.0,0.0,0.0,0.0,0.0,0.0,0.0,0.0,0.0,0,0,0,0.5,0.5,0.5,0.5,0.5,0.5,0.5,0.5,0.5,1,0,0,neutral,Unknown,individual,unknown,original,yes,0,0,0,0,0,0,0,0,0,0,0,0
365,2337,89,2889,26.258426966292134,7.9150684931506845,0,0,0.5,1.0,0.0,0,0,0.0,0.0,0.0,0.0,0.0,0.0,0.0,0.0,0.0,0,0,0,0.5,0.5,0.5,0.5,0.5,0.5,0.5,0.5,0.5,1,0,0,neutral,Unknown,individual,unknown,original,yes,0,0,0,0,0,0,0,0,0,0,0,0
365,6192,577,42640,10.731369150779896,116.82191780821918,0,0,0.5,1.0,0.0,0,0,0.0,0.0,0.0,0.0,0.0,0.0,0.0,0.0,0.0,0,0,0,0.5,0.5,0.5,0.5,0.5,0.5,0.5,0.5,0.5,1,0,0,neutral,Unknown,individual,unknown,original,yes,0,0,0,0,0,0,0,0,0,0,0,0
365,3119,923,4806,3.3791982665222102,13.167123287671233,0,0,0.5,1.0,0.0,0,0,0.0,0.0,0.0,0.0,0.0,0.0,0.0,0.0,0.0,0,0,0,0.5,0.5,0.5,0.5,0.5,0.5,0.5,0.5,0.5,1,0,0,neutral,Unknown,individual,unknown,original,yes,0,0,0,0,0,0,0,0,0,0,0,0
365,4856,259,1164,18.74903474903475,3.1890410958904107,0,0,0.5,1.0,0.0,0,0,0.0,0.0,0.0,0.0,0.0,0.0,0.0,0.0,0.0,0,0,0,0.5,0.5,0.5,0.5,0.5,0.5,0.5,0.5,0.5,1,0,0,neutral,Unknown,individual,unknown,original,yes,0,0,0,0,0,0,0,0,0,0,0,0
365,50481,2676,28013,18.864349775784753,76.74794520547945,0,0,0.5,1.0,0.0,0,0,0.0,0.0,0.0,0.0,0.0,0.0,0.0,0.0,0.0,0,0,0,0.5,0.5,0.5,0.5,0.5,0.5,0.5,0.5,0.5,1,0,0,neutral,Unknown,individual,unknown,original,yes,0,0,0,0,0,0,0,0,0,0,0,0
365,2812,1550,202,1.8141935483870968,0.5534246575342465,0,0,0.5,1.0,0.0,0,0,0.0,0.0,0.0,0.0,0.0,0.0,0.0,0.0,0.0,0,0,0,0.5,0.5,0.5,0.5,0.5,0.5,0.5,0.5,0.5,1,0,0,neutral,Unknown,individual,unknown,original,yes,0,0,0,0,0,0,0,0,0,0,0,0
365,60889,572,21429,106.4493006993007,58.70958904109589,0,0,0.5,1.0,0.0,0,0,0.0,0.0,0.0,0.0,0.0,0.0,0.0,0.0,0.0,0,0,0,0.5,0.5,0.5,0.4,0.5,0.5,0.5,0.4600000000000001,0.5,1,0,0,neutral,Unknown,individual,unknown,original,yes,0,0,0,0,0,0,0,0,0,0,0,0
365,19880,1832,31709,10.851528384279476,86.87397260273973,0,0,0.5,1.0,0.0,0,0,0.0,0.0,0.0,0.0,0.0,0.0,0.0,0.0,0.0,0,0,0,0.5,0.5,0.5,0.5,0.5,0.5,0.5,0.5,0.5,1,0,0,neutral,Unknown,individual,unknown,original,yes,0,0,0,0,0,0,0,0,0,0,0,0
365,14490,894,91107,16.20805369127517,249.60821917808218,0,0,0.5,1.0,0.0,0,0,0.0,0.0,0.0,0.0,0.0,0.0,0.0,0.0,0.0,0,0,0,0.5,0.5,0.5,0.5,0.5,0.5,0.5,0.5,0.5,1,0,0,neutral,Unknown,individual,unknown,original,yes,0,0,0,0,0,0,0,0,0,0,0,0
365,4817,1836,25258,2.6236383442265794,69.2,0,0,0.5,1.0,0.0,0,0,0.0,0.0,0.0,0.0,0.0,0.0,0.0,0.0,0.0,0,0,0,0.5,0.5,0.5,0.5,0.5,0.5,0.5,0.5,0.5,1,0,0,neutral,Unknown,individual,unknown,original,yes,0,0,0,0,0,0,0,0,0,0,0,0
365,2089,560,7778,3.7303571428571427,21.30958904109589,0,0,0.5,1.0,0.0,0,0,0.0,0.0,0.0,0.0,0.0,0.0,0.0,0.0,0.0,0,0,0,0.5,0.5,0.5,0.5,0.5,0.5,0.5,0.5,0.5,1,0,0,neutral,Unknown,individual,unknown,original,yes,0,0,0,0,0,0,0,0,0,0,0,0
365,18217,4450,6455,4.09370786516854,17.684931506849313,0,0,0.5,1.0,0.0,0,0,0.0,0.0,0.0,0.0,0.0,0.0,0.0,0.0,0.0,0,0,0,0.5,0.5,0.5,0.5,0.5,0.5,0.5,0.5,0.5,1,0,0,neutral,Unknown,individual,unknown,original,yes,0,0,0,0,0,0,0,0,0,0,0,0
365,2956,1003,8065,2.9471585244267198,22.095890410958905,0,0,0.5,1.0,0.0,0,0,0.0,0.0,0.0,0.0,0.0,0.0,0.0,0.0,0.0,0,0,0,0.5,0.5,0.5,0.5,0.5,0.5,0.5,0.5,0.5,1,0,0,neutral,Unknown,individual,unknown,original,yes,0,0,0,0,0,0,0,0,0,0,0,0
365,4767,1193,18555,3.9958088851634534,50.83561643835616,0,0,0.5,1.0,0.0,0,0,0.0,0.0,0.0,0.0,0.0,0.0,0.0,0.0,0.0,0,0,0,0.5,0.5,0.5,0.5,0.5,0.5,0.5,0.5,0.5,1,0,0,neutral,Unknown,individual,unknown,original,yes,0,0,0,0,0,0,0,0,0,0,0,0
365,340946,128736,63184,2.6484122545364155,173.1068493150685,0,0,0.5,1.0,0.0,0,0,0.0,0.0,0.0,0.0,0.0,0.0,0.0,0.0,0.0,0,0,0,0.5,0.5,0.5,0.5,0.5,0.5,0.5,0.5,0.5,1,0,0,neutral,Unknown,individual,unknown,original,yes,0,0,0,0,0,0,0,0,0,0,0,0
365,10712,1426,25838,7.511921458625526,70.78904109589041,0,0,0.5,1.0,0.0,0,0,0.0,0.0,0.0,0.0,0.0,0.0,0.0,0.0,0.0,0,0,0,0.5,0.5,0.5,0.5,0.5,0.5,0.5,0.5,0.5,1,0,0,neutral,Unknown,individual,unknown,original,yes,0,0,0,0,0,0,0,0,0,0,0,0
365,201258,997,113643,201.86359077231694,311.35068493150686,0,0,0.5,1.0,0.0,0,0,0.0,0.0,0.0,0.0,0.0,0.0,0.0,0.0,0.0,0,0,0,0.5,0.5,0.5,0.4,0.5,0.5,0.5,0.4600000000000001,0.5,1,0,0,neutral,Unknown,individual,unknown,original,yes,0,0,0,0,0,0,0,0,0,0,0,0
365,37084,379,716,97.84696569920844,1.9616438356164383,0,0,0.5,1.0,0.0,0,0,0.0,0.0,0.0,0.0,0.0,0.0,0.0,0.0,0.0,0,0,0,0.5,0.5,0.5,0.5,0.5,0.5,0.5,0.5,0.5,1,0,0,neutral,Unknown,individual,unknown,original,yes,0,0,0,0,0,0,0,0,0,0,0,0
365,24844,23738,19256,1.046591962254613,52.75616438356165,0,0,0.5,1.0,0.0,0,0,0.0,0.0,0.0,0.0,0.0,0.0,0.0,0.0,0.0,0,0,0,0.5,0.5,0.5,0.5,0.5,0.5,0.5,0.5,0.5,1,0,0,neutral,Unknown,individual,unknown,original,yes,0,0,0,0,0,0,0,0,0,0,0,0
365,4062,909,4776,4.468646864686469,13.084931506849315,0,0,0.5,1.0,0.0,0,0,0.0,0.0,0.0,0.0,0.0,0.0,0.0,0.0,0.0,0,0,0,0.5,0.5,0.5,0.5,0.5,0.5,0.5,0.5,0.5,1,0,0,neutral,Unknown,individual,unknown,original,yes,0,0,0,0,0,0,0,0,0,0,0,0
365,14710,3531,11551,4.1659586519399605,31.646575342465752,0,0,0.5,1.0,0.0,0,0,0.0,0.0,0.0,0.0,0.0,0.0,0.0,0.0,0.0,0,0,0,0.5,0.5,0.5,0.5,0.5,0.5,0.5,0.5,0.5,1,0,0,neutral,Unknown,individual,unknown,original,yes,0,0,0,0,0,0,0,0,0,0,0,0
365,19475,459,4099,42.429193899782135,11.23013698630137,0,0,0.5,1.0,0.0,0,0,0.0,0.0,0.0,0.0,0.0,0.0,0.0,0.0,0.0,0,0,0,0.5,0.5,0.5,0.5,0.5,0.5,0.5,0.5,0.5,1,0,0,neutral,Unknown,individual,unknown,original,yes,0,0,0,0,0,0,0,0,0,0,0,0
365,10952,2762,111102,3.9652425778421434,304.38904109589043,0,0,0.5,1.0,0.0,0,0,0.0,0.0,0.0,0.0,0.0,0.0,0.0,0.0,0.0,0,0,0,0.5,0.5,0.5,0.5,0.5,0.5,0.5,0.5,0.5,1,0,0,neutral,Unknown,individual,unknown,original,yes,0,0,0,0,0,0,0,0,0,0,0,0
365,13367,1758,4877,7.603526734926052,13.361643835616439,0,0,0.5,1.0,0.0,0,0,0.0,0.0,0.0,0.0,0.0,0.0,0.0,0.0,0.0,0,0,0,0.5,0.5,0.5,0.5,0.5,0.5,0.5,0.5,0.5,1,0,0,neutral,Unknown,individual,unknown,original,yes,0,0,0,0,0,0,0,0,0,0,0,0
365,63788,8301,23193,7.684375376460667,63.54246575342466,0,0,0.5,1.0,0.0,0,0,0.0,0.0,0.0,0.0,0.0,0.0,0.0,0.0,0.0,0,0,0,0.5,0.5,0.5,0.5,0.5,0.5,0.5,0.5,0.5,1,0,0,neutral,Unknown,individual,unknown,original,yes,0,0,0,0,0,0,0,0,0,0,0,0
365,114636,1644,173995,69.72992700729927,476.6986301369863,0,0,0.5,1.0,0.0,0,0,0.0,0.0,0.0,0.0,0.0,0.0,0.0,0.0,0.0,0,0,0,0.5,0.5,0.5,0.5,0.5,0.5,0.5,0.5,0.5,1,0,0,neutral,Unknown,individual,unknown,original,yes,0,0,0,0,0,0,0,0,0,0,0,0
365,12935,2923,113134,4.42524803284297,309.95616438356166,0,0,0.5,1.0,0.0,0,0,0.0,0.0,0.0,0.0,0.0,0.0,0.0,0.0,0.0,0,0,0,0.5,0.5,0.5,0.5,0.5,0.5,0.5,0.5,0.5,1,0,0,neutral,Unknown,individual,unknown,original,no,0,0,0,0,0,0,0,0,0,0,0,0
365,46674,1953,33102,23.898617511520737,90.69041095890411,0,0,0.5,1.0,0.0,0,0,0.0,0.0,0.0,0.0,0.0,0.0,0.0,0.0,0.0,0,0,0,0.5,0.5,0.5,0.5,0.5,0.5,0.5,0.5,0.5,1,0,0,neutral,Unknown,individual,unknown,original,yes,0,0,0,0,0,0,0,0,0,0,0,0
365,4312,725,2925,5.947586206896552,8.013698630136986,0,0,0.5,1.0,0.0,0,0,0.0,0.0,0.0,0.0,0.0,0.0,0.0,0.0,0.0,0,0,0,0.5,0.5,0.5,0.5,0.5,0.5,0.5,0.5,0.5,1,0,0,neutral,Unknown,individual,unknown,original,yes,0,0,0,0,0,0,0,0,0,0,0,0
365,2861,1246,3650,2.296147672552167,10.0,0,0,0.5,1.0,0.0,0,0,0.0,0.0,0.0,0.0,0.0,0.0,0.0,0.0,0.0,0,0,0,0.5,0.5,0.5,0.5,0.5,0.5,0.5,0.5,0.5,1,0,0,neutral,Unknown,individual,unknown,original,yes,0,0,0,0,0,0,0,0,0,0,0,0
365,7666,885,19561,8.662146892655366,53.59178082191781,0,0,0.5,1.0,0.0,0,0,0.0,0.0,0.0,0.0,0.0,0.0,0.0,0.0,0.0,0,0,0,0.5,0.5,0.5,0.5,0.5,0.5,0.5,0.5,0.5,1,0,0,neutral,Unknown,individual,unknown,original,yes,0,0,0,0,0,0,0,0,0,0,0,0
365,17949,901,33653,19.921198668146506,92.2,0,0,0.5,1.0,0.0,0,0,0.0,0.0,0.0,0.0,0.0,0.0,0.0,0.0,0.0,0,0,0,0.5,0.5,0.5,0.5,0.5,0.5,0.5,0.5,0.5,1,0,0,neutral,Unknown,individual,unknown,original,yes,0,0,0,0,0,0,0,0,0,0,0,0
365,14722,970,22544,15.177319587628865,61.76438356164383,0,0,0.5,1.0,0.0,0,0,0.0,0.0,0.0,0.0,0.0,0.0,0.0,0.0,0.0,0,0,0,0.5,0.5,0.5,0.5,0.5,0.5,0.5,0.5,0.5,1,0,0,neutral,Unknown,individual,unknown,original,yes,0,0,0,0,0,0,0,0,0,0,0,0
365,5958,1803,49364,3.3044925124792015,135.24383561643836,0,0,0.5,1.0,0.0,0,0,0.0,0.0,0.0,0.0,0.0,0.0,0.0,0.0,0.0,0,0,0,0.5,0.5,0.5,0.5,0.5,0.5,0.5,0.5,0.5,1,0,0,neutral,Unknown,individual,unknown,original,yes,0,0,0,0,0,0,0,0,0,0,0,0
365,104219,3681,44780,28.312686769899482,122.68493150684931,0,0,0.5,1.0,0.0,0,0,0.0,0.0,0.0,0.0,0.0,0.0,0.0,0.0,0.0,0,0,0,0.5,0.5,0.5,0.5,0.5,0.5,0.5,0.5,0.5,1,0,0,neutral,Unknown,individual,unknown,original,yes,0,0,0,0,0,0,0,0,0,0,0,0
365,54887,524,9316,104.74618320610686,25.523287671232875,0,0,0.5,1.0,0.0,0,0,0.0,0.0,0.0,0.0,0.0,0.0,0.0,0.0,0.0,0,0,0,0.5,0.5,0.5,0.4,0.5,0.5,0.5,0.4600000000000001,0.5,1,0,0,neutral,Unknown,individual,unknown,original,yes,0,0,0,0,0,0,0,0,0,0,0,0
365,61644,811,8406,76.00986436498151,23.03013698630137,0,0,0.5,1.0,0.0,0,0,0.0,0.0,0.0,0.0,0.0,0.0,0.0,0.0,0.0,0,0,0,0.5,0.5,0.5,0.5,0.5,0.5,0.5,0.5,0.5,1,0,0,neutral,Unknown,individual,unknown,original,yes,0,0,0,0,0,0,0,0,0,0,0,0
365,14149,1024,59736,13.8173828125,163.66027397260274,0,0,0.5,1.0,0.0,0,0,0.0,0.0,0.0,0.0,0.0,0.0,0.0,0.0,0.0,0,0,0,0.5,0.5,0.5,0.5,0.5,0.5,0.5,0.5,0.5,1,0,0,neutral,Unknown,individual,unknown,original,yes,0,0,0,0,0,0,0,0,0,0,0,0
365,16253,260,11273,62.511538461538464,30.884931506849316,0,0,0.5,1.0,0.0,0,0,0.0,0.0,0.0,0.0,0.0,0.0,0.0,0.0,0.0,0,0,0,0.5,0.5,0.5,0.5,0.5,0.5,0.5,0.5,0.5,1,0,0,neutral,Unknown,individual,unknown,original,yes,0,0,0,0,0,0,0,0,0,0,0,0
365,149378,256,40183,583.5078125,110.09041095890412,0,0,0.5,1.0,0.0,0,0,0.0,0.0,0.0,0.0,0.0,0.0,0.0,0.0,0.0,0,0,0,0.5,0.5,0.5,0.4,0.5,0.5,0.5,0.4600000000000001,0.5,1,0,0,neutral,Unknown,individual,unknown,original,yes,0,0,0,0,0,0,0,0,0,0,0,0
365,11627,1139,18221,10.208077260755049,49.92054794520548,0,0,0.5,1.0,0.0,0,0,0.0,0.0,0.0,0.0,0.0,0.0,0.0,0.0,0.0,0,0,0,0.5,0.5,0.5,0.5,0.5,0.5,0.5,0.5,0.5,1,0,0,neutral,Unknown,individual,unknown,original,yes,0,0,0,0,0,0,0,0,0,0,0,0
365,12762,985,9319,12.956345177664975,25.53150684931507,0,0,0.5,1.0,0.0,0,0,0.0,0.0,0.0,0.0,0.0,0.0,0.0,0.0,0.0,0,0,0,0.5,0.5,0.5,0.5,0.5,0.5,0.5,0.5,0.5,1,0,0,neutral,Unknown,individual,unknown,original,yes,0,0,0,0,0,0,0,0,0,0,0,0
365,20642,419,4708,49.26491646778043,12.898630136986302,0,0,0.5,1.0,0.0,0,0,0.0,0.0,0.0,0.0,0.0,0.0,0.0,0.0,0.0,0,0,0,0.5,0.5,0.5,0.5,0.5,0.5,0.5,0.5,0.5,1,0,0,neutral,Unknown,individual,unknown,original,yes,0,0,0,0,0,0,0,0,0,0,0,0
365,2759,799,8916,3.453066332916145,24.427397260273974,0,0,0.5,1.0,0.0,0,0,0.0,0.0,0.0,0.0,0.0,0.0,0.0,0.0,0.0,0,0,0,0.5,0.5,0.5,0.5,0.5,0.5,0.5,0.5,0.5,1,0,0,neutral,Unknown,individual,unknown,original,yes,0,0,0,0,0,0,0,0,0,0,0,0
365,7008,7506,23659,0.9336530775379697,64.81917808219178,0,0,0.5,1.0,0.0,0,0,0.0,0.0,0.0,0.0,0.0,0.0,0.0,0.0,0.0,0,0,0,0.5,0.5,0.5,0.5,0.5,0.5,0.5,0.5,0.5,1,0,0,neutral,Unknown,individual,unknown,original,yes,0,0,0,0,0,0,0,0,0,0,0,0
365,41155,3339,24652,12.325546570829589,67.53972602739726,0,0,0.5,1.0,0.0,0,0,0.0,0.0,0.0,0.0,0.0,0.0,0.0,0.0,0.0,0,0,0,0.5,0.5,0.5,0.5,0.5,0.5,0.5,0.5,0.5,1,0,0,neutral,Unknown,individual,unknown,original,yes,0,0,0,0,0,0,0,0,0,0,0,0
365,4302,36,4553,119.5,12.473972602739726,0,0,0.5,1.0,0.0,0,0,0.0,0.0,0.0,0.0,0.0,0.0,0.0,0.0,0.0,0,0,0,0.5,0.5,0.5,0.4,0.5,0.5,0.5,0.4600000000000001,0.5,1,0,0,neutral,Unknown,individual,unknown,original,no,0,0,0,0,0,0,0,0,0,0,0,0
365,6476,2397,9391,2.7017104714226114,25.72876712328767,0,0,0.5,1.0,0.0,0,0,0.0,0.0,0.0,0.0,0.0,0.0,0.0,0.0,0.0,0,0,0,0.5,0.5,0.5,0.5,0.5,0.5,0.5,0.5,0.5,1,0,0,neutral,Unknown,individual,unknown,original,yes,0,0,0,0,0,0,0,0,0,0,0,0
365,4380,2042,14580,2.144955925563173,39.945205479452056,0,0,0.5,1.0,0.0,0,0,0.0,0.0,0.0,0.0,0.0,0.0,0.0,0.0,0.0,0,0,0,0.5,0.5,0.5,0.5,0.5,0.5,0.5,0.5,0.5,1,0,0,neutral,Unknown,individual,unknown,original,yes,0,0,0,0,0,0,0,0,0,0,0,0
365,38565,81,3984,476.1111111111111,10.915068493150685,0,0,0.5,1.0,0.0,0,0,0.0,0.0,0.0,0.0,0.0,0.0,0.0,0.0,0.0,0,0,0,0.5,0.5,0.5,0.4,0.5,0.5,0.5,0.4600000000000001,0.5,1,0,0,neutral,Unknown,individual,unknown,original,yes,0,0,0,0,0,0,0,0,0,0,0,0
365,7462,4929,51302,1.5138973422600934,140.55342465753424,0,0,0.5,1.0,0.0,0,0,0.0,0.0,0.0,0.0,0.0,0.0,0.0,0.0,0.0,0,0,0,0.5,0.5,0.5,0.5,0.5,0.5,0.5,0.5,0.5,1,0,0,neutral,Unknown,individual,unknown,original,yes,0,0,0,0,0,0,0,0,0,0,0,0
365,5422,1343,7637,4.037230081906181,20.923287671232877,0,0,0.5,1.0,0.0,0,0,0.0,0.0,0.0,0.0,0.0,0.0,0.0,0.0,0.0,0,0,0,0.5,0.5,0.5,0.5,0.5,0.5,0.5,0.5,0.5,1,0,0,neutral,Unknown,individual,unknown,original,yes,0,0,0,0,0,0,0,0,0,0,0,0
365,2689,1168,369,2.30222602739726,1.010958904109589,0,0,0.5,1.0,0.0,0,0,0.0,0.0,0.0,0.0,0.0,0.0,0.0,0.0,0.0,0,0,0,0.5,0.5,0.5,0.5,0.5,0.5,0.5,0.5,0.5,1,0,0,neutral,Unknown,individual,unknown,original,yes,0,0,0,0,0,0,0,0,0,0,0,0
365,17003,6528,26152,2.604626225490196,71.64931506849315,0,0,0.5,1.0,0.0,0,0,0.0,0.0,0.0,0.0,0.0,0.0,0.0,0.0,0.0,0,0,0,0.5,0.5,0.5,0.5,0.5,0.5,0.5,0.5,0.5,1,0,0,neutral,Unknown,individual,unknown,original,yes,0,0,0,0,0,0,0,0,0,0,0,0
365,6509,3391,18205,1.9194927749926276,49.87671232876713,0,0,0.5,1.0,0.0,0,0,0.0,0.0,0.0,0.0,0.0,0.0,0.0,0.0,0.0,0,0,0,0.5,0.5,0.5,0.5,0.5,0.5,0.5,0.5,0.5,1,0,0,neutral,Unknown,individual,unknown,original,yes,0,0,0,0,0,0,0,0,0,0,0,0
365,124424,482,7911,258.1410788381743,21.673972602739727,0,0,0.5,1.0,0.0,0,0,0.0,0.0,0.0,0.0,0.0,0.0,0.0,0.0,0.0,0,0,0,0.5,0.5,0.5,0.4,0.5,0.5,0.5,0.4600000000000001,0.5,1,0,0,neutral,Unknown,individual,unknown,original,yes,0,0,0,0,0,0,0,0,0,0,0,0
365,19339,51,3308,379.19607843137254,9.063013698630137,0,0,0.5,1.0,0.0,0,0,0.0,0.0,0.0,0.0,0.0,0.0,0.0,0.0,0.0,0,0,0,0.5,0.5,0.5,0.4,0.5,0.5,0.5,0.4600000000000001,0.5,1,0,0,neutral,Unknown,individual,unknown,original,yes,0,0,0,0,0,0,0,0,0,0,0,0
365,2822,3270,3992,0.8629969418960245,10.936986301369863,0,0,0.5,1.0,0.0,0,0,0.0,0.0,0.0,0.0,0.0,0.0,0.0,0.0,0.0,0,0,0,0.5,0.5,0.5,0.5,0.5,0.5,0.5,0.5,0.5,1,0,0,neutral,Unknown,individual,unknown,original,yes,0,0,0,0,0,0,0,0,0,0,0,0
365,6081,6071,10922,1.0016471750947125,29.923287671232877,0,0,0.5,1.0,0.0,0,0,0.0,0.0,0.0,0.0,0.0,0.0,0.0,0.0,0.0,0,0,0,0.5,0.5,0.5,0.5,0.5,0.5,0.5,0.5,0.5,1,0,0,neutral,Unknown,individual,unknown,original,yes,0,0,0,0,0,0,0,0,0,0,0,0
365,979,645,6683,1.5178294573643412,18.30958904109589,0,0,0.5,1.0,0.0,0,0,0.0,0.0,0.0,0.0,0.0,0.0,0.0,0.0,0.0,0,0,0,0.5,0.5,0.5,0.5,0.5,0.5,0.5,0.5,0.5,1,0,0,neutral,Unknown,individual,unknown,original,yes,0,0,0,0,0,0,0,0,0,0,0,0
365,24126,547,12005,44.10603290676417,32.89041095890411,0,0,0.5,1.0,0.0,0,0,0.0,0.0,0.0,0.0,0.0,0.0,0.0,0.0,0.0,0,0,0,0.5,0.5,0.5,0.5,0.5,0.5,0.5,0.5,0.5,1,0,0,neutral,Unknown,individual,unknown,original,yes,0,0,0,0,0,0,0,0,0,0,0,0
365,246609,496,17473,497.195564516129,47.87123287671233,0,0,0.5,1.0,0.0,0,0,0.0,0.0,0.0,0.0,0.0,0.0,0.0,0.0,0.0,0,0,0,0.5,0.5,0.5,0.4,0.5,0.5,0.5,0.4600000000000001,0.5,1,0,0,neutral,Unknown,individual,unknown,original,yes,0,0,0,0,0,0,0,0,0,0,0,0
365,17613,959,9796,18.366006256517206,26.838356164383562,0,0,0.5,1.0,0.0,0,0,0.0,0.0,0.0,0.0,0.0,0.0,0.0,0.0,0.0,0,0,0,0.5,0.5,0.5,0.5,0.5,0.5,0.5,0.5,0.5,1,0,0,neutral,Unknown,individual,unknown,original,yes,0,0,0,0,0,0,0,0,0,0,0,0
365,7007,665,11762,10.536842105263158,32.224657534246575,0,0,0.5,1.0,0.0,0,0,0.0,0.0,0.0,0.0,0.0,0.0,0.0,0.0,0.0,0,0,0,0.5,0.5,0.5,0.5,0.5,0.5,0.5,0.5,0.5,1,0,0,neutral,Unknown,individual,unknown,original,yes,0,0,0,0,0,0,0,0,0,0,0,0
365,236108,809,29696,291.8516687268232,81.35890410958905,0,0,0.5,1.0,0.0,0,0,0.0,0.0,0.0,0.0,0.0,0.0,0.0,0.0,0.0,0,0,0,0.5,0.5,0.5,0.4,0.5,0.5,0.5,0.4600000000000001,0.5,1,0,0,neutral,Unknown,individual,unknown,original,yes,0,0,0,0,0,0,0,0,0,0,0,0
365,76982,2580,154698,29.83798449612403,423.8301369863014,0,0,0.5,1.0,0.0,0,0,0.0,0.0,0.0,0.0,0.0,0.0,0.0,0.0,0.0,0,0,0,0.5,0.5,0.5,0.5,0.5,0.5,0.5,0.5,0.5,1,0,0,neutral,Unknown,individual,unknown,original,yes,0,0,0,0,0,0,0,0,0,0,0,0
365,221616,797,38770,278.06273525721457,106.21917808219177,0,0,0.5,1.0,0.0,0,0,0.0,0.0,0.0,0.0,0.0,0.0,0.0,0.0,0.0,0,0,0,0.5,0.5,0.5,0.4,0.5,0.5,0.5,0.4600000000000001,0.5,1,0,0,neutral,Unknown,individual,unknown,original,yes,0,0,0,0,0,0,0,0,0,0,0,0
365,3305,2363,9844,1.3986457892509523,26.96986301369863,0,0,0.5,1.0,0.0,0,0,0.0,0.0,0.0,0.0,0.0,0.0,0.0,0.0,0.0,0,0,0,0.5,0.5,0.5,0.5,0.5,0.5,0.5,0.5,0.5,1,0,0,neutral,Unknown,individual,unknown,original,yes,0,0,0,0,0,0,0,0,0,0,0,0
365,280591,4232,179550,66.30222117202268,491.9178082191781,0,0,0.5,1.0,0.0,0,0,0.0,0.0,0.0,0.0,0.0,0.0,0.0,0.0,0.0,0,0,0,0.5,0.5,0.5,0.5,0.5,0.5,0.5,0.5,0.5,1,0,0,neutral,Unknown,individual,unknown,original,yes,0,0,0,0,0,0,0,0,0,0,0,0
365,61726,38724,5176,1.593998553868402,14.180821917808219,0,0,0.5,1.0,0.0,0,0,0.0,0.0,0.0,0.0,0.0,0.0,0.0,0.0,0.0,0,0,0,0.5,0.5,0.5,0.5,0.5,0.5,0.5,0.5,0.5,1,0,0,neutral,Unknown,individual,unknown,original,yes,0,0,0,0,0,0,0,0,0,0,0,0
365,40643,2518,133925,16.140984908657664,366.9178082191781,0,0,0.5,1.0,0.0,0,0,0.0,0.0,0.0,0.0,0.0,0.0,0.0,0.0,0.0,0,0,0,0.5,0.5,0.5,0.5,0.5,0.5,0.5,0.5,0.5,1,0,0,neutral,Unknown,individual,unknown,original,yes,0,0,0,0,0,0,0,0,0,0,0,0
365,4657,993,7787,4.689828801611279,21.334246575342465,0,0,0.5,1.0,0.0,0,0,0.0,0.0,0.0,0.0,0.0,0.0,0.0,0.0,0.0,0,0,0,0.5,0.5,0.5,0.5,0.5,0.5,0.5,0.5,0.5,1,0,0,neutral,Unknown,individual,unknown,original,yes,0,0,0,0,0,0,0,0,0,0,0,0
365,179150,6090,13325,29.417077175697866,36.50684931506849,0,0,0.5,1.0,0.0,0,0,0.0,0.0,0.0,0.0,0.0,0.0,0.0,0.0,0.0,0,0,0,0.5,0.5,0.5,0.5,0.5,0.5,0.5,0.5,0.5,1,0,0,neutral,Unknown,individual,unknown,original,yes,0,0,0,0,0,0,0,0,0,0,0,0
365,3649,455,8588,8.01978021978022,23.528767123287672,0,0,0.5,1.0,0.0,0,0,0.0,0.0,0.0,0.0,0.0,0.0,0.0,0.0,0.0,0,0,0,0.5,0.5,0.5,0.5,0.5,0.5,0.5,0.5,0.5,1,0,0,neutral,Unknown,individual,unknown,original,yes,0,0,0,0,0,0,0,0,0,0,0,0
365,2679,1690,6322,1.5852071005917159,17.32054794520548,0,0,0.5,1.0,0.0,0,0,0.0,0.0,0.0,0.0,0.0,0.0,0.0,0.0,0.0,0,0,0,0.5,0.5,0.5,0.5,0.5,0.5,0.5,0.5,0.5,1,0,0,neutral,Unknown,individual,unknown,original,yes,0,0,0,0,0,0,0,0,0,0,0,0
365,251123,209,4106,1201.5454545454545,11.24931506849315,0,0,0.5,1.0,0.0,0,0,0.0,0.0,0.0,0.0,0.0,0.0,0.0,0.0,0.0,0,0,0,0.5,0.5,0.5,0.4,0.5,0.5,0.5,0.4600000000000001,0.5,1,0,0,neutral,Unknown,individual,unknown,original,yes,0,0,0,0,0,0,0,0,0,0,0,0
365,3042,782,28919,3.8900255754475705,79.23013698630137,0,0,0.5,1.0,0.0,0,0,0.0,0.0,0.0,0.0,0.0,0.0,0.0,0.0,0.0,0,0,0,0.5,0.5,0.5,0.5,0.5,0.5,0.5,0.5,0.5,1,0,0,neutral,Unknown,individual,unknown,original,yes,0,0,0,0,0,0,0,0,0,0,0,0
365,7081,1792,21638,3.951450892857143,59.28219178082192,0,0,0.5,1.0,0.0,0,0,0.0,0.0,0.0,0.0,0.0,0.0,0.0,0.0,0.0,0,0,0,0.5,0.5,0.5,0.5,0.5,0.5,0.5,0.5,0.5,1,0,0,neutral,Unknown,individual,unknown,original,yes,0,0,0,0,0,0,0,0,0,0,0,0
365,5138,1612,10804,3.1873449131513647,29.6,0,0,0.5,1.0,0.0,0,0,0.0,0.0,0.0,0.0,0.0,0.0,0.0,0.0,0.0,0,0,0,0.5,0.5,0.5,0.5,0.5,0.5,0.5,0.5,0.5,1,0,0,neutral,Unknown,individual,unknown,original,yes,0,0,0,0,0,0,0,0,0,0,0,0
365,217832,2184,14025,99.73992673992674,38.42465753424658,0,0,0.5,1.0,0.0,0,0,0.0,0.0,0.0,0.0,0.0,0.0,0.0,0.0,0.0,0,0,0,0.5,0.5,0.5,0.5,0.5,0.5,0.5,0.5,0.5,1,0,0,neutral,Unknown,individual,unknown,original,yes,0,0,0,0,0,0,0,0,0,0,0,0
365,18030,1787,4791,10.089535534415221,13.126027397260273,0,0,0.5,1.0,0.0,0,0,0.0,0.0,0.0,0.0,0.0,0.0,0.0,0.0,0.0,0,0,0,0.5,0.5,0.5,0.5,0.5,0.5,0.5,0.5,0.5,1,0,0,neutral,Unknown,individual,unknown,original,yes,0,0,0,0,0,0,0,0,0,0,0,0
365,10852,610,5492,17.79016393442623,15.046575342465754,0,0,0.5,1.0,0.0,0,0,0.0,0.0,0.0,0.0,0.0,0.0,0.0,0.0,0.0,0,0,0,0.5,0.5,0.5,0.5,0.5,0.5,0.5,0.5,0.5,1,0,0,neutral,Unknown,individual,unknown,original,yes,0,0,0,0,0,0,0,0,0,0,0,0
365,16847,289,2583,58.294117647058826,7.076712328767123,0,0,0.5,1.0,0.0,0,0,0.0,0.0,0.0,0.0,0.0,0.0,0.0,0.0,0.0,0,0,0,0.5,0.5,0.5,0.5,0.5,0.5,0.5,0.5,0.5,1,0,0,neutral,Unknown,individual,unknown,original,yes,0,0,0,0,0,0,0,0,0,0,0,0
365,57307,1378,26326,41.587082728592165,72.12602739726027,0,0,0.5,1.0,0.0,0,0,0.0,0.0,0.0,0.0,0.0,0.0,0.0,0.0,0.0,0,0,0,0.5,0.5,0.5,0.5,0.5,0.5,0.5,0.5,0.5,1,0,0,neutral,Unknown,individual,unknown,original,yes,0,0,0,0,0,0,0,0,0,0,0,0
365,376432,2059,43722,182.82272948033025,119.78630136986301,0,0,0.5,1.0,0.0,0,0,0.0,0.0,0.0,0.0,0.0,0.0,0.0,0.0,0.0,0,0,0,0.5,0.5,0.5,0.4,0.5,0.5,0.5,0.4600000000000001,0.5,1,0,0,neutral,Unknown,individual,unknown,original,yes,0,0,0,0,0,0,0,0,0,0,0,0
365,960,617,1907,1.5559157212317667,5.2246575342465755,0,0,0.5,1.0,0.0,0,0,0.0,0.0,0.0,0.0,0.0,0.0,0.0,0.0,0.0,0,0,0,0.5,0.5,0.5,0.5,0.5,0.5,0.5,0.5,0.5,1,0,0,neutral,Unknown,individual,unknown,original,yes,0,0,0,0,0,0,0,0,0,0,0,0
365,386167,732,30065,527.5505464480874,82.36986301369863,0,0,0.5,1.0,0.0,0,0,0.0,0.0,0.0,0.0,0.0,0.0,0.0,0.0,0.0,0,0,0,0.5,0.5,0.5,0.4,0.5,0.5,0.5,0.4600000000000001,0.5,1,0,0,neutral,Unknown,individual,unknown,original,yes,0,0,0,0,0,0,0,0,0,0,0,0
365,13028,317,9641,41.09779179810725,26.413698630136988,0,0,0.5,1.0,0.0,0,0,0.0,0.0,0.0,0.0,0.0,0.0,0.0,0.0,0.0,0,0,0,0.5,0.5,0.5,0.5,0.5,0.5,0.5,0.5,0.5,1,0,0,neutral,Unknown,individual,unknown,original,yes,0,0,0,0,0,0,0,0,0,0,0,0
365,3233,1800,11021,1.7961111111111112,30.194520547945206,0,0,0.5,1.0,0.0,0,0,0.0,0.0,0.0,0.0,0.0,0.0,0.0,0.0,0.0,0,0,0,0.5,0.5,0.5,0.5,0.5,0.5,0.5,0.5,0.5,1,0,0,neutral,Unknown,individual,unknown,original,yes,0,0,0,0,0,0,0,0,0,0,0,0
365,4621,583,12639,7.926243567753001,34.62739726027397,0,0,0.5,1.0,0.0,0,0,0.0,0.0,0.0,0.0,0.0,0.0,0.0,0.0,0.0,0,0,0,0.5,0.5,0.5,0.5,0.5,0.5,0.5,0.5,0.5,1,0,0,neutral,Unknown,individual,unknown,original,yes,0,0,0,0,0,0,0,0,0,0,0,0
365,240820,323,1150,745.5727554179566,3.1506849315068495,0,0,0.5,1.0,0.0,0,0,0.0,0.0,0.0,0.0,0.0,0.0,0.0,0.0,0.0,0,0,0,0.5,0.5,0.5,0.4,0.5,0.5,0.5,0.4600000000000001,0.5,1,0,0,neutral,Unknown,individual,unknown,original,yes,0,0,0,0,0,0,0,0,0,0,0,0
365,216528,632,18691,342.60759493670884,51.20821917808219,0,0,0.5,1.0,0.0,0,0,0.0,0.0,0.0,0.0,0.0,0.0,0.0,0.0,0.0,0,0,0,0.5,0.5,0.5,0.4,0.5,0.5,0.5,0.4600000000000001,0.5,1,0,0,neutral,Unknown,individual,unknown,original,yes,0,0,0,0,0,0,0,0,0,0,0,0
365,9683,3198,426,3.027829893683552,1.167123287671233,0,0,0.5,1.0,0.0,0,0,0.0,0.0,0.0,0.0,0.0,0.0,0.0,0.0,0.0,0,0,0,0.5,0.5,0.5,0.5,0.5,0.5,0.5,0.5,0.5,1,0,0,neutral,Unknown,individual,unknown,original,yes,0,0,0,0,0,0,0,0,0,0,0,0
365,141615,3305,5676,42.84871406959153,15.550684931506849,0,0,0.5,1.0,0.0,0,0,0.0,0.0,0.0,0.0,0.0,0.0,0.0,0.0,0.0,0,0,0,0.5,0.5,0.5,0.5,0.5,0.5,0.5,0.5,0.5,1,0,0,neutral,Unknown,individual,unknown,original,yes,0,0,0,0,0,0,0,0,0,0,0,0
365,6331,2216,14495,2.8569494584837547,39.71232876712329,0,0,0.5,1.0,0.0,0,0,0.0,0.0,0.0,0.0,0.0,0.0,0.0,0.0,0.0,0,0,0,0.5,0.5,0.5,0.5,0.5,0.5,0.5,0.5,0.5,1,0,0,neutral,Unknown,individual,unknown,original,yes,0,0,0,0,0,0,0,0,0,0,0,0
365,2119,784,4424,2.7028061224489797,12.12054794520548,0,0,0.5,1.0,0.0,0,0,0.0,0.0,0.0,0.0,0.0,0.0,0.0,0.0,0.0,0,0,0,0.5,0.5,0.5,0.5,0.5,0.5,0.5,0.5,0.5,1,0,0,neutral,Unknown,individual,unknown,original,yes,0,0,0,0,0,0,0,0,0,0,0,0
365,474759,533,32215,890.7298311444653,88.26027397260275,0,0,0.5,1.0,0.0,0,0,0.0,0.0,0.0,0.0,0.0,0.0,0.0,0.0,0.0,0,0,0,0.5,0.5,0.5,0.4,0.5,0.5,0.5,0.4600000000000001,0.5,1,0,0,neutral,Unknown,individual,unknown,original,yes,0,0,0,0,0,0,0,0,0,0,0,0
365,5413,2635,43971,2.05426944971537,120.46849315068494,0,0,0.5,1.0,0.0,0,0,0.0,0.0,0.0,0.0,0.0,0.0,0.0,0.0,0.0,0,0,0,0.5,0.5,0.5,0.5,0.5,0.5,0.5,0.5,0.5,1,0,0,neutral,Unknown,individual,unknown,original,yes,0,0,0,0,0,0,0,0,0,0,0,0
365,23325,690,10491,33.80434782608695,28.742465753424657,0,0,0.5,1.0,0.0,0,0,0.0,0.0,0.0,0.0,0.0,0.0,0.0,0.0,0.0,0,0,0,0.5,0.5,0.5,0.5,0.5,0.5,0.5,0.5,0.5,1,0,0,neutral,Unknown,individual,unknown,original,yes,0,0,0,0,0,0,0,0,0,0,0,0
365,3576,3037,10808,1.1774777741191966,29.610958904109587,0,0,0.5,1.0,0.0,0,0,0.0,0.0,0.0,0.0,0.0,0.0,0.0,0.0,0.0,0,0,0,0.5,0.5,0.5,0.5,0.5,0.5,0.5,0.5,0.5,1,0,0,neutral,Unknown,individual,unknown,original,yes,0,0,0,0,0,0,0,0,0,0,0,0
365,538,815,590,0.660122699386503,1.6164383561643836,0,0,0.5,1.0,0.0,0,0,0.0,0.0,0.0,0.0,0.0,0.0,0.0,0.0,0.0,0,0,0,0.5,0.5,0.5,0.5,0.5,0.5,0.5,0.5,0.5,1,0,0,neutral,Unknown,individual,unknown,original,yes,0,0,0,0,0,0,0,0,0,0,0,0
365,2046,837,3380,2.4444444444444446,9.26027397260274,0,0,0.5,1.0,0.0,0,0,0.0,0.0,0.0,0.0,0.0,0.0,0.0,0.0,0.0,0,0,0,0.5,0.5,0.5,0.5,0.5,0.5,0.5,0.5,0.5,1,0,0,neutral,Unknown,individual,unknown,original,yes,0,0,0,0,0,0,0,0,0,0,0,0
365,1159,1983,8931,0.5844679778113969,24.46849315068493,0,0,0.5,1.0,0.0,0,0,0.0,0.0,0.0,0.0,0.0,0.0,0.0,0.0,0.0,0,0,0,0.5,0.5,0.5,0.5,0.5,0.5,0.5,0.5,0.5,1,0,0,neutral,Unknown,individual,unknown,original,yes,0,0,0,0,0,0,0,0,0,0,0,0
365,21006,5000,9097,4.2012,24.923287671232877,0,0,0.5,1.0,0.0,0,0,0.0,0.0,0.0,0.0,0.0,0.0,0.0,0.0,0.0,0,0,0,0.5,0.5,0.5,0.5,0.5,0.5,0.5,0.5,0.5,1,0,0,neutral,Unknown,individual,unknown,original,yes,0,0,0,0,0,0,0,0,0,0,0,0
365,204429,19569,7122,10.446573662425264,19.512328767123286,0,0,0.5,1.0,0.0,0,0,0.0,0.0,0.0,0.0,0.0,0.0,0.0,0.0,0.0,0,0,0,0.5,0.5,0.5,0.5,0.5,0.5,0.5,0.5,0.5,1,0,0,neutral,Unknown,individual,unknown,original,yes,0,0,0,0,0,0,0,0,0,0,0,0
365,6972,2274,44046,3.0659630606860158,120.67397260273972,0,0,0.5,1.0,0.0,0,0,0.0,0.0,0.0,0.0,0.0,0.0,0.0,0.0,0.0,0,0,0,0.5,0.5,0.5,0.5,0.5,0.5,0.5,0.5,0.5,1,0,0,neutral,Unknown,individual,unknown,original,yes,0,0,0,0,0,0,0,0,0,0,0,0
365,9448,1948,4926,4.850102669404517,13.495890410958904,0,0,0.5,1.0,0.0,0,0,0.0,0.0,0.0,0.0,0.0,0.0,0.0,0.0,0.0,0,0,0,0.5,0.5,0.5,0.5,0.5,0.5,0.5,0.5,0.5,1,0,0,neutral,Unknown,individual,unknown,original,yes,0,0,0,0,0,0,0,0,0,0,0,0
365,104518,659,12670,158.6009104704097,34.71232876712329,0,0,0.5,1.0,0.0,0,0,0.0,0.0,0.0,0.0,0.0,0.0,0.0,0.0,0.0,0,0,0,0.5,0.5,0.5,0.4,0.5,0.5,0.5,0.4600000000000001,0.5,1,0,0,neutral,Unknown,individual,unknown,original,yes,0,0,0,0,0,0,0,0,0,0,0,0
365,3108,454,704,6.845814977973569,1.9287671232876713,0,0,0.5,1.0,0.0,0,0,0.0,0.0,0.0,0.0,0.0,0.0,0.0,0.0,0.0,0,0,0,0.5,0.5,0.5,0.5,0.5,0.5,0.5,0.5,0.5,1,0,0,neutral,Unknown,individual,unknown,original,no,0,0,0,0,0,0,0,0,0,0,0,0
365,2033,1892,19274,1.074524312896406,52.8054794520548,0,0,0.5,1.0,0.0,0,0,0.0,0.0,0.0,0.0,0.0,0.0,0.0,0.0,0.0,0,0,0,0.5,0.5,0.5,0.5,0.5,0.5,0.5,0.5,0.5,1,0,0,neutral,Unknown,individual,unknown,original,yes,0,0,0,0,0,0,0,0,0,0,0,0
365,13180,912,18708,14.451754385964913,51.25479452054795,0,0,0.5,1.0,0.0,0,0,0.0,0.0,0.0,0.0,0.0,0.0,0.0,0.0,0.0,0,0,0,0.5,0.5,0.5,0.5,0.5,0.5,0.5,0.5,0.5,1,0,0,neutral,Unknown,individual,unknown,original,yes,0,0,0,0,0,0,0,0,0,0,0,0
365,369777,692,3637,534.3598265895954,9.964383561643835,0,0,0.5,1.0,0.0,0,0,0.0,0.0,0.0,0.0,0.0,0.0,0.0,0.0,0.0,0,0,0,0.5,0.5,0.5,0.4,0.5,0.5,0.5,0.4600000000000001,0.5,1,0,0,neutral,Unknown,individual,unknown,original,yes,0,0,0,0,0,0,0,0,0,0,0,0
365,6662,812,20869,8.204433497536947,57.175342465753424,0,0,0.5,1.0,0.0,0,0,0.0,0.0,0.0,0.0,0.0,0.0,0.0,0.0,0.0,0,0,0,0.5,0.5,0.5,0.5,0.5,0.5,0.5,0.5,0.5,1,0,0,neutral,Unknown,individual,unknown,original,yes,0,0,0,0,0,0,0,0,0,0,0,0
365,920421,967,7828,951.8314374353671,21.446575342465753,0,0,0.5,1.0,0.0,0,0,0.0,0.0,0.0,0.0,0.0,0.0,0.0,0.0,0.0,0,0,0,0.5,0.5,0.5,0.4,0.5,0.5,0.5,0.4600000000000001,0.5,1,0,0,neutral,Unknown,individual,unknown,original,yes,0,0,0,0,0,0,0,0,0,0,0,0
365,2650,503,2193,5.268389662027833,6.008219178082192,0,0,0.5,1.0,0.0,0,0,0.0,0.0,0.0,0.0,0.0,0.0,0.0,0.0,0.0,0,0,0,0.5,0.5,0.5,0.5,0.5,0.5,0.5,0.5,0.5,1,0,0,neutral,Unknown,individual,unknown,original,yes,0,0,0,0,0,0,0,0,0,0,0,0
365,23422,2542,28327,9.214004720692369,77.6082191780822,0,0,0.5,1.0,0.0,0,0,0.0,0.0,0.0,0.0,0.0,0.0,0.0,0.0,0.0,0,0,0,0.5,0.5,0.5,0.5,0.5,0.5,0.5,0.5,0.5,1,0,0,neutral,Unknown,individual,unknown,original,yes,0,0,0,0,0,0,0,0,0,0,0,0
365,18603,1838,12873,10.12132752992383,35.26849315068493,0,0,0.5,1.0,0.0,0,0,0.0,0.0,0.0,0.0,0.0,0.0,0.0,0.0,0.0,0,0,0,0.5,0.5,0.5,0.5,0.5,0.5,0.5,0.5,0.5,1,0,0,neutral,Unknown,individual,unknown,original,yes,0,0,0,0,0,0,0,0,0,0,0,0
365,5185,442,1137,11.73076923076923,3.115068493150685,0,0,0.5,1.0,0.0,0,0,0.0,0.0,0.0,0.0,0.0,0.0,0.0,0.0,0.0,0,0,0,0.5,0.5,0.5,0.5,0.5,0.5,0.5,0.5,0.5,1,0,0,neutral,Unknown,individual,unknown,original,yes,0,0,0,0,0,0,0,0,0,0,0,0
365,6064,696,18287,8.71264367816092,50.1013698630137,0,0,0.5,1.0,0.0,0,0,0.0,0.0,0.0,0.0,0.0,0.0,0.0,0.0,0.0,0,0,0,0.5,0.5,0.5,0.5,0.5,0.5,0.5,0.5,0.5,1,0,0,neutral,Unknown,individual,unknown,original,yes,0,0,0,0,0,0,0,0,0,0,0,0
365,891833,218,197950,4090.9770642201834,542.3287671232877,0,0,0.5,1.0,0.0,0,0,0.0,0.0,0.0,0.0,0.0,0.0,0.0,0.0,0.0,0,0,0,0.5,0.5,0.5,0.4,0.5,0.5,0.5,0.4600000000000001,0.5,1,0,0,neutral,Unknown,individual,unknown,original,yes,0,0,0,0,0,0,0,0,0,0,0,0
365,39942,138,30742,289.4347826086956,84.22465753424657,0,0,0.5,1.0,0.0,0,0,0.0,0.0,0.0,0.0,0.0,0.0,0.0,0.0,0.0,0,0,0,0.5,0.5,0.5,0.4,0.5,0.5,0.5,0.4600000000000001,0.5,1,0,0,neutral,Unknown,individual,unknown,original,yes,0,0,0,0,0,0,0,0,0,0,0,0
365,1983,389,15657,5.097686375321337,42.895890410958906,0,0,0.5,1.0,0.0,0,0,0.0,0.0,0.0,0.0,0.0,0.0,0.0,0.0,0.0,0,0,0,0.5,0.5,0.5,0.5,0.5,0.5,0.5,0.5,0.5,1,0,0,neutral,Unknown,individual,unknown,original,yes,0,0,0,0,0,0,0,0,0,0,0,0
365,19692,3289,38278,5.987230161143205,104.87123287671233,0,0,0.5,1.0,0.0,0,0,0.0,0.0,0.0,0.0,0.0,0.0,0.0,0.0,0.0,0,0,0,0.5,0.5,0.5,0.5,0.5,0.5,0.5,0.5,0.5,1,0,0,neutral,Unknown,individual,unknown,original,yes,0,0,0,0,0,0,0,0,0,0,0,0
365,77491,358,24668,216.45530726256985,67.58356164383562,0,0,0.5,1.0,0.0,0,0,0.0,0.0,0.0,0.0,0.0,0.0,0.0,0.0,0.0,0,0,0,0.5,0.5,0.5,0.4,0.5,0.5,0.5,0.4600000000000001,0.5,1,0,0,neutral,Unknown,individual,unknown,original,yes,0,0,0,0,0,0,0,0,0,0,0,0
365,47975,3228,20257,14.862143742255267,55.4986301369863,0,0,0.5,1.0,0.0,0,0,0.0,0.0,0.0,0.0,0.0,0.0,0.0,0.0,0.0,0,0,0,0.5,0.5,0.5,0.5,0.5,0.5,0.5,0.5,0.5,1,0,0,neutral,Unknown,individual,unknown,original,yes,0,0,0,0,0,0,0,0,0,0,0,0
365,2372,329,2739,7.2097264437689965,7.504109589041096,0,0,0.5,1.0,0.0,0,0,0.0,0.0,0.0,0.0,0.0,0.0,0.0,0.0,0.0,0,0,0,0.5,0.5,0.5,0.5,0.5,0.5,0.5,0.5,0.5,1,0,0,neutral,Unknown,individual,unknown,original,yes,0,0,0,0,0,0,0,0,0,0,0,0
365,2277,459,52184,4.96078431372549,142.96986301369864,0,0,0.5,1.0,0.0,0,0,0.0,0.0,0.0,0.0,0.0,0.0,0.0,0.0,0.0,0,0,0,0.5,0.5,0.5,0.5,0.5,0.5,0.5,0.5,0.5,1,0,0,neutral,Unknown,individual,unknown,original,yes,0,0,0,0,0,0,0,0,0,0,0,0
365,8666,6,45429,1444.3333333333333,124.46301369863014,0,0,0.5,1.0,0.0,0,0,0.0,0.0,0.0,0.0,0.0,0.0,0.0,0.0,0.0,0,0,0,0.5,0.5,0.5,0.4,0.5,0.5,0.5,0.4600000000000001,0.5,1,0,0,neutral,Unknown,individual,unknown,original,yes,0,0,0,0,0,0,0,0,0,0,0,0
365,108224,1706,3299,63.43728018757327,9.038356164383561,0,0,0.5,1.0,0.0,0,0,0.0,0.0,0.0,0.0,0.0,0.0,0.0,0.0,0.0,0,0,0,0.5,0.5,0.5,0.5,0.5,0.5,0.5,0.5,0.5,1,0,0,neutral,Unknown,individual,unknown,original,yes,0,0,0,0,0,0,0,0,0,0,0,0
365,100257,820,39712,122.26463414634146,108.8,0,0,0.5,1.0,0.0,0,0,0.0,0.0,0.0,0.0,0.0,0.0,0.0,0.0,0.0,0,0,0,0.5,0.5,0.5,0.4,0.5,0.5,0.5,0.4600000000000001,0.5,1,0,0,neutral,Unknown,individual,unknown,original,yes,0,0,0,0,0,0,0,0,0,0,0,0
365,10429,881,31400,11.837684449489217,86.02739726027397,0,0,0.5,1.0,0.0,0,0,0.0,0.0,0.0,0.0,0.0,0.0,0.0,0.0,0.0,0,0,0,0.5,0.5,0.5,0.5,0.5,0.5,0.5,0.5,0.5,1,0,0,neutral,Unknown,individual,unknown,original,yes,0,0,0,0,0,0,0,0,0,0,0,0
365,7848,4538,18420,1.7293962097840458,50.465753424657535,0,0,0.5,1.0,0.0,0,0,0.0,0.0,0.0,0.0,0.0,0.0,0.0,0.0,0.0,0,0,0,0.5,0.5,0.5,0.5,0.5,0.5,0.5,0.5,0.5,1,0,0,neutral,Unknown,individual,unknown,original,yes,0,0,0,0,0,0,0,0,0,0,0,0
365,5287,2400,10076,2.202916666666667,27.605479452054794,0,0,0.5,1.0,0.0,0,0,0.0,0.0,0.0,0.0,0.0,0.0,0.0,0.0,0.0,0,0,0,0.5,0.5,0.5,0.5,0.5,0.5,0.5,0.5,0.5,1,0,0,neutral,Unknown,individual,unknown,original,yes,0,0,0,0,0,0,0,0,0,0,0,0
365,6581,968,16542,6.7985537190082646,45.320547945205476,0,0,0.5,1.0,0.0,0,0,0.0,0.0,0.0,0.0,0.0,0.0,0.0,0.0,0.0,0,0,0,0.5,0.5,0.5,0.5,0.5,0.5,0.5,0.5,0.5,1,0,0,neutral,Unknown,individual,unknown,original,yes,0,0,0,0,0,0,0,0,0,0,0,0
365,4791,372,20784,12.879032258064516,56.942465753424656,0,0,0.5,1.0,0.0,0,0,0.0,0.0,0.0,0.0,0.0,0.0,0.0,0.0,0.0,0,0,0,0.5,0.5,0.5,0.5,0.5,0.5,0.5,0.5,0.5,1,0,0,neutral,Unknown,individual,unknown,original,yes,0,0,0,0,0,0,0,0,0,0,0,0
365,18492,582,9081,31.77319587628866,24.87945205479452,0,0,0.5,1.0,0.0,0,0,0.0,0.0,0.0,0.0,0.0,0.0,0.0,0.0,0.0,0,0,0,0.5,0.5,0.5,0.5,0.5,0.5,0.5,0.5,0.5,1,0,0,neutral,Unknown,individual,unknown,original,yes,0,0,0,0,0,0,0,0,0,0,0,0
365,10025,3066,34228,3.2697325505544685,93.77534246575343,0,0,0.5,1.0,0.0,0,0,0.0,0.0,0.0,0.0,0.0,0.0,0.0,0.0,0.0,0,0,0,0.5,0.5,0.5,0.5,0.5,0.5,0.5,0.5,0.5,1,0,0,neutral,Unknown,individual,unknown,original,yes,0,0,0,0,0,0,0,0,0,0,0,0
365,7086,816,15168,8.683823529411764,41.556164383561644,0,0,0.5,1.0,0.0,0,0,0.0,0.0,0.0,0.0,0.0,0.0,0.0,0.0,0.0,0,0,0,0.5,0.5,0.5,0.5,0.5,0.5,0.5,0.5,0.5,1,0,0,neutral,Unknown,individual,unknown,original,yes,0,0,0,0,0,0,0,0,0,0,0,0
365,10402,432,7851,24.078703703703702,21.50958904109589,0,0,0.5,1.0,0.0,0,0,0.0,0.0,0.0,0.0,0.0,0.0,0.0,0.0,0.0,0,0,0,0.5,0.5,0.5,0.5,0.5,0.5,0.5,0.5,0.5,1,0,0,neutral,Unknown,individual,unknown,original,yes,0,0,0,0,0,0,0,0,0,0,0,0
365,7035,419,4529,16.78997613365155,12.408219178082192,0,0,0.5,1.0,0.0,0,0,0.0,0.0,0.0,0.0,0.0,0.0,0.0,0.0,0.0,0,0,0,0.5,0.5,0.5,0.5,0.5,0.5,0.5,0.5,0.5,1,0,0,neutral,Unknown,individual,unknown,original,yes,0,0,0,0,0,0,0,0,0,0,0,0
365,2788,1970,11135,1.4152284263959392,30.506849315068493,0,0,0.5,1.0,0.0,0,0,0.0,0.0,0.0,0.0,0.0,0.0,0.0,0.0,0.0,0,0,0,0.5,0.5,0.5,0.5,0.5,0.5,0.5,0.5,0.5,1,0,0,neutral,Unknown,individual,unknown,original,yes,0,0,0,0,0,0,0,0,0,0,0,0
365,7124,673,33851,10.585438335809807,92.74246575342465,0,0,0.5,1.0,0.0,0,0,0.0,0.0,0.0,0.0,0.0,0.0,0.0,0.0,0.0,0,0,0,0.5,0.5,0.5,0.5,0.5,0.5,0.5,0.5,0.5,1,0,0,neutral,Unknown,individual,unknown,original,yes,0,0,0,0,0,0,0,0,0,0,0,0
365,3073,806,12544,3.8126550868486353,34.367123287671234,0,0,0.5,1.0,0.0,0,0,0.0,0.0,0.0,0.0,0.0,0.0,0.0,0.0,0.0,0,0,0,0.5,0.5,0.5,0.5,0.5,0.5,0.5,0.5,0.5,1,0,0,neutral,Unknown,individual,unknown,original,yes,0,0,0,0,0,0,0,0,0,0,0,0
365,9333,7295,74945,1.2793694311172035,205.32876712328766,0,0,0.5,1.0,0.0,0,0,0.0,0.0,0.0,0.0,0.0,0.0,0.0,0.0,0.0,0,0,0,0.5,0.5,0.5,0.5,0.5,0.5,0.5,0.5,0.5,1,0,0,neutral,Unknown,individual,unknown,original,yes,0,0,0,0,0,0,0,0,0,0,0,0
365,31488,330,24309,95.41818181818182,66.6,0,0,0.5,1.0,0.0,0,0,0.0,0.0,0.0,0.0,0.0,0.0,0.0,0.0,0.0,0,0,0,0.5,0.5,0.5,0.5,0.5,0.5,0.5,0.5,0.5,1,0,0,neutral,Unknown,individual,unknown,original,yes,0,0,0,0,0,0,0,0,0,0,0,0
365,14966,3100,10052,4.827741935483871,27.53972602739726,0,0,0.5,1.0,0.0,0,0,0.0,0.0,0.0,0.0,0.0,0.0,0.0,0.0,0.0,0,0,0,0.5,0.5,0.5,0.5,0.5,0.5,0.5,0.5,0.5,1,0,0,neutral,Unknown,individual,unknown,original,yes,0,0,0,0,0,0,0,0,0,0,0,0
365,3228,1639,4441,1.9694935936546676,12.167123287671233,0,0,0.5,1.0,0.0,0,0,0.0,0.0,0.0,0.0,0.0,0.0,0.0,0.0,0.0,0,0,0,0.5,0.5,0.5,0.5,0.5,0.5,0.5,0.5,0.5,1,0,0,neutral,Unknown,individual,unknown,original,yes,0,0,0,0,0,0,0,0,0,0,0,0
365,9999,285,653,35.084210526315786,1.789041095890411,0,0,0.5,1.0,0.0,0,0,0.0,0.0,0.0,0.0,0.0,0.0,0.0,0.0,0.0,0,0,0,0.5,0.5,0.5,0.5,0.5,0.5,0.5,0.5,0.5,1,0,0,neutral,Unknown,individual,unknown,original,yes,0,0,0,0,0,0,0,0,0,0,0,0
365,1519919,1209,277792,1257.170388751034,761.0739726027397,0,0,0.5,1.0,0.0,0,0,0.0,0.0,0.0,0.0,0.0,0.0,0.0,0.0,0.0,0,0,0,0.5,0.5,0.5,0.4,0.5,0.5,0.5,0.4600000000000001,0.5,1,0,0,neutral,Unknown,individual,unknown,original,yes,0,0,0,0,0,0,0,0,0,0,0,0
365,5130,1114,5412,4.6050269299820465,14.827397260273973,0,0,0.5,1.0,0.0,0,0,0.0,0.0,0.0,0.0,0.0,0.0,0.0,0.0,0.0,0,0,0,0.5,0.5,0.5,0.5,0.5,0.5,0.5,0.5,0.5,1,0,0,neutral,Unknown,individual,unknown,original,yes,0,0,0,0,0,0,0,0,0,0,0,0
365,272183,173,23634,1573.3121387283236,64.75068493150685,0,0,0.5,1.0,0.0,0,0,0.0,0.0,0.0,0.0,0.0,0.0,0.0,0.0,0.0,0,0,0,0.5,0.5,0.5,0.4,0.5,0.5,0.5,0.4600000000000001,0.5,1,0,0,neutral,Unknown,individual,unknown,original,yes,0,0,0,0,0,0,0,0,0,0,0,0
365,33239,602,12644,55.214285714285715,34.64109589041096,0,0,0.5,1.0,0.0,0,0,0.0,0.0,0.0,0.0,0.0,0.0,0.0,0.0,0.0,0,0,0,0.5,0.5,0.5,0.5,0.5,0.5,0.5,0.5,0.5,1,0,0,neutral,Unknown,individual,unknown,original,yes,0,0,0,0,0,0,0,0,0,0,0,0
365,3825,975,5192,3.923076923076923,14.224657534246575,0,0,0.5,1.0,0.0,0,0,0.0,0.0,0.0,0.0,0.0,0.0,0.0,0.0,0.0,0,0,0,0.5,0.5,0.5,0.5,0.5,0.5,0.5,0.5,0.5,1,0,0,neutral,Unknown,individual,unknown,original,yes,0,0,0,0,0,0,0,0,0,0,0,0
365,18140,2408,14669,7.533222591362127,40.18904109589041,0,0,0.5,1.0,0.0,0,0,0.0,0.0,0.0,0.0,0.0,0.0,0.0,0.0,0.0,0,0,0,0.5,0.5,0.5,0.5,0.5,0.5,0.5,0.5,0.5,1,0,0,neutral,Unknown,individual,unknown,original,yes,0,0,0,0,0,0,0,0,0,0,0,0
365,80162,1990,47743,40.28241206030151,130.8027397260274,0,0,0.5,1.0,0.0,0,0,0.0,0.0,0.0,0.0,0.0,0.0,0.0,0.0,0.0,0,0,0,0.5,0.5,0.5,0.5,0.5,0.5,0.5,0.5,0.5,1,0,0,neutral,Unknown,individual,unknown,original,yes,0,0,0,0,0,0,0,0,0,0,0,0
365,8955,5602,7930,1.5985362370581935,21.726027397260275,0,0,0.5,1.0,0.0,0,0,0.0,0.0,0.0,0.0,0.0,0.0,0.0,0.0,0.0,0,0,0,0.5,0.5,0.5,0.5,0.5,0.5,0.5,0.5,0.5,1,0,0,neutral,Unknown,individual,unknown,original,yes,0,0,0,0,0,0,0,0,0,0,0,0
365,151228,56,441,2700.5,1.2082191780821918,0,0,0.5,1.0,0.0,0,0,0.0,0.0,0.0,0.0,0.0,0.0,0.0,0.0,0.0,0,0,0,0.5,0.5,0.5,0.4,0.5,0.5,0.5,0.4600000000000001,0.5,1,0,0,neutral,Unknown,individual,unknown,original,yes,0,0,0,0,0,0,0,0,0,0,0,0
365,8572,2930,35459,2.9255972696245736,97.14794520547945,0,0,0.5,1.0,0.0,0,0,0.0,0.0,0.0,0.0,0.0,0.0,0.0,0.0,0.0,0,0,0,0.5,0.5,0.5,0.5,0.5,0.5,0.5,0.5,0.5,1,0,0,neutral,Unknown,individual,unknown,original,yes,0,0,0,0,0,0,0,0,0,0,0,0
365,7288,2306,20056,3.160450997398092,54.94794520547945,0,0,0.5,1.0,0.0,0,0,0.0,0.0,0.0,0.0,0.0,0.0,0.0,0.0,0.0,0,0,0,0.5,0.5,0.5,0.5,0.5,0.5,0.5,0.5,0.5,1,0,0,neutral,Unknown,individual,unknown,original,yes,0,0,0,0,0,0,0,0,0,0,0,0
365,5762,4434,29742,1.2995038340099234,81.48493150684932,0,0,0.5,1.0,0.0,0,0,0.0,0.0,0.0,0.0,0.0,0.0,0.0,0.0,0.0,0,0,0,0.5,0.5,0.5,0.5,0.5,0.5,0.5,0.5,0.5,1,0,0,neutral,Unknown,individual,unknown,original,yes,0,0,0,0,0,0,0,0,0,0,0,0
365,47310,2264,24303,20.896643109540637,66.58356164383562,0,0,0.5,1.0,0.0,0,0,0.0,0.0,0.0,0.0,0.0,0.0,0.0,0.0,0.0,0,0,0,0.5,0.5,0.5,0.5,0.5,0.5,0.5,0.5,0.5,1,0,0,neutral,Unknown,individual,unknown,original,yes,0,0,0,0,0,0,0,0,0,0,0,0
365,5011,4236,9769,1.1829556185080263,26.764383561643836,0,0,0.5,1.0,0.0,0,0,0.0,0.0,0.0,0.0,0.0,0.0,0.0,0.0,0.0,0,0,0,0.5,0.5,0.5,0.5,0.5,0.5,0.5,0.5,0.5,1,0,0,neutral,Unknown,individual,unknown,original,yes,0,0,0,0,0,0,0,0,0,0,0,0
365,15775,4616,19770,3.4174610051993066,54.16438356164384,0,0,0.5,1.0,0.0,0,0,0.0,0.0,0.0,0.0,0.0,0.0,0.0,0.0,0.0,0,0,0,0.5,0.5,0.5,0.5,0.5,0.5,0.5,0.5,0.5,1,0,0,neutral,Unknown,individual,unknown,original,yes,0,0,0,0,0,0,0,0,0,0,0,0
365,4413,1292,7545,3.4156346749226008,20.671232876712327,0,0,0.5,1.0,0.0,0,0,0.0,0.0,0.0,0.0,0.0,0.0,0.0,0.0,0.0,0,0,0,0.5,0.5,0.5,0.5,0.5,0.5,0.5,0.5,0.5,1,0,0,neutral,Unknown,individual,unknown,original,yes,0,0,0,0,0,0,0,0,0,0,0,0
365,3192,229,2547,13.93886462882096,6.978082191780822,0,0,0.5,1.0,0.0,0,0,0.0,0.0,0.0,0.0,0.0,0.0,0.0,0.0,0.0,0,0,0,0.5,0.5,0.5,0.5,0.5,0.5,0.5,0.5,0.5,1,0,0,neutral,Unknown,individual,unknown,original,yes,0,0,0,0,0,0,0,0,0,0,0,0
365,9968,900,17928,11.075555555555555,49.11780821917808,0,0,0.5,1.0,0.0,0,0,0.0,0.0,0.0,0.0,0.0,0.0,0.0,0.0,0.0,0,0,0,0.5,0.5,0.5,0.5,0.5,0.5,0.5,0.5,0.5,1,0,0,neutral,Unknown,individual,unknown,original,yes,0,0,0,0,0,0,0,0,0,0,0,0
365,4879,1481,9339,3.2943956785955435,25.586301369863012,0,0,0.5,1.0,0.0,0,0,0.0,0.0,0.0,0.0,0.0,0.0,0.0,0.0,0.0,0,0,0,0.5,0.5,0.5,0.5,0.5,0.5,0.5,0.5,0.5,1,0,0,neutral,Unknown,individual,unknown,original,yes,0,0,0,0,0,0,0,0,0,0,0,0
365,16309,569,60757,28.66256590509666,166.45753424657534,0,0,0.5,1.0,0.0,0,0,0.0,0.0,0.0,0.0,0.0,0.0,0.0,0.0,0.0,0,0,0,0.5,0.5,0.5,0.5,0.5,0.5,0.5,0.5,0.5,1,0,0,neutral,Unknown,individual,unknown,original,yes,0,0,0,0,0,0,0,0,0,0,0,0
365,2545881,1006,27361,2530.6968190854873,74.96164383561644,0,0,0.5,1.0,0.0,0,0,0.0,0.0,0.0,0.0,0.0,0.0,0.0,0.0,0.0,0,0,0,0.5,0.5,0.5,0.4,0.5,0.5,0.5,0.4600000000000001,0.5,1,0,0,neutral,Unknown,individual,unknown,original,yes,0,0,0,0,0,0,0,0,0,0,0,0
365,34567,271,6687,127.55350553505535,18.32054794520548,0,0,0.5,1.0,0.0,0,0,0.0,0.0,0.0,0.0,0.0,0.0,0.0,0.0,0.0,0,0,0,0.5,0.5,0.5,0.4,0.5,0.5,0.5,0.4600000000000001,0.5,1,0,0,neutral,Unknown,individual,unknown,original,yes,0,0,0,0,0,0,0,0,0,0,0,0
365,9415,116,8543,81.16379310344827,23.405479452054795,0,0,0.5,1.0,0.0,0,0,0.0,0.0,0.0,0.0,0.0,0.0,0.0,0.0,0.0,0,0,0,0.5,0.5,0.5,0.5,0.5,0.5,0.5,0.5,0.5,1,0,0,neutral,Unknown,individual,unknown,original,yes,0,0,0,0,0,0,0,0,0,0,0,0
365,17535,1817,31639,9.6505228398459,86.68219178082192,0,0,0.5,1.0,0.0,0,0,0.0,0.0,0.0,0.0,0.0,0.0,0.0,0.0,0.0,0,0,0,0.5,0.5,0.5,0.5,0.5,0.5,0.5,0.5,0.5,1,0,0,neutral,Unknown,individual,unknown,original,yes,0,0,0,0,0,0,0,0,0,0,0,0
365,4717,701,16918,6.728958630527817,46.35068493150685,0,0,0.5,1.0,0.0,0,0,0.0,0.0,0.0,0.0,0.0,0.0,0.0,0.0,0.0,0,0,0,0.5,0.5,0.5,0.5,0.5,0.5,0.5,0.5,0.5,1,0,0,neutral,Unknown,individual,unknown,original,yes,0,0,0,0,0,0,0,0,0,0,0,0
365,1410,2101,6043,0.6711089957163255,16.556164383561644,0,0,0.5,1.0,0.0,0,0,0.0,0.0,0.0,0.0,0.0,0.0,0.0,0.0,0.0,0,0,0,0.5,0.5,0.5,0.5,0.5,0.5,0.5,0.5,0.5,1,0,0,neutral,Unknown,individual,unknown,original,yes,0,0,0,0,0,0,0,0,0,0,0,0
365,140887,3052,20044,46.16218872870249,54.915068493150685,0,0,0.5,1.0,0.0,0,0,0.0,0.0,0.0,0.0,0.0,0.0,0.0,0.0,0.0,0,0,0,0.5,0.5,0.5,0.5,0.5,0.5,0.5,0.5,0.5,1,0,0,neutral,Unknown,individual,unknown,original,yes,0,0,0,0,0,0,0,0,0,0,0,0
365,10478,1728,3001,6.063657407407407,8.221917808219178,0,0,0.5,1.0,0.0,0,0,0.0,0.0,0.0,0.0,0.0,0.0,0.0,0.0,0.0,0,0,0,0.5,0.5,0.5,0.5,0.5,0.5,0.5,0.5,0.5,1,0,0,neutral,Unknown,individual,unknown,original,yes,0,0,0,0,0,0,0,0,0,0,0,0
365,28742,2779,16411,10.34256926952141,44.961643835616435,0,0,0.5,1.0,0.0,0,0,0.0,0.0,0.0,0.0,0.0,0.0,0.0,0.0,0.0,0,0,0,0.5,0.5,0.5,0.5,0.5,0.5,0.5,0.5,0.5,1,0,0,neutral,Unknown,individual,unknown,original,yes,0,0,0,0,0,0,0,0,0,0,0,0
365,21049,478,9094,44.03556485355649,24.915068493150685,0,0,0.5,1.0,0.0,0,0,0.0,0.0,0.0,0.0,0.0,0.0,0.0,0.0,0.0,0,0,0,0.5,0.5,0.5,0.5,0.5,0.5,0.5,0.5,0.5,1,0,0,neutral,Unknown,individual,unknown,original,yes,0,0,0,0,0,0,0,0,0,0,0,0
365,32216,2608,45838,12.35276073619632,125.58356164383562,0,0,0.5,1.0,0.0,0,0,0.0,0.0,0.0,0.0,0.0,0.0,0.0,0.0,0.0,0,0,0,0.5,0.5,0.5,0.5,0.5,0.5,0.5,0.5,0.5,1,0,0,neutral,Unknown,individual,unknown,original,yes,0,0,0,0,0,0,0,0,0,0,0,0
365,480538,11473,4243,41.88424997820971,11.624657534246575,0,0,0.5,1.0,0.0,0,0,0.0,0.0,0.0,0.0,0.0,0.0,0.0,0.0,0.0,0,0,0,0.5,0.5,0.5,0.5,0.5,0.5,0.5,0.5,0.5,1,0,0,neutral,Unknown,individual,unknown,original,yes,0,0,0,0,0,0,0,0,0,0,0,0
365,236902,4330,181383,54.711778290993074,496.9397260273973,0,0,0.5,1.0,0.0,0,0,0.0,0.0,0.0,0.0,0.0,0.0,0.0,0.0,0.0,0,0,0,0.5,0.5,0.5,0.5,0.5,0.5,0.5,0.5,0.5,1,0,0,neutral,Unknown,individual,unknown,original,yes,0,0,0,0,0,0,0,0,0,0,0,0
365,2874,3184,5003,0.9026381909547738,13.706849315068494,0,0,0.5,1.0,0.0,0,0,0.0,0.0,0.0,0.0,0.0,0.0,0.0,0.0,0.0,0,0,0,0.5,0.5,0.5,0.5,0.5,0.5,0.5,0.5,0.5,1,0,0,neutral,Unknown,individual,unknown,original,yes,0,0,0,0,0,0,0,0,0,0,0,0
365,2081,2105,19651,0.9885985748218528,53.83835616438356,0,0,0.5,1.0,0.0,0,0,0.0,0.0,0.0,0.0,0.0,0.0,0.0,0.0,0.0,0,0,0,0.5,0.5,0.5,0.5,0.5,0.5,0.5,0.5,0.5,1,0,0,neutral,Unknown,individual,unknown,original,yes,0,0,0,0,0,0,0,0,0,0,0,0
365,2514,1390,45367,1.8086330935251798,124.2931506849315,0,0,0.5,1.0,0.0,0,0,0.0,0.0,0.0,0.0,0.0,0.0,0.0,0.0,0.0,0,0,0,0.5,0.5,0.5,0.5,0.5,0.5,0.5,0.5,0.5,1,0,0,neutral,Unknown,individual,unknown,original,yes,0,0,0,0,0,0,0,0,0,0,0,0
365,62205,237,21503,262.46835443037975,58.912328767123284,0,0,0.5,1.0,0.0,0,0,0.0,0.0,0.0,0.0,0.0,0.0,0.0,0.0,0.0,0,0,0,0.5,0.5,0.5,0.4,0.5,0.5,0.5,0.4600000000000001,0.5,1,0,0,neutral,Unknown,individual,unknown,original,yes,0,0,0,0,0,0,0,0,0,0,0,0
365,9563,5044,9791,1.8959159397303726,26.824657534246576,0,0,0.5,1.0,0.0,0,0,0.0,0.0,0.0,0.0,0.0,0.0,0.0,0.0,0.0,0,0,0,0.5,0.5,0.5,0.5,0.5,0.5,0.5,0.5,0.5,1,0,0,neutral,Unknown,individual,unknown,original,yes,0,0,0,0,0,0,0,0,0,0,0,0
365,7761,479,3427,16.20250521920668,9.389041095890411,0,0,0.5,1.0,0.0,0,0,0.0,0.0,0.0,0.0,0.0,0.0,0.0,0.0,0.0,0,0,0,0.5,0.5,0.5,0.5,0.5,0.5,0.5,0.5,0.5,1,0,0,neutral,Unknown,individual,unknown,original,yes,0,0,0,0,0,0,0,0,0,0,0,0
365,3600,3776,29044,0.9533898305084746,79.57260273972602,0,0,0.5,1.0,0.0,0,0,0.0,0.0,0.0,0.0,0.0,0.0,0.0,0.0,0.0,0,0,0,0.5,0.5,0.5,0.5,0.5,0.5,0.5,0.5,0.5,1,0,0,neutral,Unknown,individual,unknown,original,yes,0,0,0,0,0,0,0,0,0,0,0,0
365,10841,871,13154,12.446613088404133,36.038356164383565,0,0,0.5,1.0,0.0,0,0,0.0,0.0,0.0,0.0,0.0,0.0,0.0,0.0,0.0,0,0,0,0.5,0.5,0.5,0.5,0.5,0.5,0.5,0.5,0.5,1,0,0,neutral,Unknown,individual,unknown,original,yes,0,0,0,0,0,0,0,0,0,0,0,0
365,1153,974,3086,1.1837782340862424,8.454794520547946,0,0,0.5,1.0,0.0,0,0,0.0,0.0,0.0,0.0,0.0,0.0,0.0,0.0,0.0,0,0,0,0.5,0.5,0.5,0.5,0.5,0.5,0.5,0.5,0.5,1,0,0,neutral,Unknown,individual,unknown,original,yes,0,0,0,0,0,0,0,0,0,0,0,0
365,7995,1680,32042,4.758928571428571,87.78630136986301,0,0,0.5,1.0,0.0,0,0,0.0,0.0,0.0,0.0,0.0,0.0,0.0,0.0,0.0,0,0,0,0.5,0.5,0.5,0.5,0.5,0.5,0.5,0.5,0.5,1,0,0,neutral,Unknown,individual,unknown,original,yes,0,0,0,0,0,0,0,0,0,0,0,0
365,1671,683,2596,2.446559297218155,7.112328767123287,0,0,0.5,1.0,0.0,0,0,0.0,0.0,0.0,0.0,0.0,0.0,0.0,0.0,0.0,0,0,0,0.5,0.5,0.5,0.5,0.5,0.5,0.5,0.5,0.5,1,0,0,neutral,Unknown,individual,unknown,original,yes,0,0,0,0,0,0,0,0,0,0,0,0
365,242131,1443,9695,167.7969507969508,26.561643835616437,0,0,0.5,1.0,0.0,0,0,0.0,0.0,0.0,0.0,0.0,0.0,0.0,0.0,0.0,0,0,0,0.5,0.5,0.5,0.4,0.5,0.5,0.5,0.4600000000000001,0.5,1,0,0,neutral,Unknown,individual,unknown,original,yes,0,0,0,0,0,0,0,0,0,0,0,0
365,687,563,4650,1.2202486678507993,12.73972602739726,0,0,0.5,1.0,0.0,0,0,0.0,0.0,0.0,0.0,0.0,0.0,0.0,0.0,0.0,0,0,0,0.5,0.5,0.5,0.5,0.5,0.5,0.5,0.5,0.5,1,0,0,neutral,Unknown,individual,unknown,original,yes,0,0,0,0,0,0,0,0,0,0,0,0
365,370647,187,175209,1982.0695187165775,480.02465753424656,0,0,0.5,1.0,0.0,0,0,0.0,0.0,0.0,0.0,0.0,0.0,0.0,0.0,0.0,0,0,0,0.5,0.5,0.5,0.4,0.5,0.5,0.5,0.4600000000000001,0.5,1,0,0,neutral,Unknown,individual,unknown,original,yes,0,0,0,0,0,0,0,0,0,0,0,0
365,1127,516,12408,2.184108527131783,33.99452054794521,0,0,0.5,1.0,0.0,0,0,0.0,0.0,0.0,0.0,0.0,0.0,0.0,0.0,0.0,0,0,0,0.5,0.5,0.5,0.5,0.5,0.5,0.5,0.5,0.5,1,0,0,neutral,Unknown,individual,unknown,original,yes,0,0,0,0,0,0,0,0,0,0,0,0
365,543,184,6065,2.9510869565217392,16.616438356164384,0,0,0.5,1.0,0.0,0,0,0.0,0.0,0.0,0.0,0.0,0.0,0.0,0.0,0.0,0,0,0,0.5,0.5,0.5,0.5,0.5,0.5,0.5,0.5,0.5,1,0,0,neutral,Unknown,individual,unknown,original,yes,0,0,0,0,0,0,0,0,0,0,0,0
365,11304,482,15271,23.452282157676347,41.83835616438356,0,0,0.5,1.0,0.0,0,0,0.0,0.0,0.0,0.0,0.0,0.0,0.0,0.0,0.0,0,0,0,0.5,0.5,0.5,0.5,0.5,0.5,0.5,0.5,0.5,1,0,0,neutral,Unknown,individual,unknown,original,yes,0,0,0,0,0,0,0,0,0,0,0,0
365,2623,230,21288,11.404347826086957,58.323287671232876,0,0,0.5,1.0,0.0,0,0,0.0,0.0,0.0,0.0,0.0,0.0,0.0,0.0,0.0,0,0,0,0.5,0.5,0.5,0.5,0.5,0.5,0.5,0.5,0.5,1,0,0,neutral,Unknown,individual,unknown,original,yes,0,0,0,0,0,0,0,0,0,0,0,0
365,71819,800,4368,89.77375,11.967123287671233,0,0,0.5,1.0,0.0,0,0,0.0,0.0,0.0,0.0,0.0,0.0,0.0,0.0,0.0,0,0,0,0.5,0.5,0.5,0.5,0.5,0.5,0.5,0.5,0.5,1,0,0,neutral,Unknown,individual,unknown,original,yes,0,0,0,0,0,0,0,0,0,0,0,0
365,20478,4175,19603,4.904910179640718,53.706849315068496,0,0,0.5,1.0,0.0,0,0,0.0,0.0,0.0,0.0,0.0,0.0,0.0,0.0,0.0,0,0,0,0.5,0.5,0.5,0.5,0.5,0.5,0.5,0.5,0.5,1,0,0,neutral,Unknown,individual,unknown,original,yes,0,0,0,0,0,0,0,0,0,0,0,0
365,22506,5553,4910,4.052944354403025,13.452054794520548,0,0,0.5,1.0,0.0,0,0,0.0,0.0,0.0,0.0,0.0,0.0,0.0,0.0,0.0,0,0,0,0.5,0.5,0.5,0.5,0.5,0.5,0.5,0.5,0.5,1,0,0,neutral,Unknown,individual,unknown,original,yes,0,0,0,0,0,0,0,0,0,0,0,0
365,29509,5448,26149,5.416483113069016,71.64109589041095,0,0,0.5,1.0,0.0,0,0,0.0,0.0,0.0,0.0,0.0,0.0,0.0,0.0,0.0,0,0,0,0.5,0.5,0.5,0.5,0.5,0.5,0.5,0.5,0.5,1,0,0,neutral,Unknown,individual,unknown,original,yes,0,0,0,0,0,0,0,0,0,0,0,0
365,4980,1308,15562,3.8073394495412844,42.635616438356166,0,0,0.5,1.0,0.0,0,0,0.0,0.0,0.0,0.0,0.0,0.0,0.0,0.0,0.0,0,0,0,0.5,0.5,0.5,0.5,0.5,0.5,0.5,0.5,0.5,1,0,0,neutral,Unknown,individual,unknown,original,yes,0,0,0,0,0,0,0,0,0,0,0,0
365,1003,791,1275,1.268015170670038,3.493150684931507,0,0,0.5,1.0,0.0,0,0,0.0,0.0,0.0,0.0,0.0,0.0,0.0,0.0,0.0,0,0,0,0.5,0.5,0.5,0.5,0.5,0.5,0.5,0.5,0.5,1,0,0,neutral,Unknown,individual,unknown,original,yes,0,0,0,0,0,0,0,0,0,0,0,0
365,22939,491,9272,46.71894093686355,25.4027397260274,0,0,0.5,1.0,0.0,0,0,0.0,0.0,0.0,0.0,0.0,0.0,0.0,0.0,0.0,0,0,0,0.5,0.5,0.5,0.5,0.5,0.5,0.5,0.5,0.5,1,0,0,neutral,Unknown,individual,unknown,original,yes,0,0,0,0,0,0,0,0,0,0,0,0
365,4562,324,21296,14.080246913580247,58.345205479452055,0,0,0.5,1.0,0.0,0,0,0.0,0.0,0.0,0.0,0.0,0.0,0.0,0.0,0.0,0,0,0,0.5,0.5,0.5,0.5,0.5,0.5,0.5,0.5,0.5,1,0,0,neutral,Unknown,individual,unknown,original,yes,0,0,0,0,0,0,0,0,0,0,0,0
365,17511,616,86113,28.426948051948052,235.92602739726027,0,0,0.5,1.0,0.0,0,0,0.0,0.0,0.0,0.0,0.0,0.0,0.0,0.0,0.0,0,0,0,0.5,0.5,0.5,0.5,0.5,0.5,0.5,0.5,0.5,1,0,0,neutral,Unknown,individual,unknown,original,yes,0,0,0,0,0,0,0,0,0,0,0,0
365,12757,5113,30579,2.495012712693135,83.77808219178083,0,0,0.5,1.0,0.0,0,0,0.0,0.0,0.0,0.0,0.0,0.0,0.0,0.0,0.0,0,0,0,0.5,0.5,0.5,0.5,0.5,0.5,0.5,0.5,0.5,1,0,0,neutral,Unknown,individual,unknown,original,yes,0,0,0,0,0,0,0,0,0,0,0,0
365,94489,999,4552,94.58358358358359,12.471232876712328,0,0,0.5,1.0,0.0,0,0,0.0,0.0,0.0,0.0,0.0,0.0,0.0,0.0,0.0,0,0,0,0.5,0.5,0.5,0.5,0.5,0.5,0.5,0.5,0.5,1,0,0,neutral,Unknown,individual,unknown,original,yes,0,0,0,0,0,0,0,0,0,0,0,0
365,4400,2442,12801,1.8018018018018018,35.07123287671233,0,0,0.5,1.0,0.0,0,0,0.0,0.0,0.0,0.0,0.0,0.0,0.0,0.0,0.0,0,0,0,0.5,0.5,0.5,0.5,0.5,0.5,0.5,0.5,0.5,1,0,0,neutral,Unknown,individual,unknown,original,yes,0,0,0,0,0,0,0,0,0,0,0,0
365,5467,920,6553,5.942391304347826,17.953424657534246,0,0,0.5,1.0,0.0,0,0,0.0,0.0,0.0,0.0,0.0,0.0,0.0,0.0,0.0,0,0,0,0.5,0.5,0.5,0.5,0.5,0.5,0.5,0.5,0.5,1,0,0,neutral,Unknown,individual,unknown,original,yes,0,0,0,0,0,0,0,0,0,0,0,0
365,2200,804,1723,2.736318407960199,4.720547945205479,0,0,0.5,1.0,0.0,0,0,0.0,0.0,0.0,0.0,0.0,0.0,0.0,0.0,0.0,0,0,0,0.5,0.5,0.5,0.5,0.5,0.5,0.5,0.5,0.5,1,0,0,neutral,Unknown,individual,unknown,original,yes,0,0,0,0,0,0,0,0,0,0,0,0
365,17621,1621,20562,10.870450339296731,56.33424657534247,0,0,0.5,1.0,0.0,0,0,0.0,0.0,0.0,0.0,0.0,0.0,0.0,0.0,0.0,0,0,0,0.5,0.5,0.5,0.5,0.5,0.5,0.5,0.5,0.5,1,0,0,neutral,Unknown,individual,unknown,original,yes,0,0,0,0,0,0,0,0,0,0,0,0
365,14111,235,4775,60.0468085106383,13.082191780821917,0,0,0.5,1.0,0.0,0,0,0.0,0.0,0.0,0.0,0.0,0.0,0.0,0.0,0.0,0,0,0,0.5,0.5,0.5,0.5,0.5,0.5,0.5,0.5,0.5,1,0,0,neutral,Unknown,individual,unknown,original,yes,0,0,0,0,0,0,0,0,0,0,0,0
365,11257,3778,28228,2.979618845950238,77.33698630136986,0,0,0.5,1.0,0.0,0,0,0.0,0.0,0.0,0.0,0.0,0.0,0.0,0.0,0.0,0,0,0,0.5,0.5,0.5,0.5,0.5,0.5,0.5,0.5,0.5,1,0,0,neutral,Unknown,individual,unknown,original,yes,0,0,0,0,0,0,0,0,0,0,0,0
365,26225,1026,6802,25.560428849902536,18.635616438356163,0,0,0.5,1.0,0.0,0,0,0.0,0.0,0.0,0.0,0.0,0.0,0.0,0.0,0.0,0,0,0,0.5,0.5,0.5,0.5,0.5,0.5,0.5,0.5,0.5,1,0,0,neutral,Unknown,individual,unknown,original,yes,0,0,0,0,0,0,0,0,0,0,0,0
365,15513,5769,193810,2.689027561102444,530.986301369863,0,0,0.5,1.0,0.0,0,0,0.0,0.0,0.0,0.0,0.0,0.0,0.0,0.0,0.0,0,0,0,0.5,0.5,0.5,0.5,0.5,0.5,0.5,0.5,0.5,1,0,0,neutral,Unknown,individual,unknown,original,yes,0,0,0,0,0,0,0,0,0,0,0,0
365,4038,1691,4301,2.3879361324659962,11.783561643835617,0,0,0.5,1.0,0.0,0,0,0.0,0.0,0.0,0.0,0.0,0.0,0.0,0.0,0.0,0,0,0,0.5,0.5,0.5,0.5,0.5,0.5,0.5,0.5,0.5,1,0,0,neutral,Unknown,individual,unknown,original,yes,0,0,0,0,0,0,0,0,0,0,0,0
365,112709,965,2456,116.79689119170985,6.728767123287671,0,0,0.5,1.0,0.0,0,0,0.0,0.0,0.0,0.0,0.0,0.0,0.0,0.0,0.0,0,0,0,0.5,0.5,0.5,0.4,0.5,0.5,0.5,0.4600000000000001,0.5,1,0,0,neutral,Unknown,individual,unknown,original,yes,0,0,0,0,0,0,0,0,0,0,0,0
365,10092,1511,4490,6.679020516214427,12.301369863013699,0,0,0.5,1.0,0.0,0,0,0.0,0.0,0.0,0.0,0.0,0.0,0.0,0.0,0.0,0,0,0,0.5,0.5,0.5,0.5,0.5,0.5,0.5,0.5,0.5,1,0,0,neutral,Unknown,individual,unknown,original,yes,0,0,0,0,0,0,0,0,0,0,0,0
365,18046,1852,1296,9.744060475161987,3.5506849315068494,0,0,0.5,1.0,0.0,0,0,0.0,0.0,0.0,0.0,0.0,0.0,0.0,0.0,0.0,0,0,0,0.5,0.5,0.5,0.5,0.5,0.5,0.5,0.5,0.5,1,0,0,neutral,Unknown,individual,unknown,original,yes,0,0,0,0,0,0,0,0,0,0,0,0
365,6423,3933,3760,1.6331045003813882,10.301369863013699,0,0,0.5,1.0,0.0,0,0,0.0,0.0,0.0,0.0,0.0,0.0,0.0,0.0,0.0,0,0,0,0.5,0.5,0.5,0.5,0.5,0.5,0.5,0.5,0.5,1,0,0,neutral,Unknown,individual,unknown,original,yes,0,0,0,0,0,0,0,0,0,0,0,0
365,1107,493,6112,2.2454361054766734,16.745205479452054,0,0,0.5,1.0,0.0,0,0,0.0,0.0,0.0,0.0,0.0,0.0,0.0,0.0,0.0,0,0,0,0.5,0.5,0.5,0.5,0.5,0.5,0.5,0.5,0.5,1,0,0,neutral,Unknown,individual,unknown,original,yes,0,0,0,0,0,0,0,0,0,0,0,0
365,284695,420,19391,677.8452380952381,53.12602739726027,0,0,0.5,1.0,0.0,0,0,0.0,0.0,0.0,0.0,0.0,0.0,0.0,0.0,0.0,0,0,0,0.5,0.5,0.5,0.4,0.5,0.5,0.5,0.4600000000000001,0.5,1,0,0,neutral,Unknown,individual,unknown,original,yes,0,0,0,0,0,0,0,0,0,0,0,0
365,8793,909,60674,9.673267326732674,166.23013698630137,0,0,0.5,1.0,0.0,0,0,0.0,0.0,0.0,0.0,0.0,0.0,0.0,0.0,0.0,0,0,0,0.5,0.5,0.5,0.5,0.5,0.5,0.5,0.5,0.5,1,0,0,neutral,Unknown,individual,unknown,original,yes,0,0,0,0,0,0,0,0,0,0,0,0
365,87775,3869,233547,22.686740759886277,639.8547945205479,0,0,0.5,1.0,0.0,0,0,0.0,0.0,0.0,0.0,0.0,0.0,0.0,0.0,0.0,0,0,0,0.5,0.5,0.5,0.5,0.5,0.5,0.5,0.5,0.5,1,0,0,neutral,Unknown,individual,unknown,original,yes,0,0,0,0,0,0,0,0,0,0,0,0
365,7158,245,5745,29.216326530612246,15.73972602739726,0,0,0.5,1.0,0.0,0,0,0.0,0.0,0.0,0.0,0.0,0.0,0.0,0.0,0.0,0,0,0,0.5,0.5,0.5,0.5,0.5,0.5,0.5,0.5,0.5,1,0,0,neutral,Unknown,individual,unknown,original,yes,0,0,0,0,0,0,0,0,0,0,0,0
365,6397,2462,12349,2.598294069861901,33.83287671232877,0,0,0.5,1.0,0.0,0,0,0.0,0.0,0.0,0.0,0.0,0.0,0.0,0.0,0.0,0,0,0,0.5,0.5,0.5,0.5,0.5,0.5,0.5,0.5,0.5,1,0,0,neutral,Unknown,individual,unknown,original,yes,0,0,0,0,0,0,0,0,0,0,0,0
365,2515,93,4381,27.043010752688172,12.002739726027396,0,0,0.5,1.0,0.0,0,0,0.0,0.0,0.0,0.0,0.0,0.0,0.0,0.0,0.0,0,0,0,0.5,0.5,0.5,0.5,0.5,0.5,0.5,0.5,0.5,1,0,0,neutral,Unknown,individual,unknown,original,yes,0,0,0,0,0,0,0,0,0,0,0,0
365,904015,174,28679,5195.4885057471265,78.57260273972602,0,0,0.5,1.0,0.0,0,0,0.0,0.0,0.0,0.0,0.0,0.0,0.0,0.0,0.0,0,0,0,0.5,0.5,0.5,0.4,0.5,0.5,0.5,0.4600000000000001,0.5,1,0,0,neutral,Unknown,individual,unknown,original,yes,0,0,0,0,0,0,0,0,0,0,0,0
365,5039,800,11121,6.29875,30.46849315068493,0,0,0.5,1.0,0.0,0,0,0.0,0.0,0.0,0.0,0.0,0.0,0.0,0.0,0.0,0,0,0,0.5,0.5,0.5,0.5,0.5,0.5,0.5,0.5,0.5,1,0,0,neutral,Unknown,individual,unknown,original,yes,0,0,0,0,0,0,0,0,0,0,0,0
365,4322,998,9055,4.330661322645291,24.80821917808219,0,0,0.5,1.0,0.0,0,0,0.0,0.0,0.0,0.0,0.0,0.0,0.0,0.0,0.0,0,0,0,0.5,0.5,0.5,0.5,0.5,0.5,0.5,0.5,0.5,1,0,0,neutral,Unknown,individual,unknown,original,yes,0,0,0,0,0,0,0,0,0,0,0,0
365,19277,5009,20656,3.848472749051707,56.59178082191781,0,0,0.5,1.0,0.0,0,0,0.0,0.0,0.0,0.0,0.0,0.0,0.0,0.0,0.0,0,0,0,0.5,0.5,0.5,0.5,0.5,0.5,0.5,0.5,0.5,1,0,0,neutral,Unknown,individual,unknown,original,yes,0,0,0,0,0,0,0,0,0,0,0,0
365,3954,110,996,35.945454545454545,2.728767123287671,0,0,0.5,1.0,0.0,0,0,0.0,0.0,0.0,0.0,0.0,0.0,0.0,0.0,0.0,0,0,0,0.5,0.5,0.5,0.5,0.5,0.5,0.5,0.5,0.5,1,0,0,neutral,Unknown,individual,unknown,original,yes,0,0,0,0,0,0,0,0,0,0,0,0
365,4559,2341,4582,1.947458351131995,12.553424657534247,0,0,0.5,1.0,0.0,0,0,0.0,0.0,0.0,0.0,0.0,0.0,0.0,0.0,0.0,0,0,0,0.5,0.5,0.5,0.5,0.5,0.5,0.5,0.5,0.5,1,0,0,neutral,Unknown,individual,unknown,original,yes,0,0,0,0,0,0,0,0,0,0,0,0
365,1032,576,2035,1.7916666666666667,5.575342465753424,0,0,0.5,1.0,0.0,0,0,0.0,0.0,0.0,0.0,0.0,0.0,0.0,0.0,0.0,0,0,0,0.5,0.5,0.5,0.5,0.5,0.5,0.5,0.5,0.5,1,0,0,neutral,Unknown,individual,unknown,original,yes,0,0,0,0,0,0,0,0,0,0,0,0
365,578351,2112,61034,273.8404356060606,167.2164383561644,0,0,0.5,1.0,0.0,0,0,0.0,0.0,0.0,0.0,0.0,0.0,0.0,0.0,0.0,0,0,0,0.5,0.5,0.5,0.4,0.5,0.5,0.5,0.4600000000000001,0.5,1,0,0,neutral,Unknown,individual,unknown,original,yes,0,0,0,0,0,0,0,0,0,0,0,0
365,75441,301,808,250.6345514950166,2.213698630136986,0,0,0.5,1.0,0.0,0,0,0.0,0.0,0.0,0.0,0.0,0.0,0.0,0.0,0.0,0,0,0,0.5,0.5,0.5,0.4,0.5,0.5,0.5,0.4600000000000001,0.5,1,0,0,neutral,Unknown,individual,unknown,original,yes,0,0,0,0,0,0,0,0,0,0,0,0
365,8385,1525,15195,5.498360655737705,41.63013698630137,0,0,0.5,1.0,0.0,0,0,0.0,0.0,0.0,0.0,0.0,0.0,0.0,0.0,0.0,0,0,0,0.5,0.5,0.5,0.5,0.5,0.5,0.5,0.5,0.5,1,0,0,neutral,Unknown,individual,unknown,original,yes,0,0,0,0,0,0,0,0,0,0,0,0
365,29970,1301,112900,23.036126056879322,309.3150684931507,0,0,0.5,1.0,0.0,0,0,0.0,0.0,0.0,0.0,0.0,0.0,0.0,0.0,0.0,0,0,0,0.5,0.5,0.5,0.5,0.5,0.5,0.5,0.5,0.5,1,0,0,neutral,Unknown,individual,unknown,original,yes,0,0,0,0,0,0,0,0,0,0,0,0
365,2009,2207,13568,0.9102854553692795,37.172602739726024,0,0,0.5,1.0,0.0,0,0,0.0,0.0,0.0,0.0,0.0,0.0,0.0,0.0,0.0,0,0,0,0.5,0.5,0.5,0.5,0.5,0.5,0.5,0.5,0.5,1,0,0,neutral,Unknown,individual,unknown,original,yes,0,0,0,0,0,0,0,0,0,0,0,0
365,630,985,4633,0.6395939086294417,12.693150684931506,0,0,0.5,1.0,0.0,0,0,0.0,0.0,0.0,0.0,0.0,0.0,0.0,0.0,0.0,0,0,0,0.5,0.5,0.5,0.5,0.5,0.5,0.5,0.5,0.5,1,0,0,neutral,Unknown,individual,unknown,original,yes,0,0,0,0,0,0,0,0,0,0,0,0
365,57361,489,86091,117.30265848670757,235.86575342465753,0,0,0.5,1.0,0.0,0,0,0.0,0.0,0.0,0.0,0.0,0.0,0.0,0.0,0.0,0,0,0,0.5,0.5,0.5,0.4,0.5,0.5,0.5,0.4600000000000001,0.5,1,0,0,neutral,Unknown,individual,unknown,original,yes,0,0,0,0,0,0,0,0,0,0,0,0
365,2063,1645,4141,1.2541033434650455,11.345205479452055,0,0,0.5,1.0,0.0,0,0,0.0,0.0,0.0,0.0,0.0,0.0,0.0,0.0,0.0,0,0,0,0.5,0.5,0.5,0.5,0.5,0.5,0.5,0.5,0.5,1,0,0,neutral,Unknown,individual,unknown,original,yes,0,0,0,0,0,0,0,0,0,0,0,0
365,67725,775,94854,87.38709677419355,259.87397260273974,0,0,0.5,1.0,0.0,0,0,0.0,0.0,0.0,0.0,0.0,0.0,0.0,0.0,0.0,0,0,0,0.5,0.5,0.5,0.5,0.5,0.5,0.5,0.5,0.5,1,0,0,neutral,Unknown,individual,unknown,original,yes,0,0,0,0,0,0,0,0,0,0,0,0
365,18055,3420,9241,5.279239766081871,25.317808219178083,0,0,0.5,1.0,0.0,0,0,0.0,0.0,0.0,0.0,0.0,0.0,0.0,0.0,0.0,0,0,0,0.5,0.5,0.5,0.5,0.5,0.5,0.5,0.5,0.5,1,0,0,neutral,Unknown,individual,unknown,original,yes,0,0,0,0,0,0,0,0,0,0,0,0
365,27574,297,56153,92.84175084175084,153.84383561643835,0,0,0.5,1.0,0.0,0,0,0.0,0.0,0.0,0.0,0.0,0.0,0.0,0.0,0.0,0,0,0,0.5,0.5,0.5,0.5,0.5,0.5,0.5,0.5,0.5,1,0,0,neutral,Unknown,individual,unknown,original,yes,0,0,0,0,0,0,0,0,0,0,0,0
365,8824,2029,2577,4.34894036471168,7.06027397260274,0,0,0.5,1.0,0.0,0,0,0.0,0.0,0.0,0.0,0.0,0.0,0.0,0.0,0.0,0,0,0,0.5,0.5,0.5,0.5,0.5,0.5,0.5,0.5,0.5,1,0,0,neutral,Unknown,individual,unknown,original,yes,0,0,0,0,0,0,0,0,0,0,0,0
365,760828,842,17361,903.5961995249406,47.56438356164384,0,0,0.5,1.0,0.0,0,0,0.0,0.0,0.0,0.0,0.0,0.0,0.0,0.0,0.0,0,0,0,0.5,0.5,0.5,0.4,0.5,0.5,0.5,0.4600000000000001,0.5,1,0,0,neutral,Unknown,individual,unknown,original,yes,0,0,0,0,0,0,0,0,0,0,0,0
365,10533,152,79951,69.29605263157895,219.04383561643834,0,0,0.5,1.0,0.0,0,0,0.0,0.0,0.0,0.0,0.0,0.0,0.0,0.0,0.0,0,0,0,0.5,0.5,0.5,0.5,0.5,0.5,0.5,0.5,0.5,1,0,0,neutral,Unknown,individual,unknown,original,yes,0,0,0,0,0,0,0,0,0,0,0,0
365,8042,266,124759,30.23308270676692,341.8054794520548,0,0,0.5,1.0,0.0,0,0,0.0,0.0,0.0,0.0,0.0,0.0,0.0,0.0,0.0,0,0,0,0.5,0.5,0.5,0.5,0.5,0.5,0.5,0.5,0.5,1,0,0,neutral,Unknown,individual,unknown,original,yes,0,0,0,0,0,0,0,0,0,0,0,0
365,581347,22,47296,26424.863636363636,129.57808219178082,0,0,0.5,1.0,0.0,0,0,0.0,0.0,0.0,0.0,0.0,0.0,0.0,0.0,0.0,0,0,0,0.5,0.5,0.5,0.4,0.5,0.5,0.5,0.4600000000000001,0.5,1,0,0,neutral,Unknown,individual,unknown,original,yes,0,0,0,0,0,0,0,0,0,0,0,0
365,14950,3992,98637,3.74498997995992,270.23835616438356,0,0,0.5,1.0,0.0,0,0,0.0,0.0,0.0,0.0,0.0,0.0,0.0,0.0,0.0,0,0,0,0.5,0.5,0.5,0.5,0.5,0.5,0.5,0.5,0.5,1,0,0,neutral,Unknown,individual,unknown,original,yes,0,0,0,0,0,0,0,0,0,0,0,0
365,4200,5072,3371,0.8280757097791798,9.235616438356164,0,0,0.5,1.0,0.0,0,0,0.0,0.0,0.0,0.0,0.0,0.0,0.0,0.0,0.0,0,0,0,0.5,0.5,0.5,0.5,0.5,0.5,0.5,0.5,0.5,1,0,0,neutral,Unknown,individual,unknown,original,yes,0,0,0,0,0,0,0,0,0,0,0,0
365,157640,95492,19232,1.6508189167678968,52.69041095890411,0,0,0.5,1.0,0.0,0,0,0.0,0.0,0.0,0.0,0.0,0.0,0.0,0.0,0.0,0,0,0,0.5,0.5,0.5,0.5,0.5,0.5,0.5,0.5,0.5,1,0,0,neutral,Unknown,individual,unknown,original,yes,0,0,0,0,0,0,0,0,0,0,0,0
365,14018,4671,23723,3.0010704345964463,64.9945205479452,0,0,0.5,1.0,0.0,0,0,0.0,0.0,0.0,0.0,0.0,0.0,0.0,0.0,0.0,0,0,0,0.5,0.5,0.5,0.5,0.5,0.5,0.5,0.5,0.5,1,0,0,neutral,Unknown,individual,unknown,original,yes,0,0,0,0,0,0,0,0,0,0,0,0
365,203161,510,187892,398.35490196078433,514.772602739726,0,0,0.5,1.0,0.0,0,0,0.0,0.0,0.0,0.0,0.0,0.0,0.0,0.0,0.0,0,0,0,0.5,0.5,0.5,0.4,0.5,0.5,0.5,0.4600000000000001,0.5,1,0,0,neutral,Unknown,individual,unknown,original,yes,0,0,0,0,0,0,0,0,0,0,0,0
365,6043,2264,27030,2.6691696113074204,74.05479452054794,0,0,0.5,1.0,0.0,0,0,0.0,0.0,0.0,0.0,0.0,0.0,0.0,0.0,0.0,0,0,0,0.5,0.5,0.5,0.5,0.5,0.5,0.5,0.5,0.5,1,0,0,neutral,Unknown,individual,unknown,original,yes,0,0,0,0,0,0,0,0,0,0,0,0
365,4121,3232,26111,1.275061881188119,71.53698630136986,0,0,0.5,1.0,0.0,0,0,0.0,0.0,0.0,0.0,0.0,0.0,0.0,0.0,0.0,0,0,0,0.5,0.5,0.5,0.5,0.5,0.5,0.5,0.5,0.5,1,0,0,neutral,Unknown,individual,unknown,original,yes,0,0,0,0,0,0,0,0,0,0,0,0
365,15156,693,13390,21.87012987012987,36.68493150684932,0,0,0.5,1.0,0.0,0,0,0.0,0.0,0.0,0.0,0.0,0.0,0.0,0.0,0.0,0,0,0,0.5,0.5,0.5,0.5,0.5,0.5,0.5,0.5,0.5,1,0,0,neutral,Unknown,individual,unknown,original,yes,0,0,0,0,0,0,0,0,0,0,0,0
365,5353,1291,11521,4.146398140975988,31.564383561643837,0,0,0.5,1.0,0.0,0,0,0.0,0.0,0.0,0.0,0.0,0.0,0.0,0.0,0.0,0,0,0,0.5,0.5,0.5,0.5,0.5,0.5,0.5,0.5,0.5,1,0,0,neutral,Unknown,individual,unknown,original,yes,0,0,0,0,0,0,0,0,0,0,0,0
365,3134,2296,2600,1.3649825783972125,7.123287671232877,0,0,0.5,1.0,0.0,0,0,0.0,0.0,0.0,0.0,0.0,0.0,0.0,0.0,0.0,0,0,0,0.5,0.5,0.5,0.5,0.5,0.5,0.5,0.5,0.5,1,0,0,neutral,Unknown,individual,unknown,original,yes,0,0,0,0,0,0,0,0,0,0,0,0
365,156928,5876,10668,26.706603131381893,29.22739726027397,0,0,0.5,1.0,0.0,0,0,0.0,0.0,0.0,0.0,0.0,0.0,0.0,0.0,0.0,0,0,0,0.5,0.5,0.5,0.5,0.5,0.5,0.5,0.5,0.5,1,0,0,neutral,Unknown,individual,unknown,original,yes,0,0,0,0,0,0,0,0,0,0,0,0
365,4233,585,35606,7.235897435897436,97.55068493150685,0,0,0.5,1.0,0.0,0,0,0.0,0.0,0.0,0.0,0.0,0.0,0.0,0.0,0.0,0,0,0,0.5,0.5,0.5,0.5,0.5,0.5,0.5,0.5,0.5,1,0,0,neutral,Unknown,individual,unknown,original,yes,0,0,0,0,0,0,0,0,0,0,0,0
365,13614,4143,24012,3.286024619840695,65.78630136986301,0,0,0.5,1.0,0.0,0,0,0.0,0.0,0.0,0.0,0.0,0.0,0.0,0.0,0.0,0,0,0,0.5,0.5,0.5,0.5,0.5,0.5,0.5,0.5,0.5,1,0,0,neutral,Unknown,individual,unknown,original,yes,0,0,0,0,0,0,0,0,0,0,0,0
365,18938,947,10568,19.997888067581837,28.953424657534246,0,0,0.5,1.0,0.0,0,0,0.0,0.0,0.0,0.0,0.0,0.0,0.0,0.0,0.0,0,0,0,0.5,0.5,0.5,0.5,0.5,0.5,0.5,0.5,0.5,1,0,0,neutral,Unknown,individual,unknown,original,yes,0,0,0,0,0,0,0,0,0,0,0,0
365,54411,290,4286,187.62413793103448,11.742465753424657,0,0,0.5,1.0,0.0,0,0,0.0,0.0,0.0,0.0,0.0,0.0,0.0,0.0,0.0,0,0,0,0.5,0.5,0.5,0.4,0.5,0.5,0.5,0.4600000000000001,0.5,1,0,0,neutral,Unknown,individual,unknown,original,yes,0,0,0,0,0,0,0,0,0,0,0,0
365,2905,794,154,3.658690176322418,0.42191780821917807,0,0,0.5,1.0,0.0,0,0,0.0,0.0,0.0,0.0,0.0,0.0,0.0,0.0,0.0,0,0,0,0.5,0.5,0.5,0.5,0.5,0.5,0.5,0.5,0.5,1,0,0,neutral,Unknown,individual,unknown,original,yes,0,0,0,0,0,0,0,0,0,0,0,0
365,249704,1699,12481,146.97115950559152,34.1945205479452,0,0,0.5,1.0,0.0,0,0,0.0,0.0,0.0,0.0,0.0,0.0,0.0,0.0,0.0,0,0,0,0.5,0.5,0.5,0.4,0.5,0.5,0.5,0.4600000000000001,0.5,1,0,0,neutral,Unknown,individual,unknown,original,yes,0,0,0,0,0,0,0,0,0,0,0,0
365,6363,3544,11522,1.795428893905192,31.567123287671233,0,0,0.5,1.0,0.0,0,0,0.0,0.0,0.0,0.0,0.0,0.0,0.0,0.0,0.0,0,0,0,0.5,0.5,0.5,0.5,0.5,0.5,0.5,0.5,0.5,1,0,0,neutral,Unknown,individual,unknown,original,yes,0,0,0,0,0,0,0,0,0,0,0,0
365,9741,1983,16158,4.912254160363086,44.26849315068493,0,0,0.5,1.0,0.0,0,0,0.0,0.0,0.0,0.0,0.0,0.0,0.0,0.0,0.0,0,0,0,0.5,0.5,0.5,0.5,0.5,0.5,0.5,0.5,0.5,1,0,0,neutral,Unknown,individual,unknown,original,yes,0,0,0,0,0,0,0,0,0,0,0,0
365,100691,9854,32017,10.2182869900548,87.71780821917808,0,0,0.5,1.0,0.0,0,0,0.0,0.0,0.0,0.0,0.0,0.0,0.0,0.0,0.0,0,0,0,0.5,0.5,0.5,0.5,0.5,0.5,0.5,0.5,0.5,1,0,0,neutral,Unknown,individual,unknown,original,yes,0,0,0,0,0,0,0,0,0,0,0,0
365,8353,994,175029,8.403420523138832,479.53150684931506,0,0,0.5,1.0,0.0,0,0,0.0,0.0,0.0,0.0,0.0,0.0,0.0,0.0,0.0,0,0,0,0.5,0.5,0.5,0.5,0.5,0.5,0.5,0.5,0.5,1,0,0,neutral,Unknown,individual,unknown,original,yes,0,0,0,0,0,0,0,0,0,0,0,0
365,88838,2192,130566,40.528284671532845,357.7150684931507,0,0,0.5,1.0,0.0,0,0,0.0,0.0,0.0,0.0,0.0,0.0,0.0,0.0,0.0,0,0,0,0.5,0.5,0.5,0.5,0.5,0.5,0.5,0.5,0.5,1,0,0,neutral,Unknown,individual,unknown,original,yes,0,0,0,0,0,0,0,0,0,0,0,0
365,19922,5707,24694,3.4908007709830033,67.65479452054795,0,0,0.5,1.0,0.0,0,0,0.0,0.0,0.0,0.0,0.0,0.0,0.0,0.0,0.0,0,0,0,0.5,0.5,0.5,0.5,0.5,0.5,0.5,0.5,0.5,1,0,0,neutral,Unknown,individual,unknown,original,yes,0,0,0,0,0,0,0,0,0,0,0,0
365,4978,575,12324,8.657391304347826,33.76438356164383,0,0,0.5,1.0,0.0,0,0,0.0,0.0,0.0,0.0,0.0,0.0,0.0,0.0,0.0,0,0,0,0.5,0.5,0.5,0.5,0.5,0.5,0.5,0.5,0.5,1,0,0,neutral,Unknown,individual,unknown,original,yes,0,0,0,0,0,0,0,0,0,0,0,0
365,11559,400,103161,28.8975,282.63287671232877,0,0,0.5,1.0,0.0,0,0,0.0,0.0,0.0,0.0,0.0,0.0,0.0,0.0,0.0,0,0,0,0.5,0.5,0.5,0.5,0.5,0.5,0.5,0.5,0.5,1,0,0,neutral,Unknown,individual,unknown,original,yes,0,0,0,0,0,0,0,0,0,0,0,0
365,130762,446,6559,293.1883408071749,17.96986301369863,0,0,0.5,1.0,0.0,0,0,0.0,0.0,0.0,0.0,0.0,0.0,0.0,0.0,0.0,0,0,0,0.5,0.5,0.5,0.4,0.5,0.5,0.5,0.4600000000000001,0.5,1,0,0,neutral,Unknown,individual,unknown,original,yes,0,0,0,0,0,0,0,0,0,0,0,0
365,11132,925,9285,12.034594594594594,25.438356164383563,0,0,0.5,1.0,0.0,0,0,0.0,0.0,0.0,0.0,0.0,0.0,0.0,0.0,0.0,0,0,0,0.5,0.5,0.5,0.5,0.5,0.5,0.5,0.5,0.5,1,0,0,neutral,Unknown,individual,unknown,original,yes,0,0,0,0,0,0,0,0,0,0,0,0
365,13021,420,3541,31.002380952380953,9.7013698630137,0,0,0.5,1.0,0.0,0,0,0.0,0.0,0.0,0.0,0.0,0.0,0.0,0.0,0.0,0,0,0,0.5,0.5,0.5,0.5,0.5,0.5,0.5,0.5,0.5,1,0,0,neutral,Unknown,individual,unknown,original,yes,0,0,0,0,0,0,0,0,0,0,0,0
365,8101,3331,2458,2.432002401681177,6.734246575342466,0,0,0.5,1.0,0.0,0,0,0.0,0.0,0.0,0.0,0.0,0.0,0.0,0.0,0.0,0,0,0,0.5,0.5,0.5,0.5,0.5,0.5,0.5,0.5,0.5,1,0,0,neutral,Unknown,individual,unknown,original,yes,0,0,0,0,0,0,0,0,0,0,0,0
365,5977,1234,4822,4.843598055105349,13.210958904109589,0,0,0.5,1.0,0.0,0,0,0.0,0.0,0.0,0.0,0.0,0.0,0.0,0.0,0.0,0,0,0,0.5,0.5,0.5,0.5,0.5,0.5,0.5,0.5,0.5,1,0,0,neutral,Unknown,individual,unknown,original,yes,0,0,0,0,0,0,0,0,0,0,0,0
365,1680,322,25151,5.217391304347826,68.9068493150685,0,0,0.5,1.0,0.0,0,0,0.0,0.0,0.0,0.0,0.0,0.0,0.0,0.0,0.0,0,0,0,0.5,0.5,0.5,0.5,0.5,0.5,0.5,0.5,0.5,1,0,0,neutral,Unknown,individual,unknown,original,yes,0,0,0,0,0,0,0,0,0,0,0,0
365,50170,2925,89217,17.15213675213675,244.43013698630136,0,0,0.5,1.0,0.0,0,0,0.0,0.0,0.0,0.0,0.0,0.0,0.0,0.0,0.0,0,0,0,0.5,0.5,0.5,0.5,0.5,0.5,0.5,0.5,0.5,1,0,0,neutral,Unknown,individual,unknown,original,yes,0,0,0,0,0,0,0,0,0,0,0,0
365,7072,598,32336,11.826086956521738,88.59178082191781,0,0,0.5,1.0,0.0,0,0,0.0,0.0,0.0,0.0,0.0,0.0,0.0,0.0,0.0,0,0,0,0.5,0.5,0.5,0.5,0.5,0.5,0.5,0.5,0.5,1,0,0,neutral,Unknown,individual,unknown,original,yes,0,0,0,0,0,0,0,0,0,0,0,0
365,12142,274,38943,44.31386861313869,106.69315068493151,0,0,0.5,1.0,0.0,0,0,0.0,0.0,0.0,0.0,0.0,0.0,0.0,0.0,0.0,0,0,0,0.5,0.5,0.5,0.5,0.5,0.5,0.5,0.5,0.5,1,0,0,neutral,Unknown,individual,unknown,original,yes,0,0,0,0,0,0,0,0,0,0,0,0
365,11555,807,13950,14.318463444857496,38.21917808219178,0,0,0.5,1.0,0.0,0,0,0.0,0.0,0.0,0.0,0.0,0.0,0.0,0.0,0.0,0,0,0,0.5,0.5,0.5,0.5,0.5,0.5,0.5,0.5,0.5,1,0,0,neutral,Unknown,individual,unknown,original,yes,0,0,0,0,0,0,0,0,0,0,0,0
365,13542,945,8156,14.33015873015873,22.345205479452055,0,0,0.5,1.0,0.0,0,0,0.0,0.0,0.0,0.0,0.0,0.0,0.0,0.0,0.0,0,0,0,0.5,0.5,0.5,0.5,0.5,0.5,0.5,0.5,0.5,1,0,0,neutral,Unknown,individual,unknown,original,yes,0,0,0,0,0,0,0,0,0,0,0,0
365,90137,14682,59806,6.1392862007900835,163.85205479452054,0,0,0.5,1.0,0.0,0,0,0.0,0.0,0.0,0.0,0.0,0.0,0.0,0.0,0.0,0,0,0,0.5,0.5,0.5,0.5,0.5,0.5,0.5,0.5,0.5,1,0,0,neutral,Unknown,individual,unknown,original,yes,0,0,0,0,0,0,0,0,0,0,0,0
365,16897,1714,4755,9.858226371061845,13.027397260273972,0,0,0.5,1.0,0.0,0,0,0.0,0.0,0.0,0.0,0.0,0.0,0.0,0.0,0.0,0,0,0,0.5,0.5,0.5,0.5,0.5,0.5,0.5,0.5,0.5,1,0,0,neutral,Unknown,individual,unknown,original,yes,0,0,0,0,0,0,0,0,0,0,0,0
365,3055,1386,12423,2.204184704184704,34.035616438356165,0,0,0.5,1.0,0.0,0,0,0.0,0.0,0.0,0.0,0.0,0.0,0.0,0.0,0.0,0,0,0,0.5,0.5,0.5,0.5,0.5,0.5,0.5,0.5,0.5,1,0,0,neutral,Unknown,individual,unknown,original,yes,0,0,0,0,0,0,0,0,0,0,0,0
365,78633,2194,14554,35.84001823154057,39.87397260273973,0,0,0.5,1.0,0.0,0,0,0.0,0.0,0.0,0.0,0.0,0.0,0.0,0.0,0.0,0,0,0,0.5,0.5,0.5,0.5,0.5,0.5,0.5,0.5,0.5,1,0,0,neutral,Unknown,individual,unknown,original,yes,0,0,0,0,0,0,0,0,0,0,0,0
365,35902,1119,120682,32.0840035746202,330.6356164383562,0,0,0.5,1.0,0.0,0,0,0.0,0.0,0.0,0.0,0.0,0.0,0.0,0.0,0.0,0,0,0,0.5,0.5,0.5,0.5,0.5,0.5,0.5,0.5,0.5,1,0,0,neutral,Unknown,individual,unknown,original,yes,0,0,0,0,0,0,0,0,0,0,0,0
365,53790,1796,8297,29.94988864142539,22.731506849315068,0,0,0.5,1.0,0.0,0,0,0.0,0.0,0.0,0.0,0.0,0.0,0.0,0.0,0.0,0,0,0,0.5,0.5,0.5,0.5,0.5,0.5,0.5,0.5,0.5,1,0,0,neutral,Unknown,individual,unknown,original,yes,0,0,0,0,0,0,0,0,0,0,0,0
365,3222,2084,86144,1.5460652591170825,236.0109589041096,0,0,0.5,1.0,0.0,0,0,0.0,0.0,0.0,0.0,0.0,0.0,0.0,0.0,0.0,0,0,0,0.5,0.5,0.5,0.5,0.5,0.5,0.5,0.5,0.5,1,0,0,neutral,Unknown,individual,unknown,original,yes,0,0,0,0,0,0,0,0,0,0,0,0
365,37108,4631,15611,8.012956164975167,42.76986301369863,0,0,0.5,1.0,0.0,0,0,0.0,0.0,0.0,0.0,0.0,0.0,0.0,0.0,0.0,0,0,0,0.5,0.5,0.5,0.5,0.5,0.5,0.5,0.5,0.5,1,0,0,neutral,Unknown,individual,unknown,original,yes,0,0,0,0,0,0,0,0,0,0,0,0
365,2344,2750,1669,0.8523636363636363,4.572602739726028,0,0,0.5,1.0,0.0,0,0,0.0,0.0,0.0,0.0,0.0,0.0,0.0,0.0,0.0,0,0,0,0.5,0.5,0.5,0.5,0.5,0.5,0.5,0.5,0.5,1,0,0,neutral,Unknown,individual,unknown,original,yes,0,0,0,0,0,0,0,0,0,0,0,0
365,35345,24682,8626,1.4320152337736003,23.632876712328766,0,0,0.5,1.0,0.0,0,0,0.0,0.0,0.0,0.0,0.0,0.0,0.0,0.0,0.0,0,0,0,0.5,0.5,0.5,0.5,0.5,0.5,0.5,0.5,0.5,1,0,0,neutral,Unknown,individual,unknown,original,yes,0,0,0,0,0,0,0,0,0,0,0,0
365,5157,996,15555,5.177710843373494,42.61643835616438,0,0,0.5,1.0,0.0,0,0,0.0,0.0,0.0,0.0,0.0,0.0,0.0,0.0,0.0,0,0,0,0.5,0.5,0.5,0.5,0.5,0.5,0.5,0.5,0.5,1,0,0,neutral,Unknown,individual,unknown,original,yes,0,0,0,0,0,0,0,0,0,0,0,0
365,44667,1984,128015,22.51360887096774,350.7260273972603,0,0,0.5,1.0,0.0,0,0,0.0,0.0,0.0,0.0,0.0,0.0,0.0,0.0,0.0,0,0,0,0.5,0.5,0.5,0.5,0.5,0.5,0.5,0.5,0.5,1,0,0,neutral,Unknown,individual,unknown,original,yes,0,0,0,0,0,0,0,0,0,0,0,0
365,12693,1234,5666,10.286061588330632,15.523287671232877,0,0,0.5,1.0,0.0,0,0,0.0,0.0,0.0,0.0,0.0,0.0,0.0,0.0,0.0,0,0,0,0.5,0.5,0.5,0.5,0.5,0.5,0.5,0.5,0.5,1,0,0,neutral,Unknown,individual,unknown,original,yes,0,0,0,0,0,0,0,0,0,0,0,0
365,3500,1807,8224,1.936912008854455,22.53150684931507,0,0,0.5,1.0,0.0,0,0,0.0,0.0,0.0,0.0,0.0,0.0,0.0,0.0,0.0,0,0,0,0.5,0.5,0.5,0.5,0.5,0.5,0.5,0.5,0.5,1,0,0,neutral,Unknown,individual,unknown,original,yes,0,0,0,0,0,0,0,0,0,0,0,0
365,68241,19969,103677,3.4173468876758974,284.04657534246576,0,0,0.5,1.0,0.0,0,0,0.0,0.0,0.0,0.0,0.0,0.0,0.0,0.0,0.0,0,0,0,0.5,0.5,0.5,0.5,0.5,0.5,0.5,0.5,0.5,1,0,0,neutral,Unknown,individual,unknown,original,yes,0,0,0,0,0,0,0,0,0,0,0,0
365,32378,11154,56175,2.9028151335843644,153.9041095890411,0,0,0.5,1.0,0.0,0,0,0.0,0.0,0.0,0.0,0.0,0.0,0.0,0.0,0.0,0,0,0,0.5,0.5,0.5,0.5,0.5,0.5,0.5,0.5,0.5,1,0,0,neutral,Unknown,individual,unknown,original,yes,0,0,0,0,0,0,0,0,0,0,0,0
365,77166,1141,13273,67.63014899211218,36.364383561643834,0,0,0.5,1.0,0.0,0,0,0.0,0.0,0.0,0.0,0.0,0.0,0.0,0.0,0.0,0,0,0,0.5,0.5,0.5,0.5,0.5,0.5,0.5,0.5,0.5,1,0,0,neutral,Unknown,individual,unknown,original,yes,0,0,0,0,0,0,0,0,0,0,0,0
365,12485,6370,63852,1.9599686028257457,174.93698630136987,0,0,0.5,1.0,0.0,0,0,0.0,0.0,0.0,0.0,0.0,0.0,0.0,0.0,0.0,0,0,0,0.5,0.5,0.5,0.5,0.5,0.5,0.5,0.5,0.5,1,0,0,neutral,Unknown,individual,unknown,original,yes,0,0,0,0,0,0,0,0,0,0,0,0
365,2907,979,5573,2.969356486210419,15.26849315068493,0,0,0.5,1.0,0.0,0,0,0.0,0.0,0.0,0.0,0.0,0.0,0.0,0.0,0.0,0,0,0,0.5,0.5,0.5,0.5,0.5,0.5,0.5,0.5,0.5,1,0,0,neutral,Unknown,individual,unknown,original,yes,0,0,0,0,0,0,0,0,0,0,0,0
365,12607,1857,3605,6.788906838987614,9.876712328767123,0,0,0.5,1.0,0.0,0,0,0.0,0.0,0.0,0.0,0.0,0.0,0.0,0.0,0.0,0,0,0,0.5,0.5,0.5,0.5,0.5,0.5,0.5,0.5,0.5,1,0,0,neutral,Unknown,individual,unknown,original,yes,0,0,0,0,0,0,0,0,0,0,0,0
365,612196,312,66490,1962.1666666666667,182.16438356164383,0,0,0.5,1.0,0.0,0,0,0.0,0.0,0.0,0.0,0.0,0.0,0.0,0.0,0.0,0,0,0,0.5,0.5,0.5,0.4,0.5,0.5,0.5,0.4600000000000001,0.5,1,0,0,neutral,Unknown,individual,unknown,original,yes,0,0,0,0,0,0,0,0,0,0,0,0
365,14747,3118,24916,4.7296343810134704,68.26301369863013,0,0,0.5,1.0,0.0,0,0,0.0,0.0,0.0,0.0,0.0,0.0,0.0,0.0,0.0,0,0,0,0.5,0.5,0.5,0.5,0.5,0.5,0.5,0.5,0.5,1,0,0,neutral,Unknown,individual,unknown,original,yes,0,0,0,0,0,0,0,0,0,0,0,0
365,23058,3830,179581,6.020365535248041,492.0027397260274,0,0,0.5,1.0,0.0,0,0,0.0,0.0,0.0,0.0,0.0,0.0,0.0,0.0,0.0,0,0,0,0.5,0.5,0.5,0.5,0.5,0.5,0.5,0.5,0.5,1,0,0,neutral,Unknown,individual,unknown,original,yes,0,0,0,0,0,0,0,0,0,0,0,0
365,114015,1814,7629,62.85281146637266,20.9013698630137,0,0,0.5,1.0,0.0,0,0,0.0,0.0,0.0,0.0,0.0,0.0,0.0,0.0,0.0,0,0,0,0.5,0.5,0.5,0.5,0.5,0.5,0.5,0.5,0.5,1,0,0,neutral,Unknown,individual,unknown,original,yes,0,0,0,0,0,0,0,0,0,0,0,0
365,89285,1707,26587,52.30521382542472,72.84109589041095,0,0,0.5,1.0,0.0,0,0,0.0,0.0,0.0,0.0,0.0,0.0,0.0,0.0,0.0,0,0,0,0.5,0.5,0.5,0.5,0.5,0.5,0.5,0.5,0.5,1,0,0,neutral,Unknown,individual,unknown,original,yes,0,0,0,0,0,0,0,0,0,0,0,0
365,2736,1357,8470,2.0162122328666174,23.205479452054796,0,0,0.5,1.0,0.0,0,0,0.0,0.0,0.0,0.0,0.0,0.0,0.0,0.0,0.0,0,0,0,0.5,0.5,0.5,0.5,0.5,0.5,0.5,0.5,0.5,1,0,0,neutral,Unknown,individual,unknown,original,yes,0,0,0,0,0,0,0,0,0,0,0,0
365,3736,2563,17422,1.4576667967225907,47.73150684931507,0,0,0.5,1.0,0.0,0,0,0.0,0.0,0.0,0.0,0.0,0.0,0.0,0.0,0.0,0,0,0,0.5,0.5,0.5,0.5,0.5,0.5,0.5,0.5,0.5,1,0,0,neutral,Unknown,individual,unknown,original,yes,0,0,0,0,0,0,0,0,0,0,0,0
365,20738,3821,108675,5.427375032713949,297.73972602739724,0,0,0.5,1.0,0.0,0,0,0.0,0.0,0.0,0.0,0.0,0.0,0.0,0.0,0.0,0,0,0,0.5,0.5,0.5,0.5,0.5,0.5,0.5,0.5,0.5,1,0,0,neutral,Unknown,individual,unknown,original,yes,0,0,0,0,0,0,0,0,0,0,0,0
365,2171,600,6579,3.618333333333333,18.024657534246575,0,0,0.5,1.0,0.0,0,0,0.0,0.0,0.0,0.0,0.0,0.0,0.0,0.0,0.0,0,0,0,0.5,0.5,0.5,0.5,0.5,0.5,0.5,0.5,0.5,1,0,0,neutral,Unknown,individual,unknown,original,yes,0,0,0,0,0,0,0,0,0,0,0,0
365,10128,529,48365,19.145557655954633,132.5068493150685,0,0,0.5,1.0,0.0,0,0,0.0,0.0,0.0,0.0,0.0,0.0,0.0,0.0,0.0,0,0,0,0.5,0.5,0.5,0.5,0.5,0.5,0.5,0.5,0.5,1,0,0,neutral,Unknown,individual,unknown,original,yes,0,0,0,0,0,0,0,0,0,0,0,0
365,24780,2095,6960,11.828162291169452,19.068493150684933,0,0,0.5,1.0,0.0,0,0,0.0,0.0,0.0,0.0,0.0,0.0,0.0,0.0,0.0,0,0,0,0.5,0.5,0.5,0.5,0.5,0.5,0.5,0.5,0.5,1,0,0,neutral,Unknown,individual,unknown,original,yes,0,0,0,0,0,0,0,0,0,0,0,0
365,4876,921,98549,5.294245385450597,269.9972602739726,0,0,0.5,1.0,0.0,0,0,0.0,0.0,0.0,0.0,0.0,0.0,0.0,0.0,0.0,0,0,0,0.5,0.5,0.5,0.5,0.5,0.5,0.5,0.5,0.5,1,0,0,neutral,Unknown,individual,unknown,original,yes,0,0,0,0,0,0,0,0,0,0,0,0
365,73478,1729,95229,42.497397339502605,260.9013698630137,0,0,0.5,1.0,0.0,0,0,0.0,0.0,0.0,0.0,0.0,0.0,0.0,0.0,0.0,0,0,0,0.5,0.5,0.5,0.5,0.5,0.5,0.5,0.5,0.5,1,0,0,neutral,Unknown,individual,unknown,original,yes,0,0,0,0,0,0,0,0,0,0,0,0
365,10443,3934,2692,2.6545500762582614,7.375342465753425,0,0,0.5,1.0,0.0,0,0,0.0,0.0,0.0,0.0,0.0,0.0,0.0,0.0,0.0,0,0,0,0.5,0.5,0.5,0.5,0.5,0.5,0.5,0.5,0.5,1,0,0,neutral,Unknown,individual,unknown,original,yes,0,0,0,0,0,0,0,0,0,0,0,0
365,231243,3114,221739,74.25915221579962,607.5041095890411,0,0,0.5,1.0,0.0,0,0,0.0,0.0,0.0,0.0,0.0,0.0,0.0,0.0,0.0,0,0,0,0.5,0.5,0.5,0.5,0.5,0.5,0.5,0.5,0.5,1,0,0,neutral,Unknown,individual,unknown,original,yes,0,0,0,0,0,0,0,0,0,0,0,0
365,22204,3842,51270,5.779281624154087,140.46575342465752,0,0,0.5,1.0,0.0,0,0,0.0,0.0,0.0,0.0,0.0,0.0,0.0,0.0,0.0,0,0,0,0.5,0.5,0.5,0.5,0.5,0.5,0.5,0.5,0.5,1,0,0,neutral,Unknown,individual,unknown,original,yes,0,0,0,0,0,0,0,0,0,0,0,0
365,3311,774,4361,4.277777777777778,11.947945205479453,0,0,0.5,1.0,0.0,0,0,0.0,0.0,0.0,0.0,0.0,0.0,0.0,0.0,0.0,0,0,0,0.5,0.5,0.5,0.5,0.5,0.5,0.5,0.5,0.5,1,0,0,neutral,Unknown,individual,unknown,original,yes,0,0,0,0,0,0,0,0,0,0,0,0
365,2457,3049,123415,0.8058379796654641,338.1232876712329,0,0,0.5,1.0,0.0,0,0,0.0,0.0,0.0,0.0,0.0,0.0,0.0,0.0,0.0,0,0,0,0.5,0.5,0.5,0.5,0.5,0.5,0.5,0.5,0.5,1,0,0,neutral,Unknown,individual,unknown,original,yes,0,0,0,0,0,0,0,0,0,0,0,0
365,7611,437,8304,17.416475972540045,22.75068493150685,0,0,0.5,1.0,0.0,0,0,0.0,0.0,0.0,0.0,0.0,0.0,0.0,0.0,0.0,0,0,0,0.5,0.5,0.5,0.5,0.5,0.5,0.5,0.5,0.5,1,0,0,neutral,Unknown,individual,unknown,original,yes,0,0,0,0,0,0,0,0,0,0,0,0
365,268377,47683,14147,5.628358115051486,38.75890410958904,0,0,0.5,1.0,0.0,0,0,0.0,0.0,0.0,0.0,0.0,0.0,0.0,0.0,0.0,0,0,0,0.5,0.5,0.5,0.5,0.5,0.5,0.5,0.5,0.5,1,0,0,neutral,Unknown,individual,unknown,original,yes,0,0,0,0,0,0,0,0,0,0,0,0
365,6496,346,114116,18.77456647398844,312.6465753424658,0,0,0.5,1.0,0.0,0,0,0.0,0.0,0.0,0.0,0.0,0.0,0.0,0.0,0.0,0,0,0,0.5,0.5,0.5,0.5,0.5,0.5,0.5,0.5,0.5,1,0,0,neutral,Unknown,individual,unknown,original,yes,0,0,0,0,0,0,0,0,0,0,0,0
365,54821,364,6201,150.60714285714286,16.98904109589041,0,0,0.5,1.0,0.0,0,0,0.0,0.0,0.0,0.0,0.0,0.0,0.0,0.0,0.0,0,0,0,0.5,0.5,0.5,0.4,0.5,0.5,0.5,0.4600000000000001,0.5,1,0,0,neutral,Unknown,individual,unknown,original,yes,0,0,0,0,0,0,0,0,0,0,0,0
365,83672,1043,13799,80.22243528283796,37.8054794520548,0,0,0.5,1.0,0.0,0,0,0.0,0.0,0.0,0.0,0.0,0.0,0.0,0.0,0.0,0,0,0,0.5,0.5,0.5,0.5,0.5,0.5,0.5,0.5,0.5,1,0,0,neutral,Unknown,individual,unknown,original,yes,0,0,0,0,0,0,0,0,0,0,0,0
365,3363,936,28660,3.592948717948718,78.52054794520548,0,0,0.5,1.0,0.0,0,0,0.0,0.0,0.0,0.0,0.0,0.0,0.0,0.0,0.0,0,0,0,0.5,0.5,0.5,0.5,0.5,0.5,0.5,0.5,0.5,1,0,0,neutral,Unknown,individual,unknown,original,yes,0,0,0,0,0,0,0,0,0,0,0,0
365,8506,4873,37958,1.7455366304124769,103.9945205479452,0,0,0.5,1.0,0.0,0,0,0.0,0.0,0.0,0.0,0.0,0.0,0.0,0.0,0.0,0,0,0,0.5,0.5,0.5,0.5,0.5,0.5,0.5,0.5,0.5,1,0,0,neutral,Unknown,individual,unknown,original,yes,0,0,0,0,0,0,0,0,0,0,0,0
365,8382,916,29064,9.15065502183406,79.62739726027397,0,0,0.5,1.0,0.0,0,0,0.0,0.0,0.0,0.0,0.0,0.0,0.0,0.0,0.0,0,0,0,0.5,0.5,0.5,0.5,0.5,0.5,0.5,0.5,0.5,1,0,0,neutral,Unknown,individual,unknown,original,yes,0,0,0,0,0,0,0,0,0,0,0,0
365,73120,4015,18255,18.211706102117063,50.013698630136986,0,0,0.5,1.0,0.0,0,0,0.0,0.0,0.0,0.0,0.0,0.0,0.0,0.0,0.0,0,0,0,0.5,0.5,0.5,0.5,0.5,0.5,0.5,0.5,0.5,1,0,0,neutral,Unknown,individual,unknown,original,yes,0,0,0,0,0,0,0,0,0,0,0,0
365,3262,2610,20368,1.2498084291187739,55.8027397260274,0,0,0.5,1.0,0.0,0,0,0.0,0.0,0.0,0.0,0.0,0.0,0.0,0.0,0.0,0,0,0,0.5,0.5,0.5,0.5,0.5,0.5,0.5,0.5,0.5,1,0,0,neutral,Unknown,individual,unknown,original,yes,0,0,0,0,0,0,0,0,0,0,0,0
365,30176,2887,21815,10.452372705230342,59.76712328767123,0,0,0.5,1.0,0.0,0,0,0.0,0.0,0.0,0.0,0.0,0.0,0.0,0.0,0.0,0,0,0,0.5,0.5,0.5,0.5,0.5,0.5,0.5,0.5,0.5,1,0,0,neutral,Unknown,individual,unknown,original,yes,0,0,0,0,0,0,0,0,0,0,0,0
365,2302,1800,4145,1.278888888888889,11.356164383561644,0,0,0.5,1.0,0.0,0,0,0.0,0.0,0.0,0.0,0.0,0.0,0.0,0.0,0.0,0,0,0,0.5,0.5,0.5,0.5,0.5,0.5,0.5,0.5,0.5,1,0,0,neutral,Unknown,individual,unknown,original,yes,0,0,0,0,0,0,0,0,0,0,0,0
365,8682,1728,37583,5.024305555555555,102.96712328767123,0,0,0.5,1.0,0.0,0,0,0.0,0.0,0.0,0.0,0.0,0.0,0.0,0.0,0.0,0,0,0,0.5,0.5,0.5,0.5,0.5,0.5,0.5,0.5,0.5,1,0,0,neutral,Unknown,individual,unknown,original,yes,0,0,0,0,0,0,0,0,0,0,0,0
365,3561,1235,12271,2.883400809716599,33.61917808219178,0,0,0.5,1.0,0.0,0,0,0.0,0.0,0.0,0.0,0.0,0.0,0.0,0.0,0.0,0,0,0,0.5,0.5,0.5,0.5,0.5,0.5,0.5,0.5,0.5,1,0,0,neutral,Unknown,individual,unknown,original,yes,0,0,0,0,0,0,0,0,0,0,0,0
365,7406,613,184,12.081566068515498,0.5041095890410959,0,0,0.5,1.0,0.0,0,0,0.0,0.0,0.0,0.0,0.0,0.0,0.0,0.0,0.0,0,0,0,0.5,0.5,0.5,0.5,0.5,0.5,0.5,0.5,0.5,1,0,0,neutral,Unknown,individual,unknown,original,yes,0,0,0,0,0,0,0,0,0,0,0,0
365,27627,1537,64229,17.97462589459987,175.96986301369864,0,0,0.5,1.0,0.0,0,0,0.0,0.0,0.0,0.0,0.0,0.0,0.0,0.0,0.0,0,0,0,0.5,0.5,0.5,0.5,0.5,0.5,0.5,0.5,0.5,1,0,0,neutral,Unknown,individual,unknown,original,yes,0,0,0,0,0,0,0,0,0,0,0,0
365,5989,167,1574,35.862275449101794,4.3123287671232875,0,0,0.5,1.0,0.0,0,0,0.0,0.0,0.0,0.0,0.0,0.0,0.0,0.0,0.0,0,0,0,0.5,0.5,0.5,0.5,0.5,0.5,0.5,0.5,0.5,1,0,0,neutral,Unknown,individual,unknown,original,yes,0,0,0,0,0,0,0,0,0,0,0,0
365,20112,427,18293,47.10070257611241,50.11780821917808,0,0,0.5,1.0,0.0,0,0,0.0,0.0,0.0,0.0,0.0,0.0,0.0,0.0,0.0,0,0,0,0.5,0.5,0.5,0.5,0.5,0.5,0.5,0.5,0.5,1,0,0,neutral,Unknown,individual,unknown,original,yes,0,0,0,0,0,0,0,0,0,0,0,0
365,28271,786,7987,35.968193384223916,21.882191780821916,0,0,0.5,1.0,0.0,0,0,0.0,0.0,0.0,0.0,0.0,0.0,0.0,0.0,0.0,0,0,0,0.5,0.5,0.5,0.5,0.5,0.5,0.5,0.5,0.5,1,0,0,neutral,Unknown,individual,unknown,original,yes,0,0,0,0,0,0,0,0,0,0,0,0
365,17258,11102,62193,1.5544946856422266,170.39178082191782,0,0,0.5,1.0,0.0,0,0,0.0,0.0,0.0,0.0,0.0,0.0,0.0,0.0,0.0,0,0,0,0.5,0.5,0.5,0.5,0.5,0.5,0.5,0.5,0.5,1,0,0,neutral,Unknown,individual,unknown,original,yes,0,0,0,0,0,0,0,0,0,0,0,0
365,110105,2215,36523,49.70880361173815,100.06301369863014,0,0,0.5,1.0,0.0,0,0,0.0,0.0,0.0,0.0,0.0,0.0,0.0,0.0,0.0,0,0,0,0.5,0.5,0.5,0.5,0.5,0.5,0.5,0.5,0.5,1,0,0,neutral,Unknown,individual,unknown,original,yes,0,0,0,0,0,0,0,0,0,0,0,0
365,12069,467,5323,25.843683083511777,14.583561643835617,0,0,0.5,1.0,0.0,0,0,0.0,0.0,0.0,0.0,0.0,0.0,0.0,0.0,0.0,0,0,0,0.5,0.5,0.5,0.5,0.5,0.5,0.5,0.5,0.5,1,0,0,neutral,Unknown,individual,unknown,original,yes,0,0,0,0,0,0,0,0,0,0,0,0
365,5768,2619,14552,2.2023673157693775,39.868493150684934,0,0,0.5,1.0,0.0,0,0,0.0,0.0,0.0,0.0,0.0,0.0,0.0,0.0,0.0,0,0,0,0.5,0.5,0.5,0.5,0.5,0.5,0.5,0.5,0.5,1,0,0,neutral,Unknown,individual,unknown,original,yes,0,0,0,0,0,0,0,0,0,0,0,0
365,14261,809,3657,17.627935723114955,10.01917808219178,0,0,0.5,1.0,0.0,0,0,0.0,0.0,0.0,0.0,0.0,0.0,0.0,0.0,0.0,0,0,0,0.5,0.5,0.5,0.5,0.5,0.5,0.5,0.5,0.5,1,0,0,neutral,Unknown,individual,unknown,original,yes,0,0,0,0,0,0,0,0,0,0,0,0
365,7010,1065,12533,6.582159624413146,34.33698630136986,0,0,0.5,1.0,0.0,0,0,0.0,0.0,0.0,0.0,0.0,0.0,0.0,0.0,0.0,0,0,0,0.5,0.5,0.5,0.5,0.5,0.5,0.5,0.5,0.5,1,0,0,neutral,Unknown,individual,unknown,original,yes,0,0,0,0,0,0,0,0,0,0,0,0
365,864108,205,10386,4215.160975609756,28.454794520547946,0,0,0.5,1.0,0.0,0,0,0.0,0.0,0.0,0.0,0.0,0.0,0.0,0.0,0.0,0,0,0,0.5,0.5,0.5,0.4,0.5,0.5,0.5,0.4600000000000001,0.5,1,0,0,neutral,Unknown,individual,unknown,original,yes,0,0,0,0,0,0,0,0,0,0,0,0
365,5278,403,6940,13.096774193548388,19.013698630136986,0,0,0.5,1.0,0.0,0,0,0.0,0.0,0.0,0.0,0.0,0.0,0.0,0.0,0.0,0,0,0,0.5,0.5,0.5,0.5,0.5,0.5,0.5,0.5,0.5,1,0,0,neutral,Unknown,individual,unknown,original,yes,0,0,0,0,0,0,0,0,0,0,0,0
365,6422,1608,6251,3.993781094527363,17.126027397260273,0,0,0.5,1.0,0.0,0,0,0.0,0.0,0.0,0.0,0.0,0.0,0.0,0.0,0.0,0,0,0,0.5,0.5,0.5,0.5,0.5,0.5,0.5,0.5,0.5,1,0,0,neutral,Unknown,individual,unknown,original,yes,0,0,0,0,0,0,0,0,0,0,0,0
365,46821,1043,35238,44.89069990412272,96.54246575342465,0,0,0.5,1.0,0.0,0,0,0.0,0.0,0.0,0.0,0.0,0.0,0.0,0.0,0.0,0,0,0,0.5,0.5,0.5,0.5,0.5,0.5,0.5,0.5,0.5,1,0,0,neutral,Unknown,individual,unknown,original,yes,0,0,0,0,0,0,0,0,0,0,0,0
365,2692,614,2427,4.384364820846906,6.64931506849315,0,0,0.5,1.0,0.0,0,0,0.0,0.0,0.0,0.0,0.0,0.0,0.0,0.0,0.0,0,0,0,0.5,0.5,0.5,0.5,0.5,0.5,0.5,0.5,0.5,1,0,0,neutral,Unknown,individual,unknown,original,yes,0,0,0,0,0,0,0,0,0,0,0,0
365,55753,485,2743,114.95463917525773,7.515068493150685,0,0,0.5,1.0,0.0,0,0,0.0,0.0,0.0,0.0,0.0,0.0,0.0,0.0,0.0,0,0,0,0.5,0.5,0.5,0.4,0.5,0.5,0.5,0.4600000000000001,0.5,1,0,0,neutral,Unknown,individual,unknown,original,yes,0,0,0,0,0,0,0,0,0,0,0,0
365,15766,2911,5028,5.416008244589488,13.775342465753425,0,0,0.5,1.0,0.0,0,0,0.0,0.0,0.0,0.0,0.0,0.0,0.0,0.0,0.0,0,0,0,0.5,0.5,0.5,0.5,0.5,0.5,0.5,0.5,0.5,1,0,0,neutral,Unknown,individual,unknown,original,yes,0,0,0,0,0,0,0,0,0,0,0,0
365,2929,1463,5185,2.0020505809979494,14.205479452054794,0,0,0.5,1.0,0.0,0,0,0.0,0.0,0.0,0.0,0.0,0.0,0.0,0.0,0.0,0,0,0,0.5,0.5,0.5,0.5,0.5,0.5,0.5,0.5,0.5,1,0,0,neutral,Unknown,individual,unknown,original,yes,0,0,0,0,0,0,0,0,0,0,0,0
365,35915,173,27223,207.60115606936415,74.58356164383562,0,0,0.5,1.0,0.0,0,0,0.0,0.0,0.0,0.0,0.0,0.0,0.0,0.0,0.0,0,0,0,0.5,0.5,0.5,0.4,0.5,0.5,0.5,0.4600000000000001,0.5,1,0,0,neutral,Unknown,individual,unknown,original,yes,0,0,0,0,0,0,0,0,0,0,0,0
365,80974,696,177586,116.3419540229885,486.53698630136984,0,0,0.5,1.0,0.0,0,0,0.0,0.0,0.0,0.0,0.0,0.0,0.0,0.0,0.0,0,0,0,0.5,0.5,0.5,0.4,0.5,0.5,0.5,0.4600000000000001,0.5,1,0,0,neutral,Unknown,individual,unknown,original,yes,0,0,0,0,0,0,0,0,0,0,0,0
365,4206,437,1048,9.62471395881007,2.871232876712329,0,0,0.5,1.0,0.0,0,0,0.0,0.0,0.0,0.0,0.0,0.0,0.0,0.0,0.0,0,0,0,0.5,0.5,0.5,0.5,0.5,0.5,0.5,0.5,0.5,1,0,0,neutral,Unknown,individual,unknown,original,yes,0,0,0,0,0,0,0,0,0,0,0,0
365,1227,680,2853,1.8044117647058824,7.816438356164384,0,0,0.5,1.0,0.0,0,0,0.0,0.0,0.0,0.0,0.0,0.0,0.0,0.0,0.0,0,0,0,0.5,0.5,0.5,0.5,0.5,0.5,0.5,0.5,0.5,1,0,0,neutral,Unknown,individual,unknown,original,yes,0,0,0,0,0,0,0,0,0,0,0,0
365,502843,31886,40547,15.770024462146397,111.08767123287672,0,0,0.5,1.0,0.0,0,0,0.0,0.0,0.0,0.0,0.0,0.0,0.0,0.0,0.0,0,0,0,0.5,0.5,0.5,0.5,0.5,0.5,0.5,0.5,0.5,1,0,0,neutral,Unknown,individual,unknown,original,yes,0,0,0,0,0,0,0,0,0,0,0,0
365,14963,336,8347,44.532738095238095,22.86849315068493,0,0,0.5,1.0,0.0,0,0,0.0,0.0,0.0,0.0,0.0,0.0,0.0,0.0,0.0,0,0,0,0.5,0.5,0.5,0.5,0.5,0.5,0.5,0.5,0.5,1,0,0,neutral,Unknown,individual,unknown,original,yes,0,0,0,0,0,0,0,0,0,0,0,0
365,4986,999,14215,4.990990990990991,38.945205479452056,0,0,0.5,1.0,0.0,0,0,0.0,0.0,0.0,0.0,0.0,0.0,0.0,0.0,0.0,0,0,0,0.5,0.5,0.5,0.5,0.5,0.5,0.5,0.5,0.5,1,0,0,neutral,Unknown,individual,unknown,original,yes,0,0,0,0,0,0,0,0,0,0,0,0
365,664880,285,2589,2332.9122807017543,7.093150684931507,0,0,0.5,1.0,0.0,0,0,0.0,0.0,0.0,0.0,0.0,0.0,0.0,0.0,0.0,0,0,0,0.5,0.5,0.5,0.4,0.5,0.5,0.5,0.4600000000000001,0.5,1,0,0,neutral,Unknown,individual,unknown,original,yes,0,0,0,0,0,0,0,0,0,0,0,0
365,3638,1257,40827,2.894192521877486,111.85479452054794,0,0,0.5,1.0,0.0,0,0,0.0,0.0,0.0,0.0,0.0,0.0,0.0,0.0,0.0,0,0,0,0.5,0.5,0.5,0.5,0.5,0.5,0.5,0.5,0.5,1,0,0,neutral,Unknown,individual,unknown,original,yes,0,0,0,0,0,0,0,0,0,0,0,0
365,2423,1525,20511,1.5888524590163935,56.1945205479452,0,0,0.5,1.0,0.0,0,0,0.0,0.0,0.0,0.0,0.0,0.0,0.0,0.0,0.0,0,0,0,0.5,0.5,0.5,0.5,0.5,0.5,0.5,0.5,0.5,1,0,0,neutral,Unknown,individual,unknown,original,yes,0,0,0,0,0,0,0,0,0,0,0,0
365,40530,106,1378,382.35849056603774,3.7753424657534245,0,0,0.5,1.0,0.0,0,0,0.0,0.0,0.0,0.0,0.0,0.0,0.0,0.0,0.0,0,0,0,0.5,0.5,0.5,0.4,0.5,0.5,0.5,0.4600000000000001,0.5,1,0,0,neutral,Unknown,individual,unknown,original,yes,0,0,0,0,0,0,0,0,0,0,0,0
365,1629,1561,1971,1.0435618193465728,5.4,0,0,0.5,1.0,0.0,0,0,0.0,0.0,0.0,0.0,0.0,0.0,0.0,0.0,0.0,0,0,0,0.5,0.5,0.5,0.5,0.5,0.5,0.5,0.5,0.5,1,0,0,neutral,Unknown,individual,unknown,original,yes,0,0,0,0,0,0,0,0,0,0,0,0
365,5715,497,12910,11.498993963782697,35.36986301369863,0,0,0.5,1.0,0.0,0,0,0.0,0.0,0.0,0.0,0.0,0.0,0.0,0.0,0.0,0,0,0,0.5,0.5,0.5,0.5,0.5,0.5,0.5,0.5,0.5,1,0,0,neutral,Unknown,individual,unknown,original,yes,0,0,0,0,0,0,0,0,0,0,0,0
365,13226,1560,8880,8.478205128205127,24.328767123287673,0,0,0.5,1.0,0.0,0,0,0.0,0.0,0.0,0.0,0.0,0.0,0.0,0.0,0.0,0,0,0,0.5,0.5,0.5,0.5,0.5,0.5,0.5,0.5,0.5,1,0,0,neutral,Unknown,individual,unknown,original,yes,0,0,0,0,0,0,0,0,0,0,0,0
365,162230,17137,28773,9.46665110579448,78.83013698630137,0,0,0.5,1.0,0.0,0,0,0.0,0.0,0.0,0.0,0.0,0.0,0.0,0.0,0.0,0,0,0,0.5,0.5,0.5,0.5,0.5,0.5,0.5,0.5,0.5,1,0,0,neutral,Unknown,individual,unknown,original,yes,0,0,0,0,0,0,0,0,0,0,0,0
365,58832,3080,79897,19.101298701298703,218.8958904109589,0,0,0.5,1.0,0.0,0,0,0.0,0.0,0.0,0.0,0.0,0.0,0.0,0.0,0.0,0,0,0,0.5,0.5,0.5,0.5,0.5,0.5,0.5,0.5,0.5,1,0,0,neutral,Unknown,individual,unknown,original,yes,0,0,0,0,0,0,0,0,0,0,0,0
365,3469,1773,12993,1.9565707839819515,35.5972602739726,0,0,0.5,1.0,0.0,0,0,0.0,0.0,0.0,0.0,0.0,0.0,0.0,0.0,0.0,0,0,0,0.5,0.5,0.5,0.5,0.5,0.5,0.5,0.5,0.5,1,0,0,neutral,Unknown,individual,unknown,original,yes,0,0,0,0,0,0,0,0,0,0,0,0
365,31144,1965,114541,15.84936386768448,313.8109589041096,0,0,0.5,1.0,0.0,0,0,0.0,0.0,0.0,0.0,0.0,0.0,0.0,0.0,0.0,0,0,0,0.5,0.5,0.5,0.5,0.5,0.5,0.5,0.5,0.5,1,0,0,neutral,Unknown,individual,unknown,original,yes,0,0,0,0,0,0,0,0,0,0,0,0
365,18214,2844,15350,6.40436005625879,42.054794520547944,0,0,0.5,1.0,0.0,0,0,0.0,0.0,0.0,0.0,0.0,0.0,0.0,0.0,0.0,0,0,0,0.5,0.5,0.5,0.5,0.5,0.5,0.5,0.5,0.5,1,0,0,neutral,Unknown,individual,unknown,original,yes,0,0,0,0,0,0,0,0,0,0,0,0
365,5099,996,4641,5.1194779116465865,12.715068493150685,0,0,0.5,1.0,0.0,0,0,0.0,0.0,0.0,0.0,0.0,0.0,0.0,0.0,0.0,0,0,0,0.5,0.5,0.5,0.5,0.5,0.5,0.5,0.5,0.5,1,0,0,neutral,Unknown,individual,unknown,original,yes,0,0,0,0,0,0,0,0,0,0,0,0
365,76678,329,37252,233.06382978723406,102.06027397260274,0,0,0.5,1.0,0.0,0,0,0.0,0.0,0.0,0.0,0.0,0.0,0.0,0.0,0.0,0,0,0,0.5,0.5,0.5,0.4,0.5,0.5,0.5,0.4600000000000001,0.5,1,0,0,neutral,Unknown,individual,unknown,original,yes,0,0,0,0,0,0,0,0,0,0,0,0
365,45499,1045,60242,43.539712918660285,165.04657534246576,0,0,0.5,1.0,0.0,0,0,0.0,0.0,0.0,0.0,0.0,0.0,0.0,0.0,0.0,0,0,0,0.5,0.5,0.5,0.5,0.5,0.5,0.5,0.5,0.5,1,0,0,neutral,Unknown,individual,unknown,original,yes,0,0,0,0,0,0,0,0,0,0,0,0
365,138309,5550,10848,24.92054054054054,29.720547945205478,0,0,0.5,1.0,0.0,0,0,0.0,0.0,0.0,0.0,0.0,0.0,0.0,0.0,0.0,0,0,0,0.5,0.5,0.5,0.5,0.5,0.5,0.5,0.5,0.5,1,0,0,neutral,Unknown,individual,unknown,original,yes,0,0,0,0,0,0,0,0,0,0,0,0
365,96906,1302,29679,74.42857142857143,81.31232876712329,0,0,0.5,1.0,0.0,0,0,0.0,0.0,0.0,0.0,0.0,0.0,0.0,0.0,0.0,0,0,0,0.5,0.5,0.5,0.5,0.5,0.5,0.5,0.5,0.5,1,0,0,neutral,Unknown,individual,unknown,original,yes,0,0,0,0,0,0,0,0,0,0,0,0
365,5376,669,2553,8.035874439461884,6.994520547945205,0,0,0.5,1.0,0.0,0,0,0.0,0.0,0.0,0.0,0.0,0.0,0.0,0.0,0.0,0,0,0,0.5,0.5,0.5,0.5,0.5,0.5,0.5,0.5,0.5,1,0,0,neutral,Unknown,individual,unknown,original,yes,0,0,0,0,0,0,0,0,0,0,0,0
365,1565,1862,3771,0.8404940923737916,10.331506849315069,0,0,0.5,1.0,0.0,0,0,0.0,0.0,0.0,0.0,0.0,0.0,0.0,0.0,0.0,0,0,0,0.5,0.5,0.5,0.5,0.5,0.5,0.5,0.5,0.5,1,0,0,neutral,Unknown,individual,unknown,original,yes,0,0,0,0,0,0,0,0,0,0,0,0
365,53622,928,26051,57.7823275862069,71.37260273972603,0,0,0.5,1.0,0.0,0,0,0.0,0.0,0.0,0.0,0.0,0.0,0.0,0.0,0.0,0,0,0,0.5,0.5,0.5,0.5,0.5,0.5,0.5,0.5,0.5,1,0,0,neutral,Unknown,individual,unknown,original,yes,0,0,0,0,0,0,0,0,0,0,0,0
365,9805,3081,4868,3.1824083089905875,13.336986301369864,0,0,0.5,1.0,0.0,0,0,0.0,0.0,0.0,0.0,0.0,0.0,0.0,0.0,0.0,0,0,0,0.5,0.5,0.5,0.5,0.5,0.5,0.5,0.5,0.5,1,0,0,neutral,Unknown,individual,unknown,original,yes,0,0,0,0,0,0,0,0,0,0,0,0
365,131331,624,2381,210.46634615384616,6.523287671232877,0,0,0.5,1.0,0.0,0,0,0.0,0.0,0.0,0.0,0.0,0.0,0.0,0.0,0.0,0,0,0,0.5,0.5,0.5,0.4,0.5,0.5,0.5,0.4600000000000001,0.5,1,0,0,neutral,Unknown,individual,unknown,original,yes,0,0,0,0,0,0,0,0,0,0,0,0
365,80007,980,54215,81.63979591836734,148.53424657534248,0,0,0.5,1.0,0.0,0,0,0.0,0.0,0.0,0.0,0.0,0.0,0.0,0.0,0.0,0,0,0,0.5,0.5,0.5,0.5,0.5,0.5,0.5,0.5,0.5,1,0,0,neutral,Unknown,individual,unknown,original,yes,0,0,0,0,0,0,0,0,0,0,0,0
365,9664,1296,10839,7.45679012345679,29.695890410958903,0,0,0.5,1.0,0.0,0,0,0.0,0.0,0.0,0.0,0.0,0.0,0.0,0.0,0.0,0,0,0,0.5,0.5,0.5,0.5,0.5,0.5,0.5,0.5,0.5,1,0,0,neutral,Unknown,individual,unknown,original,yes,0,0,0,0,0,0,0,0,0,0,0,0
365,2330,627,511,3.716108452950558,1.4,0,0,0.5,1.0,0.0,0,0,0.0,0.0,0.0,0.0,0.0,0.0,0.0,0.0,0.0,0,0,0,0.5,0.5,0.5,0.5,0.5,0.5,0.5,0.5,0.5,1,0,0,neutral,Unknown,individual,unknown,original,yes,0,0,0,0,0,0,0,0,0,0,0,0
365,10064,5210,22486,1.9316698656429943,61.605479452054794,0,0,0.5,1.0,0.0,0,0,0.0,0.0,0.0,0.0,0.0,0.0,0.0,0.0,0.0,0,0,0,0.5,0.5,0.5,0.5,0.5,0.5,0.5,0.5,0.5,1,0,0,neutral,Unknown,individual,unknown,original,yes,0,0,0,0,0,0,0,0,0,0,0,0
365,93947,2806,157224,33.480755523877406,430.75068493150684,0,0,0.5,1.0,0.0,0,0,0.0,0.0,0.0,0.0,0.0,0.0,0.0,0.0,0.0,0,0,0,0.5,0.5,0.5,0.5,0.5,0.5,0.5,0.5,0.5,1,0,0,neutral,Unknown,individual,unknown,original,yes,0,0,0,0,0,0,0,0,0,0,0,0
365,11095,184,432,60.29891304347826,1.1835616438356165,0,0,0.5,1.0,0.0,0,0,0.0,0.0,0.0,0.0,0.0,0.0,0.0,0.0,0.0,0,0,0,0.5,0.5,0.5,0.5,0.5,0.5,0.5,0.5,0.5,1,0,0,neutral,Unknown,individual,unknown,original,yes,0,0,0,0,0,0,0,0,0,0,0,0
365,1548,2242,737,0.6904549509366636,2.0191780821917806,0,0,0.5,1.0,0.0,0,0,0.0,0.0,0.0,0.0,0.0,0.0,0.0,0.0,0.0,0,0,0,0.5,0.5,0.5,0.5,0.5,0.5,0.5,0.5,0.5,1,0,0,neutral,Unknown,individual,unknown,original,yes,0,0,0,0,0,0,0,0,0,0,0,0
365,60967,1989,24433,30.65208647561589,66.93972602739726,0,0,0.5,1.0,0.0,0,0,0.0,0.0,0.0,0.0,0.0,0.0,0.0,0.0,0.0,0,0,0,0.5,0.5,0.5,0.5,0.5,0.5,0.5,0.5,0.5,1,0,0,neutral,Unknown,individual,unknown,original,yes,0,0,0,0,0,0,0,0,0,0,0,0
365,1247,753,4721,1.656042496679947,12.934246575342465,0,0,0.5,1.0,0.0,0,0,0.0,0.0,0.0,0.0,0.0,0.0,0.0,0.0,0.0,0,0,0,0.5,0.5,0.5,0.5,0.5,0.5,0.5,0.5,0.5,1,0,0,neutral,Unknown,individual,unknown,original,yes,0,0,0,0,0,0,0,0,0,0,0,0
365,34802,998,33168,34.87174348697395,90.87123287671233,0,0,0.5,1.0,0.0,0,0,0.0,0.0,0.0,0.0,0.0,0.0,0.0,0.0,0.0,0,0,0,0.5,0.5,0.5,0.5,0.5,0.5,0.5,0.5,0.5,1,0,0,neutral,Unknown,individual,unknown,original,yes,0,0,0,0,0,0,0,0,0,0,0,0
365,3224,3645,22562,0.8844993141289438,61.81369863013698,0,0,0.5,1.0,0.0,0,0,0.0,0.0,0.0,0.0,0.0,0.0,0.0,0.0,0.0,0,0,0,0.5,0.5,0.5,0.5,0.5,0.5,0.5,0.5,0.5,1,0,0,neutral,Unknown,individual,unknown,original,yes,0,0,0,0,0,0,0,0,0,0,0,0
365,10650,610,39958,17.459016393442624,109.47397260273972,0,0,0.5,1.0,0.0,0,0,0.0,0.0,0.0,0.0,0.0,0.0,0.0,0.0,0.0,0,0,0,0.5,0.5,0.5,0.5,0.5,0.5,0.5,0.5,0.5,1,0,0,neutral,Unknown,individual,unknown,original,yes,0,0,0,0,0,0,0,0,0,0,0,0
365,18489191,49,6131,377330.4285714286,16.797260273972604,0,0,0.5,1.0,0.0,0,0,0.0,0.0,0.0,0.0,0.0,0.0,0.0,0.0,0.0,0,0,0,0.5,0.5,0.5,0.4,0.5,0.5,0.5,0.4600000000000001,0.5,1,0,0,neutral,Unknown,individual,unknown,original,yes,0,0,0,0,0,0,0,0,0,0,0,0
365,15857,4138,23777,3.8320444659255677,65.14246575342466,0,0,0.5,1.0,0.0,0,0,0.0,0.0,0.0,0.0,0.0,0.0,0.0,0.0,0.0,0,0,0,0.5,0.5,0.5,0.5,0.5,0.5,0.5,0.5,0.5,1,0,0,neutral,Unknown,individual,unknown,original,yes,0,0,0,0,0,0,0,0,0,0,0,0
365,5061,110,7413,46.00909090909091,20.30958904109589,0,0,0.5,1.0,0.0,0,0,0.0,0.0,0.0,0.0,0.0,0.0,0.0,0.0,0.0,0,0,0,0.5,0.5,0.5,0.5,0.5,0.5,0.5,0.5,0.5,1,0,0,neutral,Unknown,individual,unknown,original,yes,0,0,0,0,0,0,0,0,0,0,0,0
365,121334,559,80148,217.05545617173524,219.58356164383562,0,0,0.5,1.0,0.0,0,0,0.0,0.0,0.0,0.0,0.0,0.0,0.0,0.0,0.0,0,0,0,0.5,0.5,0.5,0.4,0.5,0.5,0.5,0.4600000000000001,0.5,1,0,0,neutral,Unknown,individual,unknown,original,yes,0,0,0,0,0,0,0,0,0,0,0,0
365,1182,1058,8859,1.117202268431002,24.27123287671233,0,0,0.5,1.0,0.0,0,0,0.0,0.0,0.0,0.0,0.0,0.0,0.0,0.0,0.0,0,0,0,0.5,0.5,0.5,0.5,0.5,0.5,0.5,0.5,0.5,1,0,0,neutral,Unknown,individual,unknown,original,yes,0,0,0,0,0,0,0,0,0,0,0,0
365,87071,942,4281,92.43205944798301,11.728767123287671,0,0,0.5,1.0,0.0,0,0,0.0,0.0,0.0,0.0,0.0,0.0,0.0,0.0,0.0,0,0,0,0.5,0.5,0.5,0.5,0.5,0.5,0.5,0.5,0.5,1,0,0,neutral,Unknown,individual,unknown,original,yes,0,0,0,0,0,0,0,0,0,0,0,0
365,55885,414,46759,134.98792270531402,128.1068493150685,0,0,0.5,1.0,0.0,0,0,0.0,0.0,0.0,0.0,0.0,0.0,0.0,0.0,0.0,0,0,0,0.5,0.5,0.5,0.4,0.5,0.5,0.5,0.4600000000000001,0.5,1,0,0,neutral,Unknown,individual,unknown,original,yes,0,0,0,0,0,0,0,0,0,0,0,0
365,2045,1755,13716,1.1652421652421652,37.57808219178082,0,0,0.5,1.0,0.0,0,0,0.0,0.0,0.0,0.0,0.0,0.0,0.0,0.0,0.0,0,0,0,0.5,0.5,0.5,0.5,0.5,0.5,0.5,0.5,0.5,1,0,0,neutral,Unknown,individual,unknown,original,yes,0,0,0,0,0,0,0,0,0,0,0,0
365,6632,3556,10715,1.8650168728908887,29.356164383561644,0,0,0.5,1.0,0.0,0,0,0.0,0.0,0.0,0.0,0.0,0.0,0.0,0.0,0.0,0,0,0,0.5,0.5,0.5,0.5,0.5,0.5,0.5,0.5,0.5,1,0,0,neutral,Unknown,individual,unknown,original,yes,0,0,0,0,0,0,0,0,0,0,0,0
365,105746,543,28935,194.744014732965,79.27397260273973,0,0,0.5,1.0,0.0,0,0,0.0,0.0,0.0,0.0,0.0,0.0,0.0,0.0,0.0,0,0,0,0.5,0.5,0.5,0.4,0.5,0.5,0.5,0.4600000000000001,0.5,1,0,0,neutral,Unknown,individual,unknown,original,yes,0,0,0,0,0,0,0,0,0,0,0,0
365,28904,3,2184,9634.666666666666,5.983561643835617,0,0,0.5,1.0,0.0,0,0,0.0,0.0,0.0,0.0,0.0,0.0,0.0,0.0,0.0,0,0,0,0.5,0.5,0.5,0.4,0.5,0.5,0.5,0.4600000000000001,0.5,1,0,0,neutral,Unknown,individual,unknown,original,yes,0,0,0,0,0,0,0,0,0,0,0,0
365,13034,485,6895,26.874226804123712,18.89041095890411,0,0,0.5,1.0,0.0,0,0,0.0,0.0,0.0,0.0,0.0,0.0,0.0,0.0,0.0,0,0,0,0.5,0.5,0.5,0.5,0.5,0.5,0.5,0.5,0.5,1,0,0,neutral,Unknown,individual,unknown,original,yes,0,0,0,0,0,0,0,0,0,0,0,0
365,34209,256,4053,133.62890625,11.104109589041096,0,0,0.5,1.0,0.0,0,0,0.0,0.0,0.0,0.0,0.0,0.0,0.0,0.0,0.0,0,0,0,0.5,0.5,0.5,0.4,0.5,0.5,0.5,0.4600000000000001,0.5,1,0,0,neutral,Unknown,individual,unknown,original,yes,0,0,0,0,0,0,0,0,0,0,0,0
365,149952,3185,29095,47.08069073783359,79.71232876712328,0,0,0.5,1.0,0.0,0,0,0.0,0.0,0.0,0.0,0.0,0.0,0.0,0.0,0.0,0,0,0,0.5,0.5,0.5,0.5,0.5,0.5,0.5,0.5,0.5,1,0,0,neutral,Unknown,individual,unknown,original,yes,0,0,0,0,0,0,0,0,0,0,0,0
365,6604,386,10007,17.10880829015544,27.416438356164385,0,0,0.5,1.0,0.0,0,0,0.0,0.0,0.0,0.0,0.0,0.0,0.0,0.0,0.0,0,0,0,0.5,0.5,0.5,0.5,0.5,0.5,0.5,0.5,0.5,1,0,0,neutral,Unknown,individual,unknown,original,yes,0,0,0,0,0,0,0,0,0,0,0,0
365,19382,3471,74690,5.583981561509652,204.63013698630138,0,0,0.5,1.0,0.0,0,0,0.0,0.0,0.0,0.0,0.0,0.0,0.0,0.0,0.0,0,0,0,0.5,0.5,0.5,0.5,0.5,0.5,0.5,0.5,0.5,1,0,0,neutral,Unknown,individual,unknown,original,no,0,0,0,0,0,0,0,0,0,0,0,0
365,28151,1125,163976,25.02311111111111,449.24931506849316,0,0,0.5,1.0,0.0,0,0,0.0,0.0,0.0,0.0,0.0,0.0,0.0,0.0,0.0,0,0,0,0.5,0.5,0.5,0.5,0.5,0.5,0.5,0.5,0.5,1,0,0,neutral,Unknown,individual,unknown,original,yes,0,0,0,0,0,0,0,0,0,0,0,0
365,454,411,1428,1.1046228710462287,3.9123287671232876,0,0,0.5,1.0,0.0,0,0,0.0,0.0,0.0,0.0,0.0,0.0,0.0,0.0,0.0,0,0,0,0.5,0.5,0.5,0.5,0.5,0.5,0.5,0.5,0.5,1,0,0,neutral,Unknown,individual,unknown,original,yes,0,0,0,0,0,0,0,0,0,0,0,0
365,538337,471,14021,1142.9660297239916,38.413698630136984,0,0,0.5,1.0,0.0,0,0,0.0,0.0,0.0,0.0,0.0,0.0,0.0,0.0,0.0,0,0,0,0.5,0.5,0.5,0.4,0.5,0.5,0.5,0.4600000000000001,0.5,1,0,0,neutral,Unknown,individual,unknown,original,yes,0,0,0,0,0,0,0,0,0,0,0,0
365,9569,646,10612,14.812693498452012,29.073972602739726,0,0,0.5,1.0,0.0,0,0,0.0,0.0,0.0,0.0,0.0,0.0,0.0,0.0,0.0,0,0,0,0.5,0.5,0.5,0.5,0.5,0.5,0.5,0.5,0.5,1,0,0,neutral,Unknown,individual,unknown,original,yes,0,0,0,0,0,0,0,0,0,0,0,0
365,9642,1421,16804,6.785362420830401,46.038356164383565,0,0,0.5,1.0,0.0,0,0,0.0,0.0,0.0,0.0,0.0,0.0,0.0,0.0,0.0,0,0,0,0.5,0.5,0.5,0.5,0.5,0.5,0.5,0.5,0.5,1,0,0,neutral,Unknown,individual,unknown,original,yes,0,0,0,0,0,0,0,0,0,0,0,0
365,32807,1686,24569,19.458481613285883,67.31232876712329,0,0,0.5,1.0,0.0,0,0,0.0,0.0,0.0,0.0,0.0,0.0,0.0,0.0,0.0,0,0,0,0.5,0.5,0.5,0.5,0.5,0.5,0.5,0.5,0.5,1,0,0,neutral,Unknown,individual,unknown,original,yes,0,0,0,0,0,0,0,0,0,0,0,0
365,25300,1892,15395,13.372093023255815,42.178082191780824,0,0,0.5,1.0,0.0,0,0,0.0,0.0,0.0,0.0,0.0,0.0,0.0,0.0,0.0,0,0,0,0.5,0.5,0.5,0.5,0.5,0.5,0.5,0.5,0.5,1,0,0,neutral,Unknown,individual,unknown,original,yes,0,0,0,0,0,0,0,0,0,0,0,0
365,2594,753,14824,3.444887118193891,40.61369863013699,0,0,0.5,1.0,0.0,0,0,0.0,0.0,0.0,0.0,0.0,0.0,0.0,0.0,0.0,0,0,0,0.5,0.5,0.5,0.5,0.5,0.5,0.5,0.5,0.5,1,0,0,neutral,Unknown,individual,unknown,original,yes,0,0,0,0,0,0,0,0,0,0,0,0
365,2215,1719,1006,1.2885398487492727,2.756164383561644,0,0,0.5,1.0,0.0,0,0,0.0,0.0,0.0,0.0,0.0,0.0,0.0,0.0,0.0,0,0,0,0.5,0.5,0.5,0.5,0.5,0.5,0.5,0.5,0.5,1,0,0,neutral,Unknown,individual,unknown,original,yes,0,0,0,0,0,0,0,0,0,0,0,0
365,906,553,9627,1.6383363471971066,26.375342465753423,0,0,0.5,1.0,0.0,0,0,0.0,0.0,0.0,0.0,0.0,0.0,0.0,0.0,0.0,0,0,0,0.5,0.5,0.5,0.5,0.5,0.5,0.5,0.5,0.5,1,0,0,neutral,Unknown,individual,unknown,original,yes,0,0,0,0,0,0,0,0,0,0,0,0
365,8554,562,9505,15.220640569395018,26.041095890410958,0,0,0.5,1.0,0.0,0,0,0.0,0.0,0.0,0.0,0.0,0.0,0.0,0.0,0.0,0,0,0,0.5,0.5,0.5,0.5,0.5,0.5,0.5,0.5,0.5,1,0,0,neutral,Unknown,individual,unknown,original,yes,0,0,0,0,0,0,0,0,0,0,0,0
365,20693,319,6368,64.86833855799372,17.446575342465753,0,0,0.5,1.0,0.0,0,0,0.0,0.0,0.0,0.0,0.0,0.0,0.0,0.0,0.0,0,0,0,0.5,0.5,0.5,0.5,0.5,0.5,0.5,0.5,0.5,1,0,0,neutral,Unknown,individual,unknown,original,yes,0,0,0,0,0,0,0,0,0,0,0,0
365,3565,1436,3853,2.482590529247911,10.556164383561644,0,0,0.5,1.0,0.0,0,0,0.0,0.0,0.0,0.0,0.0,0.0,0.0,0.0,0.0,0,0,0,0.5,0.5,0.5,0.5,0.5,0.5,0.5,0.5,0.5,1,0,0,neutral,Unknown,individual,unknown,original,yes,0,0,0,0,0,0,0,0,0,0,0,0
365,173195,511,202513,338.9334637964775,554.8301369863013,0,0,0.5,1.0,0.0,0,0,0.0,0.0,0.0,0.0,0.0,0.0,0.0,0.0,0.0,0,0,0,0.5,0.5,0.5,0.4,0.5,0.5,0.5,0.4600000000000001,0.5,1,0,0,neutral,Unknown,individual,unknown,original,yes,0,0,0,0,0,0,0,0,0,0,0,0
365,2317,2659,3909,0.8713802181271154,10.70958904109589,0,0,0.5,1.0,0.0,0,0,0.0,0.0,0.0,0.0,0.0,0.0,0.0,0.0,0.0,0,0,0,0.5,0.5,0.5,0.5,0.5,0.5,0.5,0.5,0.5,1,0,0,neutral,Unknown,individual,unknown,original,no,0,0,0,0,0,0,0,0,0,0,0,0
365,652785,5182,54875,125.97163257429564,150.34246575342465,0,0,0.5,1.0,0.0,0,0,0.0,0.0,0.0,0.0,0.0,0.0,0.0,0.0,0.0,0,0,0,0.5,0.5,0.5,0.4,0.5,0.5,0.5,0.4600000000000001,0.5,1,0,0,neutral,Unknown,individual,unknown,original,yes,0,0,0,0,0,0,0,0,0,0,0,0
365,50143,461,18318,108.7700650759219,50.18630136986302,0,0,0.5,1.0,0.0,0,0,0.0,0.0,0.0,0.0,0.0,0.0,0.0,0.0,0.0,0,0,0,0.5,0.5,0.5,0.4,0.5,0.5,0.5,0.4600000000000001,0.5,1,0,0,neutral,Unknown,individual,unknown,original,yes,0,0,0,0,0,0,0,0,0,0,0,0
365,5833,1220,5244,4.781147540983606,14.367123287671232,0,0,0.5,1.0,0.0,0,0,0.0,0.0,0.0,0.0,0.0,0.0,0.0,0.0,0.0,0,0,0,0.5,0.5,0.5,0.5,0.5,0.5,0.5,0.5,0.5,1,0,0,neutral,Unknown,individual,unknown,original,yes,0,0,0,0,0,0,0,0,0,0,0,0
365,2904,2262,32792,1.2838196286472148,89.84109589041095,0,0,0.5,1.0,0.0,0,0,0.0,0.0,0.0,0.0,0.0,0.0,0.0,0.0,0.0,0,0,0,0.5,0.5,0.5,0.5,0.5,0.5,0.5,0.5,0.5,1,0,0,neutral,Unknown,individual,unknown,original,yes,0,0,0,0,0,0,0,0,0,0,0,0
365,1839,362,988,5.080110497237569,2.706849315068493,0,0,0.5,1.0,0.0,0,0,0.0,0.0,0.0,0.0,0.0,0.0,0.0,0.0,0.0,0,0,0,0.5,0.5,0.5,0.5,0.5,0.5,0.5,0.5,0.5,1,0,0,neutral,Unknown,individual,unknown,original,yes,0,0,0,0,0,0,0,0,0,0,0,0
365,211920,1503,20401,140.99800399201598,55.893150684931506,0,0,0.5,1.0,0.0,0,0,0.0,0.0,0.0,0.0,0.0,0.0,0.0,0.0,0.0,0,0,0,0.5,0.5,0.5,0.4,0.5,0.5,0.5,0.4600000000000001,0.5,1,0,0,neutral,Unknown,individual,unknown,original,yes,0,0,0,0,0,0,0,0,0,0,0,0
365,2261,3130,4614,0.7223642172523962,12.64109589041096,0,0,0.5,1.0,0.0,0,0,0.0,0.0,0.0,0.0,0.0,0.0,0.0,0.0,0.0,0,0,0,0.5,0.5,0.5,0.5,0.5,0.5,0.5,0.5,0.5,1,0,0,neutral,Unknown,individual,unknown,original,yes,0,0,0,0,0,0,0,0,0,0,0,0
365,948,821,761,1.1546894031668697,2.084931506849315,0,0,0.5,1.0,0.0,0,0,0.0,0.0,0.0,0.0,0.0,0.0,0.0,0.0,0.0,0,0,0,0.5,0.5,0.5,0.5,0.5,0.5,0.5,0.5,0.5,1,0,0,neutral,Unknown,individual,unknown,original,yes,0,0,0,0,0,0,0,0,0,0,0,0
365,2347,2216,14822,1.059115523465704,40.608219178082194,0,0,0.5,1.0,0.0,0,0,0.0,0.0,0.0,0.0,0.0,0.0,0.0,0.0,0.0,0,0,0,0.5,0.5,0.5,0.5,0.5,0.5,0.5,0.5,0.5,1,0,0,neutral,Unknown,individual,unknown,original,yes,0,0,0,0,0,0,0,0,0,0,0,0
365,1312,1554,3621,0.8442728442728443,9.92054794520548,0,0,0.5,1.0,0.0,0,0,0.0,0.0,0.0,0.0,0.0,0.0,0.0,0.0,0.0,0,0,0,0.5,0.5,0.5,0.5,0.5,0.5,0.5,0.5,0.5,1,0,0,neutral,Unknown,individual,unknown,original,yes,0,0,0,0,0,0,0,0,0,0,0,0
365,24291,464,15736,52.35129310344828,43.11232876712329,0,0,0.5,1.0,0.0,0,0,0.0,0.0,0.0,0.0,0.0,0.0,0.0,0.0,0.0,0,0,0,0.5,0.5,0.5,0.5,0.5,0.5,0.5,0.5,0.5,1,0,0,neutral,Unknown,individual,unknown,original,yes,0,0,0,0,0,0,0,0,0,0,0,0
365,3574,2288,19282,1.562062937062937,52.827397260273976,0,0,0.5,1.0,0.0,0,0,0.0,0.0,0.0,0.0,0.0,0.0,0.0,0.0,0.0,0,0,0,0.5,0.5,0.5,0.5,0.5,0.5,0.5,0.5,0.5,1,0,0,neutral,Unknown,individual,unknown,original,yes,0,0,0,0,0,0,0,0,0,0,0,0
365,8995,1697,17305,5.300530347672363,47.41095890410959,0,0,0.5,1.0,0.0,0,0,0.0,0.0,0.0,0.0,0.0,0.0,0.0,0.0,0.0,0,0,0,0.5,0.5,0.5,0.5,0.5,0.5,0.5,0.5,0.5,1,0,0,neutral,Unknown,individual,unknown,original,yes,0,0,0,0,0,0,0,0,0,0,0,0
365,27086,1194,52812,22.685092127303182,144.6904109589041,0,0,0.5,1.0,0.0,0,0,0.0,0.0,0.0,0.0,0.0,0.0,0.0,0.0,0.0,0,0,0,0.5,0.5,0.5,0.5,0.5,0.5,0.5,0.5,0.5,1,0,0,neutral,Unknown,individual,unknown,original,yes,0,0,0,0,0,0,0,0,0,0,0,0
365,3240,1118,4031,2.8980322003577816,11.043835616438356,0,0,0.5,1.0,0.0,0,0,0.0,0.0,0.0,0.0,0.0,0.0,0.0,0.0,0.0,0,0,0,0.5,0.5,0.5,0.5,0.5,0.5,0.5,0.5,0.5,1,0,0,neutral,Unknown,individual,unknown,original,yes,0,0,0,0,0,0,0,0,0,0,0,0
365,2020,165,22327,12.242424242424242,61.16986301369863,0,0,0.5,1.0,0.0,0,0,0.0,0.0,0.0,0.0,0.0,0.0,0.0,0.0,0.0,0,0,0,0.5,0.5,0.5,0.5,0.5,0.5,0.5,0.5,0.5,1,0,0,neutral,Unknown,individual,unknown,original,yes,0,0,0,0,0,0,0,0,0,0,0,0
365,107999,43801,18887,2.4656742996735233,51.74520547945205,0,0,0.5,1.0,0.0,0,0,0.0,0.0,0.0,0.0,0.0,0.0,0.0,0.0,0.0,0,0,0,0.5,0.5,0.5,0.5,0.5,0.5,0.5,0.5,0.5,1,0,0,neutral,Unknown,individual,unknown,original,yes,0,0,0,0,0,0,0,0,0,0,0,0
365,33284,2126,8540,15.655691439322672,23.397260273972602,0,0,0.5,1.0,0.0,0,0,0.0,0.0,0.0,0.0,0.0,0.0,0.0,0.0,0.0,0,0,0,0.5,0.5,0.5,0.5,0.5,0.5,0.5,0.5,0.5,1,0,0,neutral,Unknown,individual,unknown,original,yes,0,0,0,0,0,0,0,0,0,0,0,0
365,63924,975,8705,65.56307692307692,23.84931506849315,0,0,0.5,1.0,0.0,0,0,0.0,0.0,0.0,0.0,0.0,0.0,0.0,0.0,0.0,0,0,0,0.5,0.5,0.5,0.5,0.5,0.5,0.5,0.5,0.5,1,0,0,neutral,Unknown,individual,unknown,original,yes,0,0,0,0,0,0,0,0,0,0,0,0
365,3763,1019,18570,3.692836113837095,50.87671232876713,0,0,0.5,1.0,0.0,0,0,0.0,0.0,0.0,0.0,0.0,0.0,0.0,0.0,0.0,0,0,0,0.5,0.5,0.5,0.5,0.5,0.5,0.5,0.5,0.5,1,0,0,neutral,Unknown,individual,unknown,original,yes,0,0,0,0,0,0,0,0,0,0,0,0
365,25202,2767,237872,9.108059269967473,651.7041095890411,0,0,0.5,1.0,0.0,0,0,0.0,0.0,0.0,0.0,0.0,0.0,0.0,0.0,0.0,0,0,0,0.5,0.5,0.5,0.5,0.5,0.5,0.5,0.5,0.5,1,0,0,neutral,Unknown,individual,unknown,original,yes,0,0,0,0,0,0,0,0,0,0,0,0
365,14234,1500,15090,9.489333333333333,41.342465753424655,0,0,0.5,1.0,0.0,0,0,0.0,0.0,0.0,0.0,0.0,0.0,0.0,0.0,0.0,0,0,0,0.5,0.5,0.5,0.5,0.5,0.5,0.5,0.5,0.5,1,0,0,neutral,Unknown,individual,unknown,original,yes,0,0,0,0,0,0,0,0,0,0,0,0
365,24440,660,6765,37.03030303030303,18.534246575342465,0,0,0.5,1.0,0.0,0,0,0.0,0.0,0.0,0.0,0.0,0.0,0.0,0.0,0.0,0,0,0,0.5,0.5,0.5,0.5,0.5,0.5,0.5,0.5,0.5,1,0,0,neutral,Unknown,individual,unknown,original,yes,0,0,0,0,0,0,0,0,0,0,0,0
365,2627,1936,69,1.3569214876033058,0.18904109589041096,0,0,0.5,1.0,0.0,0,0,0.0,0.0,0.0,0.0,0.0,0.0,0.0,0.0,0.0,0,0,0,0.5,0.5,0.5,0.5,0.5,0.5,0.5,0.5,0.5,1,0,0,neutral,Unknown,individual,unknown,original,yes,0,0,0,0,0,0,0,0,0,0,0,0
365,5529,2980,8880,1.8553691275167785,24.328767123287673,0,0,0.5,1.0,0.0,0,0,0.0,0.0,0.0,0.0,0.0,0.0,0.0,0.0,0.0,0,0,0,0.5,0.5,0.5,0.5,0.5,0.5,0.5,0.5,0.5,1,0,0,neutral,Unknown,individual,unknown,original,yes,0,0,0,0,0,0,0,0,0,0,0,0
365,65985,958,10483,68.87787056367432,28.720547945205478,0,0,0.5,1.0,0.0,0,0,0.0,0.0,0.0,0.0,0.0,0.0,0.0,0.0,0.0,0,0,0,0.5,0.5,0.5,0.5,0.5,0.5,0.5,0.5,0.5,1,0,0,neutral,Unknown,individual,unknown,original,yes,0,0,0,0,0,0,0,0,0,0,0,0
365,4475,1082,16175,4.135859519408503,44.31506849315068,0,0,0.5,1.0,0.0,0,0,0.0,0.0,0.0,0.0,0.0,0.0,0.0,0.0,0.0,0,0,0,0.5,0.5,0.5,0.5,0.5,0.5,0.5,0.5,0.5,1,0,0,neutral,Unknown,individual,unknown,original,yes,0,0,0,0,0,0,0,0,0,0,0,0
365,18536,5758,73170,3.2191733240708578,200.46575342465752,0,0,0.5,1.0,0.0,0,0,0.0,0.0,0.0,0.0,0.0,0.0,0.0,0.0,0.0,0,0,0,0.5,0.5,0.5,0.5,0.5,0.5,0.5,0.5,0.5,1,0,0,neutral,Unknown,individual,unknown,original,yes,0,0,0,0,0,0,0,0,0,0,0,0
365,7760,705,20639,11.00709219858156,56.54520547945206,0,0,0.5,1.0,0.0,0,0,0.0,0.0,0.0,0.0,0.0,0.0,0.0,0.0,0.0,0,0,0,0.5,0.5,0.5,0.5,0.5,0.5,0.5,0.5,0.5,1,0,0,neutral,Unknown,individual,unknown,original,yes,0,0,0,0,0,0,0,0,0,0,0,0
365,3694,1365,18629,2.7062271062271064,51.038356164383565,0,0,0.5,1.0,0.0,0,0,0.0,0.0,0.0,0.0,0.0,0.0,0.0,0.0,0.0,0,0,0,0.5,0.5,0.5,0.5,0.5,0.5,0.5,0.5,0.5,1,0,0,neutral,Unknown,individual,unknown,original,yes,0,0,0,0,0,0,0,0,0,0,0,0
365,1281,925,4018,1.384864864864865,11.008219178082191,0,0,0.5,1.0,0.0,0,0,0.0,0.0,0.0,0.0,0.0,0.0,0.0,0.0,0.0,0,0,0,0.5,0.5,0.5,0.5,0.5,0.5,0.5,0.5,0.5,1,0,0,neutral,Unknown,individual,unknown,original,yes,0,0,0,0,0,0,0,0,0,0,0,0
365,1784,609,8367,2.929392446633826,22.923287671232877,0,0,0.5,1.0,0.0,0,0,0.0,0.0,0.0,0.0,0.0,0.0,0.0,0.0,0.0,0,0,0,0.5,0.5,0.5,0.5,0.5,0.5,0.5,0.5,0.5,1,0,0,neutral,Unknown,individual,unknown,original,yes,0,0,0,0,0,0,0,0,0,0,0,0
365,1829,1957,9022,0.9345937659683189,24.71780821917808,0,0,0.5,1.0,0.0,0,0,0.0,0.0,0.0,0.0,0.0,0.0,0.0,0.0,0.0,0,0,0,0.5,0.5,0.5,0.5,0.5,0.5,0.5,0.5,0.5,1,0,0,neutral,Unknown,individual,unknown,original,yes,0,0,0,0,0,0,0,0,0,0,0,0
365,6601,3570,9333,1.8490196078431373,25.56986301369863,0,0,0.5,1.0,0.0,0,0,0.0,0.0,0.0,0.0,0.0,0.0,0.0,0.0,0.0,0,0,0,0.5,0.5,0.5,0.5,0.5,0.5,0.5,0.5,0.5,1,0,0,neutral,Unknown,individual,unknown,original,yes,0,0,0,0,0,0,0,0,0,0,0,0
365,2538,692,11176,3.667630057803468,30.61917808219178,0,0,0.5,1.0,0.0,0,0,0.0,0.0,0.0,0.0,0.0,0.0,0.0,0.0,0.0,0,0,0,0.5,0.5,0.5,0.5,0.5,0.5,0.5,0.5,0.5,1,0,0,neutral,Unknown,individual,unknown,original,yes,0,0,0,0,0,0,0,0,0,0,0,0
365,6957,998,36984,6.970941883767535,101.32602739726028,0,0,0.5,1.0,0.0,0,0,0.0,0.0,0.0,0.0,0.0,0.0,0.0,0.0,0.0,0,0,0,0.5,0.5,0.5,0.5,0.5,0.5,0.5,0.5,0.5,1,0,0,neutral,Unknown,individual,unknown,original,yes,0,0,0,0,0,0,0,0,0,0,0,0
365,1709,351,614,4.868945868945869,1.6821917808219178,0,0,0.5,1.0,0.0,0,0,0.0,0.0,0.0,0.0,0.0,0.0,0.0,0.0,0.0,0,0,0,0.5,0.5,0.5,0.5,0.5,0.5,0.5,0.5,0.5,1,0,0,neutral,Unknown,individual,unknown,original,yes,0,0,0,0,0,0,0,0,0,0,0,0
365,23655,2879,15836,8.216394581451892,43.38630136986301,0,0,0.5,1.0,0.0,0,0,0.0,0.0,0.0,0.0,0.0,0.0,0.0,0.0,0.0,0,0,0,0.5,0.5,0.5,0.5,0.5,0.5,0.5,0.5,0.5,1,0,0,neutral,Unknown,individual,unknown,original,yes,0,0,0,0,0,0,0,0,0,0,0,0
365,18563,483,10853,38.43271221532091,29.734246575342464,0,0,0.5,1.0,0.0,0,0,0.0,0.0,0.0,0.0,0.0,0.0,0.0,0.0,0.0,0,0,0,0.5,0.5,0.5,0.5,0.5,0.5,0.5,0.5,0.5,1,0,0,neutral,Unknown,individual,unknown,original,yes,0,0,0,0,0,0,0,0,0,0,0,0
365,502120,1914,140244,262.3406478578892,384.2301369863014,0,0,0.5,1.0,0.0,0,0,0.0,0.0,0.0,0.0,0.0,0.0,0.0,0.0,0.0,0,0,0,0.5,0.5,0.5,0.4,0.5,0.5,0.5,0.4600000000000001,0.5,1,0,0,neutral,Unknown,individual,unknown,original,yes,0,0,0,0,0,0,0,0,0,0,0,0
365,6584,505,4534,13.037623762376237,12.421917808219177,0,0,0.5,1.0,0.0,0,0,0.0,0.0,0.0,0.0,0.0,0.0,0.0,0.0,0.0,0,0,0,0.5,0.5,0.5,0.5,0.5,0.5,0.5,0.5,0.5,1,0,0,neutral,Unknown,individual,unknown,original,yes,0,0,0,0,0,0,0,0,0,0,0,0
365,333862,4412,181279,75.6713508612874,496.65479452054797,0,0,0.5,1.0,0.0,0,0,0.0,0.0,0.0,0.0,0.0,0.0,0.0,0.0,0.0,0,0,0,0.5,0.5,0.5,0.5,0.5,0.5,0.5,0.5,0.5,1,0,0,neutral,Unknown,individual,unknown,original,yes,0,0,0,0,0,0,0,0,0,0,0,0
365,970,341,7133,2.844574780058651,19.542465753424658,0,0,0.5,1.0,0.0,0,0,0.0,0.0,0.0,0.0,0.0,0.0,0.0,0.0,0.0,0,0,0,0.5,0.5,0.5,0.5,0.5,0.5,0.5,0.5,0.5,1,0,0,neutral,Unknown,individual,unknown,original,yes,0,0,0,0,0,0,0,0,0,0,0,0
365,25493,3371,23376,7.562444378522693,64.04383561643836,0,0,0.5,1.0,0.0,0,0,0.0,0.0,0.0,0.0,0.0,0.0,0.0,0.0,0.0,0,0,0,0.5,0.5,0.5,0.5,0.5,0.5,0.5,0.5,0.5,1,0,0,neutral,Unknown,individual,unknown,original,yes,0,0,0,0,0,0,0,0,0,0,0,0
365,43641,1069,9367,40.824134705332085,25.663013698630138,0,0,0.5,1.0,0.0,0,0,0.0,0.0,0.0,0.0,0.0,0.0,0.0,0.0,0.0,0,0,0,0.5,0.5,0.5,0.5,0.5,0.5,0.5,0.5,0.5,1,0,0,neutral,Unknown,individual,unknown,original,yes,0,0,0,0,0,0,0,0,0,0,0,0
365,230891,0,27360,0.0,74.95890410958904,0,0,0.5,1.0,0.0,0,0,0.0,0.0,0.0,0.0,0.0,0.0,0.0,0.0,0.0,0,0,0,0.5,0.5,0.5,0.3,0.5,0.5,0.5,0.42000000000000004,0.5,1,0,0,neutral,Unknown,individual,unknown,original,yes,0,0,0,0,0,0,0,0,0,0,0,0
365,17569,2712,11342,6.478244837758112,31.073972602739726,0,0,0.5,1.0,0.0,0,0,0.0,0.0,0.0,0.0,0.0,0.0,0.0,0.0,0.0,0,0,0,0.5,0.5,0.5,0.5,0.5,0.5,0.5,0.5,0.5,1,0,0,neutral,Unknown,individual,unknown,original,yes,0,0,0,0,0,0,0,0,0,0,0,0
365,11277,6075,7285,1.8562962962962963,19.958904109589042,0,0,0.5,1.0,0.0,0,0,0.0,0.0,0.0,0.0,0.0,0.0,0.0,0.0,0.0,0,0,0,0.5,0.5,0.5,0.5,0.5,0.5,0.5,0.5,0.5,1,0,0,neutral,Unknown,individual,unknown,original,yes,0,0,0,0,0,0,0,0,0,0,0,0
365,6759,2579,52866,2.6207832493214425,144.83835616438355,0,0,0.5,1.0,0.0,0,0,0.0,0.0,0.0,0.0,0.0,0.0,0.0,0.0,0.0,0,0,0,0.5,0.5,0.5,0.5,0.5,0.5,0.5,0.5,0.5,1,0,0,neutral,Unknown,individual,unknown,original,yes,0,0,0,0,0,0,0,0,0,0,0,0
365,1337635,771,17746,1734.9351491569391,48.61917808219178,0,0,0.5,1.0,0.0,0,0,0.0,0.0,0.0,0.0,0.0,0.0,0.0,0.0,0.0,0,0,0,0.5,0.5,0.5,0.4,0.5,0.5,0.5,0.4600000000000001,0.5,1,0,0,neutral,Unknown,individual,unknown,original,yes,0,0,0,0,0,0,0,0,0,0,0,0
365,9138,1687,2840,5.416716064018969,7.780821917808219,0,0,0.5,1.0,0.0,0,0,0.0,0.0,0.0,0.0,0.0,0.0,0.0,0.0,0.0,0,0,0,0.5,0.5,0.5,0.5,0.5,0.5,0.5,0.5,0.5,1,0,0,neutral,Unknown,individual,unknown,original,yes,0,0,0,0,0,0,0,0,0,0,0,0
365,7275,672,18328,10.825892857142858,50.21369863013699,0,0,0.5,1.0,0.0,0,0,0.0,0.0,0.0,0.0,0.0,0.0,0.0,0.0,0.0,0,0,0,0.5,0.5,0.5,0.5,0.5,0.5,0.5,0.5,0.5,1,0,0,neutral,Unknown,individual,unknown,original,yes,0,0,0,0,0,0,0,0,0,0,0,0
365,26827,2279,10122,11.771390960947784,27.731506849315068,0,0,0.5,1.0,0.0,0,0,0.0,0.0,0.0,0.0,0.0,0.0,0.0,0.0,0.0,0,0,0,0.5,0.5,0.5,0.5,0.5,0.5,0.5,0.5,0.5,1,0,0,neutral,Unknown,individual,unknown,original,yes,0,0,0,0,0,0,0,0,0,0,0,0
365,16340,3168,63907,5.157828282828283,175.08767123287672,0,0,0.5,1.0,0.0,0,0,0.0,0.0,0.0,0.0,0.0,0.0,0.0,0.0,0.0,0,0,0,0.5,0.5,0.5,0.5,0.5,0.5,0.5,0.5,0.5,1,0,0,neutral,Unknown,individual,unknown,original,yes,0,0,0,0,0,0,0,0,0,0,0,0
365,22184,1180,93424,18.8,255.95616438356166,0,0,0.5,1.0,0.0,0,0,0.0,0.0,0.0,0.0,0.0,0.0,0.0,0.0,0.0,0,0,0,0.5,0.5,0.5,0.5,0.5,0.5,0.5,0.5,0.5,1,0,0,neutral,Unknown,individual,unknown,original,yes,0,0,0,0,0,0,0,0,0,0,0,0
365,11331,3452,10338,3.2824449594438008,28.323287671232876,0,0,0.5,1.0,0.0,0,0,0.0,0.0,0.0,0.0,0.0,0.0,0.0,0.0,0.0,0,0,0,0.5,0.5,0.5,0.5,0.5,0.5,0.5,0.5,0.5,1,0,0,neutral,Unknown,individual,unknown,original,yes,0,0,0,0,0,0,0,0,0,0,0,0
365,5724,3467,19275,1.6509950966253244,52.80821917808219,0,0,0.5,1.0,0.0,0,0,0.0,0.0,0.0,0.0,0.0,0.0,0.0,0.0,0.0,0,0,0,0.5,0.5,0.5,0.5,0.5,0.5,0.5,0.5,0.5,1,0,0,neutral,Unknown,individual,unknown,original,yes,0,0,0,0,0,0,0,0,0,0,0,0
365,43425,647,5832,67.11746522411129,15.978082191780821,0,0,0.5,1.0,0.0,0,0,0.0,0.0,0.0,0.0,0.0,0.0,0.0,0.0,0.0,0,0,0,0.5,0.5,0.5,0.5,0.5,0.5,0.5,0.5,0.5,1,0,0,neutral,Unknown,individual,unknown,original,yes,0,0,0,0,0,0,0,0,0,0,0,0
365,25156,709,11560,35.48095909732017,31.671232876712327,0,0,0.5,1.0,0.0,0,0,0.0,0.0,0.0,0.0,0.0,0.0,0.0,0.0,0.0,0,0,0,0.5,0.5,0.5,0.5,0.5,0.5,0.5,0.5,0.5,1,0,0,neutral,Unknown,individual,unknown,original,yes,0,0,0,0,0,0,0,0,0,0,0,0
365,8839,1281,21278,6.90007806401249,58.295890410958904,0,0,0.5,1.0,0.0,0,0,0.0,0.0,0.0,0.0,0.0,0.0,0.0,0.0,0.0,0,0,0,0.5,0.5,0.5,0.5,0.5,0.5,0.5,0.5,0.5,1,0,0,neutral,Unknown,individual,unknown,original,yes,0,0,0,0,0,0,0,0,0,0,0,0
365,19030,2509,23464,7.584695097648465,64.28493150684932,0,0,0.5,1.0,0.0,0,0,0.0,0.0,0.0,0.0,0.0,0.0,0.0,0.0,0.0,0,0,0,0.5,0.5,0.5,0.5,0.5,0.5,0.5,0.5,0.5,1,0,0,neutral,Unknown,individual,unknown,original,yes,0,0,0,0,0,0,0,0,0,0,0,0
365,447812,2331,35735,192.1115401115401,97.9041095890411,0,0,0.5,1.0,0.0,0,0,0.0,0.0,0.0,0.0,0.0,0.0,0.0,0.0,0.0,0,0,0,0.5,0.5,0.5,0.4,0.5,0.5,0.5,0.4600000000000001,0.5,1,0,0,neutral,Unknown,individual,unknown,original,yes,0,0,0,0,0,0,0,0,0,0,0,0
365,22599,140,10817,161.42142857142858,29.635616438356163,0,0,0.5,1.0,0.0,0,0,0.0,0.0,0.0,0.0,0.0,0.0,0.0,0.0,0.0,0,0,0,0.5,0.5,0.5,0.4,0.5,0.5,0.5,0.4600000000000001,0.5,1,0,0,neutral,Unknown,individual,unknown,original,yes,0,0,0,0,0,0,0,0,0,0,0,0
365,358902,1561,102736,229.91800128122998,281.46849315068494,0,0,0.5,1.0,0.0,0,0,0.0,0.0,0.0,0.0,0.0,0.0,0.0,0.0,0.0,0,0,0,0.5,0.5,0.5,0.4,0.5,0.5,0.5,0.4600000000000001,0.5,1,0,0,neutral,Unknown,individual,unknown,original,yes,0,0,0,0,0,0,0,0,0,0,0,0
365,15442,768,4781,20.106770833333332,13.098630136986301,0,0,0.5,1.0,0.0,0,0,0.0,0.0,0.0,0.0,0.0,0.0,0.0,0.0,0.0,0,0,0,0.5,0.5,0.5,0.5,0.5,0.5,0.5,0.5,0.5,1,0,0,neutral,Unknown,individual,unknown,original,yes,0,0,0,0,0,0,0,0,0,0,0,0
365,10936,2344,9018,4.665529010238908,24.706849315068492,0,0,0.5,1.0,0.0,0,0,0.0,0.0,0.0,0.0,0.0,0.0,0.0,0.0,0.0,0,0,0,0.5,0.5,0.5,0.5,0.5,0.5,0.5,0.5,0.5,1,0,0,neutral,Unknown,individual,unknown,original,yes,0,0,0,0,0,0,0,0,0,0,0,0
365,254932,717,115243,355.5536959553696,315.73424657534247,0,0,0.5,1.0,0.0,0,0,0.0,0.0,0.0,0.0,0.0,0.0,0.0,0.0,0.0,0,0,0,0.5,0.5,0.5,0.4,0.5,0.5,0.5,0.4600000000000001,0.5,1,0,0,neutral,Unknown,individual,unknown,original,yes,0,0,0,0,0,0,0,0,0,0,0,0
365,82123,1466,170594,56.018417462482944,467.3808219178082,0,0,0.5,1.0,0.0,0,0,0.0,0.0,0.0,0.0,0.0,0.0,0.0,0.0,0.0,0,0,0,0.5,0.5,0.5,0.5,0.5,0.5,0.5,0.5,0.5,1,0,0,neutral,Unknown,individual,unknown,original,yes,0,0,0,0,0,0,0,0,0,0,0,0
365,13950,2009,13159,6.943753111000498,36.05205479452055,0,0,0.5,1.0,0.0,0,0,0.0,0.0,0.0,0.0,0.0,0.0,0.0,0.0,0.0,0,0,0,0.5,0.5,0.5,0.5,0.5,0.5,0.5,0.5,0.5,1,0,0,neutral,Unknown,individual,unknown,original,yes,0,0,0,0,0,0,0,0,0,0,0,0
365,114986,5835,52231,19.706255355612683,143.0986301369863,0,0,0.5,1.0,0.0,0,0,0.0,0.0,0.0,0.0,0.0,0.0,0.0,0.0,0.0,0,0,0,0.5,0.5,0.5,0.5,0.5,0.5,0.5,0.5,0.5,1,0,0,neutral,Unknown,individual,unknown,original,yes,0,0,0,0,0,0,0,0,0,0,0,0
365,1076,550,3148,1.9563636363636363,8.624657534246575,0,0,0.5,1.0,0.0,0,0,0.0,0.0,0.0,0.0,0.0,0.0,0.0,0.0,0.0,0,0,0,0.5,0.5,0.5,0.5,0.5,0.5,0.5,0.5,0.5,1,0,0,neutral,Unknown,individual,unknown,original,yes,0,0,0,0,0,0,0,0,0,0,0,0
365,2139554,1061,43014,2016.5447690857682,117.84657534246575,0,0,0.5,1.0,0.0,0,0,0.0,0.0,0.0,0.0,0.0,0.0,0.0,0.0,0.0,0,0,0,0.5,0.5,0.5,0.4,0.5,0.5,0.5,0.4600000000000001,0.5,1,0,0,neutral,Unknown,individual,unknown,original,yes,0,0,0,0,0,0,0,0,0,0,0,0
365,3618,1698,823,2.1307420494699647,2.254794520547945,0,0,0.5,1.0,0.0,0,0,0.0,0.0,0.0,0.0,0.0,0.0,0.0,0.0,0.0,0,0,0,0.5,0.5,0.5,0.5,0.5,0.5,0.5,0.5,0.5,1,0,0,neutral,Unknown,individual,unknown,original,yes,0,0,0,0,0,0,0,0,0,0,0,0
365,4226,2067,13956,2.0445089501693277,38.23561643835617,0,0,0.5,1.0,0.0,0,0,0.0,0.0,0.0,0.0,0.0,0.0,0.0,0.0,0.0,0,0,0,0.5,0.5,0.5,0.5,0.5,0.5,0.5,0.5,0.5,1,0,0,neutral,Unknown,individual,unknown,original,yes,0,0,0,0,0,0,0,0,0,0,0,0
365,6129,749,12828,8.18291054739653,35.14520547945205,0,0,0.5,1.0,0.0,0,0,0.0,0.0,0.0,0.0,0.0,0.0,0.0,0.0,0.0,0,0,0,0.5,0.5,0.5,0.5,0.5,0.5,0.5,0.5,0.5,1,0,0,neutral,Unknown,individual,unknown,original,yes,0,0,0,0,0,0,0,0,0,0,0,0
365,30439,664,36804,45.84186746987952,100.83287671232877,0,0,0.5,1.0,0.0,0,0,0.0,0.0,0.0,0.0,0.0,0.0,0.0,0.0,0.0,0,0,0,0.5,0.5,0.5,0.5,0.5,0.5,0.5,0.5,0.5,1,0,0,neutral,Unknown,individual,unknown,original,yes,0,0,0,0,0,0,0,0,0,0,0,0
365,36893,1180,33585,31.265254237288136,92.01369863013699,0,0,0.5,1.0,0.0,0,0,0.0,0.0,0.0,0.0,0.0,0.0,0.0,0.0,0.0,0,0,0,0.5,0.5,0.5,0.5,0.5,0.5,0.5,0.5,0.5,1,0,0,neutral,Unknown,individual,unknown,original,yes,0,0,0,0,0,0,0,0,0,0,0,0
365,993,660,637,1.5045454545454546,1.7452054794520548,0,0,0.5,1.0,0.0,0,0,0.0,0.0,0.0,0.0,0.0,0.0,0.0,0.0,0.0,0,0,0,0.5,0.5,0.5,0.5,0.5,0.5,0.5,0.5,0.5,1,0,0,neutral,Unknown,individual,unknown,original,yes,0,0,0,0,0,0,0,0,0,0,0,0
365,30842,2159,6535,14.285317276516906,17.904109589041095,0,0,0.5,1.0,0.0,0,0,0.0,0.0,0.0,0.0,0.0,0.0,0.0,0.0,0.0,0,0,0,0.5,0.5,0.5,0.5,0.5,0.5,0.5,0.5,0.5,1,0,0,neutral,Unknown,individual,unknown,original,yes,0,0,0,0,0,0,0,0,0,0,0,0
365,7608,683,42282,11.13909224011713,115.84109589041095,0,0,0.5,1.0,0.0,0,0,0.0,0.0,0.0,0.0,0.0,0.0,0.0,0.0,0.0,0,0,0,0.5,0.5,0.5,0.5,0.5,0.5,0.5,0.5,0.5,1,0,0,neutral,Unknown,individual,unknown,original,yes,0,0,0,0,0,0,0,0,0,0,0,0
365,71562,916,6385,78.12445414847161,17.493150684931507,0,0,0.5,1.0,0.0,0,0,0.0,0.0,0.0,0.0,0.0,0.0,0.0,0.0,0.0,0,0,0,0.5,0.5,0.5,0.5,0.5,0.5,0.5,0.5,0.5,1,0,0,neutral,Unknown,individual,unknown,original,yes,0,0,0,0,0,0,0,0,0,0,0,0
365,9686,2422,10578,3.999174236168456,28.980821917808218,0,0,0.5,1.0,0.0,0,0,0.0,0.0,0.0,0.0,0.0,0.0,0.0,0.0,0.0,0,0,0,0.5,0.5,0.5,0.5,0.5,0.5,0.5,0.5,0.5,1,0,0,neutral,Unknown,individual,unknown,original,yes,0,0,0,0,0,0,0,0,0,0,0,0
365,67990,1542,27799,44.092088197146566,76.16164383561645,0,0,0.5,1.0,0.0,0,0,0.0,0.0,0.0,0.0,0.0,0.0,0.0,0.0,0.0,0,0,0,0.5,0.5,0.5,0.5,0.5,0.5,0.5,0.5,0.5,1,0,0,neutral,Unknown,individual,unknown,original,yes,0,0,0,0,0,0,0,0,0,0,0,0
365,4878,1847,8321,2.6410395235517057,22.797260273972604,0,0,0.5,1.0,0.0,0,0,0.0,0.0,0.0,0.0,0.0,0.0,0.0,0.0,0.0,0,0,0,0.5,0.5,0.5,0.5,0.5,0.5,0.5,0.5,0.5,1,0,0,neutral,Unknown,individual,unknown,original,yes,0,0,0,0,0,0,0,0,0,0,0,0
365,5795,2009,14755,2.8845196615231457,40.42465753424658,0,0,0.5,1.0,0.0,0,0,0.0,0.0,0.0,0.0,0.0,0.0,0.0,0.0,0.0,0,0,0,0.5,0.5,0.5,0.5,0.5,0.5,0.5,0.5,0.5,1,0,0,neutral,Unknown,individual,unknown,original,yes,0,0,0,0,0,0,0,0,0,0,0,0
365,28538,251,4352,113.69721115537848,11.923287671232877,0,0,0.5,1.0,0.0,0,0,0.0,0.0,0.0,0.0,0.0,0.0,0.0,0.0,0.0,0,0,0,0.5,0.5,0.5,0.4,0.5,0.5,0.5,0.4600000000000001,0.5,1,0,0,neutral,Unknown,individual,unknown,original,yes,0,0,0,0,0,0,0,0,0,0,0,0
365,61703,941,42198,65.57173219978746,115.6109589041096,0,0,0.5,1.0,0.0,0,0,0.0,0.0,0.0,0.0,0.0,0.0,0.0,0.0,0.0,0,0,0,0.5,0.5,0.5,0.5,0.5,0.5,0.5,0.5,0.5,1,0,0,neutral,Unknown,individual,unknown,original,yes,0,0,0,0,0,0,0,0,0,0,0,0
365,161910,233,10010,694.8927038626609,27.424657534246574,0,0,0.5,1.0,0.0,0,0,0.0,0.0,0.0,0.0,0.0,0.0,0.0,0.0,0.0,0,0,0,0.5,0.5,0.5,0.4,0.5,0.5,0.5,0.4600000000000001,0.5,1,0,0,neutral,Unknown,individual,unknown,original,yes,0,0,0,0,0,0,0,0,0,0,0,0
365,16604,194,1590,85.58762886597938,4.3561643835616435,0,0,0.5,1.0,0.0,0,0,0.0,0.0,0.0,0.0,0.0,0.0,0.0,0.0,0.0,0,0,0,0.5,0.5,0.5,0.5,0.5,0.5,0.5,0.5,0.5,1,0,0,neutral,Unknown,individual,unknown,original,yes,0,0,0,0,0,0,0,0,0,0,0,0
365,52042,5855,63712,8.888471391972672,174.55342465753424,0,0,0.5,1.0,0.0,0,0,0.0,0.0,0.0,0.0,0.0,0.0,0.0,0.0,0.0,0,0,0,0.5,0.5,0.5,0.5,0.5,0.5,0.5,0.5,0.5,1,0,0,neutral,Unknown,individual,unknown,original,yes,0,0,0,0,0,0,0,0,0,0,0,0
365,3363,1014,338,3.3165680473372783,0.9260273972602739,0,0,0.5,1.0,0.0,0,0,0.0,0.0,0.0,0.0,0.0,0.0,0.0,0.0,0.0,0,0,0,0.5,0.5,0.5,0.5,0.5,0.5,0.5,0.5,0.5,1,0,0,neutral,Unknown,individual,unknown,original,yes,0,0,0,0,0,0,0,0,0,0,0,0
365,74160,349,2412,212.49283667621776,6.608219178082192,0,0,0.5,1.0,0.0,0,0,0.0,0.0,0.0,0.0,0.0,0.0,0.0,0.0,0.0,0,0,0,0.5,0.5,0.5,0.4,0.5,0.5,0.5,0.4600000000000001,0.5,1,0,0,neutral,Unknown,individual,unknown,original,yes,0,0,0,0,0,0,0,0,0,0,0,0
365,2257,1670,1482,1.351497005988024,4.06027397260274,0,0,0.5,1.0,0.0,0,0,0.0,0.0,0.0,0.0,0.0,0.0,0.0,0.0,0.0,0,0,0,0.5,0.5,0.5,0.5,0.5,0.5,0.5,0.5,0.5,1,0,0,neutral,Unknown,individual,unknown,original,yes,0,0,0,0,0,0,0,0,0,0,0,0
365,140597,1042,9172,134.9299424184261,25.12876712328767,0,0,0.5,1.0,0.0,0,0,0.0,0.0,0.0,0.0,0.0,0.0,0.0,0.0,0.0,0,0,0,0.5,0.5,0.5,0.4,0.5,0.5,0.5,0.4600000000000001,0.5,1,0,0,neutral,Unknown,individual,unknown,original,yes,0,0,0,0,0,0,0,0,0,0,0,0
365,14217,2856,2541,4.977941176470588,6.961643835616439,0,0,0.5,1.0,0.0,0,0,0.0,0.0,0.0,0.0,0.0,0.0,0.0,0.0,0.0,0,0,0,0.5,0.5,0.5,0.5,0.5,0.5,0.5,0.5,0.5,1,0,0,neutral,Unknown,individual,unknown,original,yes,0,0,0,0,0,0,0,0,0,0,0,0
365,3592,834,6829,4.306954436450839,18.70958904109589,0,0,0.5,1.0,0.0,0,0,0.0,0.0,0.0,0.0,0.0,0.0,0.0,0.0,0.0,0,0,0,0.5,0.5,0.5,0.5,0.5,0.5,0.5,0.5,0.5,1,0,0,neutral,Unknown,individual,unknown,original,yes,0,0,0,0,0,0,0,0,0,0,0,0
365,18334,268,4635,68.41044776119404,12.698630136986301,0,0,0.5,1.0,0.0,0,0,0.0,0.0,0.0,0.0,0.0,0.0,0.0,0.0,0.0,0,0,0,0.5,0.5,0.5,0.5,0.5,0.5,0.5,0.5,0.5,1,0,0,neutral,Unknown,individual,unknown,original,yes,0,0,0,0,0,0,0,0,0,0,0,0
365,8026,430,8672,18.665116279069768,23.75890410958904,0,0,0.5,1.0,0.0,0,0,0.0,0.0,0.0,0.0,0.0,0.0,0.0,0.0,0.0,0,0,0,0.5,0.5,0.5,0.5,0.5,0.5,0.5,0.5,0.5,1,0,0,neutral,Unknown,individual,unknown,original,yes,0,0,0,0,0,0,0,0,0,0,0,0
365,27967,9003,13391,3.1064089747861825,36.68767123287671,0,0,0.5,1.0,0.0,0,0,0.0,0.0,0.0,0.0,0.0,0.0,0.0,0.0,0.0,0,0,0,0.5,0.5,0.5,0.5,0.5,0.5,0.5,0.5,0.5,1,0,0,neutral,Unknown,individual,unknown,original,yes,0,0,0,0,0,0,0,0,0,0,0,0
365,37460,7822,11600,4.789056507287139,31.78082191780822,0,0,0.5,1.0,0.0,0,0,0.0,0.0,0.0,0.0,0.0,0.0,0.0,0.0,0.0,0,0,0,0.5,0.5,0.5,0.5,0.5,0.5,0.5,0.5,0.5,1,0,0,neutral,Unknown,individual,unknown,original,yes,0,0,0,0,0,0,0,0,0,0,0,0
365,140586,130,39157,1081.4307692307693,107.27945205479452,0,0,0.5,1.0,0.0,0,0,0.0,0.0,0.0,0.0,0.0,0.0,0.0,0.0,0.0,0,0,0,0.5,0.5,0.5,0.4,0.5,0.5,0.5,0.4600000000000001,0.5,1,0,0,neutral,Unknown,individual,unknown,original,yes,0,0,0,0,0,0,0,0,0,0,0,0
365,41444,409,47378,101.33007334963325,129.8027397260274,0,0,0.5,1.0,0.0,0,0,0.0,0.0,0.0,0.0,0.0,0.0,0.0,0.0,0.0,0,0,0,0.5,0.5,0.5,0.4,0.5,0.5,0.5,0.4600000000000001,0.5,1,0,0,neutral,Unknown,individual,unknown,original,yes,0,0,0,0,0,0,0,0,0,0,0,0
365,388352,3703,124803,104.87496624358629,341.92602739726027,0,0,0.5,1.0,0.0,0,0,0.0,0.0,0.0,0.0,0.0,0.0,0.0,0.0,0.0,0,0,0,0.5,0.5,0.5,0.4,0.5,0.5,0.5,0.4600000000000001,0.5,1,0,0,neutral,Unknown,individual,unknown,original,yes,0,0,0,0,0,0,0,0,0,0,0,0
365,23898,457,6281,52.29321663019694,17.208219178082192,0,0,0.5,1.0,0.0,0,0,0.0,0.0,0.0,0.0,0.0,0.0,0.0,0.0,0.0,0,0,0,0.5,0.5,0.5,0.5,0.5,0.5,0.5,0.5,0.5,1,0,0,neutral,Unknown,individual,unknown,original,yes,0,0,0,0,0,0,0,0,0,0,0,0
365,143492,10609,58286,13.525497219342068,159.6876712328767,0,0,0.5,1.0,0.0,0,0,0.0,0.0,0.0,0.0,0.0,0.0,0.0,0.0,0.0,0,0,0,0.5,0.5,0.5,0.5,0.5,0.5,0.5,0.5,0.5,1,0,0,neutral,Unknown,individual,unknown,original,yes,0,0,0,0,0,0,0,0,0,0,0,0
365,9390,3297,21874,2.8480436760691537,59.92876712328767,0,0,0.5,1.0,0.0,0,0,0.0,0.0,0.0,0.0,0.0,0.0,0.0,0.0,0.0,0,0,0,0.5,0.5,0.5,0.5,0.5,0.5,0.5,0.5,0.5,1,0,0,neutral,Unknown,individual,unknown,original,yes,0,0,0,0,0,0,0,0,0,0,0,0
365,9761,1184,9806,8.244087837837839,26.865753424657534,0,0,0.5,1.0,0.0,0,0,0.0,0.0,0.0,0.0,0.0,0.0,0.0,0.0,0.0,0,0,0,0.5,0.5,0.5,0.5,0.5,0.5,0.5,0.5,0.5,1,0,0,neutral,Unknown,individual,unknown,original,yes,0,0,0,0,0,0,0,0,0,0,0,0
365,49925,120,2410,416.0416666666667,6.602739726027397,0,0,0.5,1.0,0.0,0,0,0.0,0.0,0.0,0.0,0.0,0.0,0.0,0.0,0.0,0,0,0,0.5,0.5,0.5,0.4,0.5,0.5,0.5,0.4600000000000001,0.5,1,0,0,neutral,Unknown,individual,unknown,original,yes,0,0,0,0,0,0,0,0,0,0,0,0
365,86673,374,163896,231.74598930481284,449.0301369863014,0,0,0.5,1.0,0.0,0,0,0.0,0.0,0.0,0.0,0.0,0.0,0.0,0.0,0.0,0,0,0,0.5,0.5,0.5,0.4,0.5,0.5,0.5,0.4600000000000001,0.5,1,0,0,neutral,Unknown,individual,unknown,original,yes,0,0,0,0,0,0,0,0,0,0,0,0
365,2565,0,11971,0.0,32.797260273972604,0,0,0.5,1.0,0.0,0,0,0.0,0.0,0.0,0.0,0.0,0.0,0.0,0.0,0.0,0,0,0,0.5,0.5,0.5,0.3,0.5,0.5,0.5,0.42000000000000004,0.5,1,0,0,neutral,Unknown,individual,unknown,original,yes,0,0,0,0,0,0,0,0,0,0,0,0
365,40830,917,12777,44.525627044711015,35.00547945205479,0,0,0.5,1.0,0.0,0,0,0.0,0.0,0.0,0.0,0.0,0.0,0.0,0.0,0.0,0,0,0,0.5,0.5,0.5,0.5,0.5,0.5,0.5,0.5,0.5,1,0,0,neutral,Unknown,individual,unknown,original,yes,0,0,0,0,0,0,0,0,0,0,0,0
365,13402,1257,71262,10.661893396976929,195.23835616438356,0,0,0.5,1.0,0.0,0,0,0.0,0.0,0.0,0.0,0.0,0.0,0.0,0.0,0.0,0,0,0,0.5,0.5,0.5,0.5,0.5,0.5,0.5,0.5,0.5,1,0,0,neutral,Unknown,individual,unknown,original,yes,0,0,0,0,0,0,0,0,0,0,0,0
365,89736,3746,27387,23.95515216230646,75.03287671232877,0,0,0.5,1.0,0.0,0,0,0.0,0.0,0.0,0.0,0.0,0.0,0.0,0.0,0.0,0,0,0,0.5,0.5,0.5,0.5,0.5,0.5,0.5,0.5,0.5,1,0,0,neutral,Unknown,individual,unknown,original,yes,0,0,0,0,0,0,0,0,0,0,0,0
365,34453,1281,15309,26.895394223263075,41.942465753424656,0,0,0.5,1.0,0.0,0,0,0.0,0.0,0.0,0.0,0.0,0.0,0.0,0.0,0.0,0,0,0,0.5,0.5,0.5,0.5,0.5,0.5,0.5,0.5,0.5,1,0,0,neutral,Unknown,individual,unknown,original,yes,0,0,0,0,0,0,0,0,0,0,0,0
365,370274,219,24032,1690.7488584474886,65.84109589041095,0,0,0.5,1.0,0.0,0,0,0.0,0.0,0.0,0.0,0.0,0.0,0.0,0.0,0.0,0,0,0,0.5,0.5,0.5,0.4,0.5,0.5,0.5,0.4600000000000001,0.5,1,0,0,neutral,Unknown,individual,unknown,original,yes,0,0,0,0,0,0,0,0,0,0,0,0
365,370364,1788,79250,207.1387024608501,217.12328767123287,0,0,0.5,1.0,0.0,0,0,0.0,0.0,0.0,0.0,0.0,0.0,0.0,0.0,0.0,0,0,0,0.5,0.5,0.5,0.4,0.5,0.5,0.5,0.4600000000000001,0.5,1,0,0,neutral,Unknown,individual,unknown,original,yes,0,0,0,0,0,0,0,0,0,0,0,0
365,1026,1091,3206,0.9404216315307058,8.783561643835617,0,0,0.5,1.0,0.0,0,0,0.0,0.0,0.0,0.0,0.0,0.0,0.0,0.0,0.0,0,0,0,0.5,0.5,0.5,0.5,0.5,0.5,0.5,0.5,0.5,1,0,0,neutral,Unknown,individual,unknown,original,yes,0,0,0,0,0,0,0,0,0,0,0,0
365,5390,1955,13846,2.7570332480818416,37.93424657534246,0,0,0.5,1.0,0.0,0,0,0.0,0.0,0.0,0.0,0.0,0.0,0.0,0.0,0.0,0,0,0,0.5,0.5,0.5,0.5,0.5,0.5,0.5,0.5,0.5,1,0,0,neutral,Unknown,individual,unknown,original,yes,0,0,0,0,0,0,0,0,0,0,0,0
365,12335,475,5324,25.96842105263158,14.586301369863014,0,0,0.5,1.0,0.0,0,0,0.0,0.0,0.0,0.0,0.0,0.0,0.0,0.0,0.0,0,0,0,0.5,0.5,0.5,0.5,0.5,0.5,0.5,0.5,0.5,1,0,0,neutral,Unknown,individual,unknown,original,yes,0,0,0,0,0,0,0,0,0,0,0,0
365,13421,594,36201,22.594276094276093,99.18082191780822,0,0,0.5,1.0,0.0,0,0,0.0,0.0,0.0,0.0,0.0,0.0,0.0,0.0,0.0,0,0,0,0.5,0.5,0.5,0.5,0.5,0.5,0.5,0.5,0.5,1,0,0,neutral,Unknown,individual,unknown,original,yes,0,0,0,0,0,0,0,0,0,0,0,0
365,9284,1370,13406,6.776642335766423,36.728767123287675,0,0,0.5,1.0,0.0,0,0,0.0,0.0,0.0,0.0,0.0,0.0,0.0,0.0,0.0,0,0,0,0.5,0.5,0.5,0.5,0.5,0.5,0.5,0.5,0.5,1,0,0,neutral,Unknown,individual,unknown,original,yes,0,0,0,0,0,0,0,0,0,0,0,0
365,21521,811,18694,26.536374845869297,51.21643835616438,0,0,0.5,1.0,0.0,0,0,0.0,0.0,0.0,0.0,0.0,0.0,0.0,0.0,0.0,0,0,0,0.5,0.5,0.5,0.5,0.5,0.5,0.5,0.5,0.5,1,0,0,neutral,Unknown,individual,unknown,original,yes,0,0,0,0,0,0,0,0,0,0,0,0
365,10384,1327,20126,7.825169555388094,55.13972602739726,0,0,0.5,1.0,0.0,0,0,0.0,0.0,0.0,0.0,0.0,0.0,0.0,0.0,0.0,0,0,0,0.5,0.5,0.5,0.5,0.5,0.5,0.5,0.5,0.5,1,0,0,neutral,Unknown,individual,unknown,original,yes,0,0,0,0,0,0,0,0,0,0,0,0
365,550182,4384,33448,125.49771897810218,91.63835616438357,0,0,0.5,1.0,0.0,0,0,0.0,0.0,0.0,0.0,0.0,0.0,0.0,0.0,0.0,0,0,0,0.5,0.5,0.5,0.4,0.5,0.5,0.5,0.4600000000000001,0.5,1,0,0,neutral,Unknown,individual,unknown,original,yes,0,0,0,0,0,0,0,0,0,0,0,0
365,3943,391,2395,10.084398976982097,6.561643835616438,0,0,0.5,1.0,0.0,0,0,0.0,0.0,0.0,0.0,0.0,0.0,0.0,0.0,0.0,0,0,0,0.5,0.5,0.5,0.5,0.5,0.5,0.5,0.5,0.5,1,0,0,neutral,Unknown,individual,unknown,original,no,0,0,0,0,0,0,0,0,0,0,0,0
365,123272,648,163184,190.23456790123456,447.0794520547945,0,0,0.5,1.0,0.0,0,0,0.0,0.0,0.0,0.0,0.0,0.0,0.0,0.0,0.0,0,0,0,0.5,0.5,0.5,0.4,0.5,0.5,0.5,0.4600000000000001,0.5,1,0,0,neutral,Unknown,individual,unknown,original,yes,0,0,0,0,0,0,0,0,0,0,0,0
365,304528,526,6091,578.9505703422053,16.687671232876713,0,0,0.5,1.0,0.0,0,0,0.0,0.0,0.0,0.0,0.0,0.0,0.0,0.0,0.0,0,0,0,0.5,0.5,0.5,0.4,0.5,0.5,0.5,0.4600000000000001,0.5,1,0,0,neutral,Unknown,individual,unknown,original,yes,0,0,0,0,0,0,0,0,0,0,0,0
365,144572,3678,165672,39.307232191408374,453.8958904109589,0,0,0.5,1.0,0.0,0,0,0.0,0.0,0.0,0.0,0.0,0.0,0.0,0.0,0.0,0,0,0,0.5,0.5,0.5,0.5,0.5,0.5,0.5,0.5,0.5,1,0,0,neutral,Unknown,individual,unknown,original,yes,0,0,0,0,0,0,0,0,0,0,0,0
365,1301355,787,107534,1653.56416772554,294.613698630137,0,0,0.5,1.0,0.0,0,0,0.0,0.0,0.0,0.0,0.0,0.0,0.0,0.0,0.0,0,0,0,0.5,0.5,0.5,0.4,0.5,0.5,0.5,0.4600000000000001,0.5,1,0,0,neutral,Unknown,individual,unknown,original,yes,0,0,0,0,0,0,0,0,0,0,0,0
365,4499,1678,6448,2.6811680572109653,17.665753424657535,0,0,0.5,1.0,0.0,0,0,0.0,0.0,0.0,0.0,0.0,0.0,0.0,0.0,0.0,0,0,0,0.5,0.5,0.5,0.5,0.5,0.5,0.5,0.5,0.5,1,0,0,neutral,Unknown,individual,unknown,original,yes,0,0,0,0,0,0,0,0,0,0,0,0
365,4284,1629,4273,2.6298342541436464,11.706849315068494,0,0,0.5,1.0,0.0,0,0,0.0,0.0,0.0,0.0,0.0,0.0,0.0,0.0,0.0,0,0,0,0.5,0.5,0.5,0.5,0.5,0.5,0.5,0.5,0.5,1,0,0,neutral,Unknown,individual,unknown,original,yes,0,0,0,0,0,0,0,0,0,0,0,0
365,6046,1646,11302,3.67314702308627,30.964383561643835,0,0,0.5,1.0,0.0,0,0,0.0,0.0,0.0,0.0,0.0,0.0,0.0,0.0,0.0,0,0,0,0.5,0.5,0.5,0.5,0.5,0.5,0.5,0.5,0.5,1,0,0,neutral,Unknown,individual,unknown,original,yes,0,0,0,0,0,0,0,0,0,0,0,0
365,7188,6290,19145,1.1427662957074722,52.45205479452055,0,0,0.5,1.0,0.0,0,0,0.0,0.0,0.0,0.0,0.0,0.0,0.0,0.0,0.0,0,0,0,0.5,0.5,0.5,0.5,0.5,0.5,0.5,0.5,0.5,1,0,0,neutral,Unknown,individual,unknown,original,yes,0,0,0,0,0,0,0,0,0,0,0,0
365,56886,296,7067,192.18243243243242,19.361643835616437,0,0,0.5,1.0,0.0,0,0,0.0,0.0,0.0,0.0,0.0,0.0,0.0,0.0,0.0,0,0,0,0.5,0.5,0.5,0.4,0.5,0.5,0.5,0.4600000000000001,0.5,1,0,0,neutral,Unknown,individual,unknown,original,yes,0,0,0,0,0,0,0,0,0,0,0,0
365,4208,1000,16387,4.208,44.895890410958906,0,0,0.5,1.0,0.0,0,0,0.0,0.0,0.0,0.0,0.0,0.0,0.0,0.0,0.0,0,0,0,0.5,0.5,0.5,0.5,0.5,0.5,0.5,0.5,0.5,1,0,0,neutral,Unknown,individual,unknown,original,yes,0,0,0,0,0,0,0,0,0,0,0,0
365,7035,2567,11255,2.740553174912349,30.835616438356166,0,0,0.5,1.0,0.0,0,0,0.0,0.0,0.0,0.0,0.0,0.0,0.0,0.0,0.0,0,0,0,0.5,0.5,0.5,0.5,0.5,0.5,0.5,0.5,0.5,1,0,0,neutral,Unknown,individual,unknown,original,yes,0,0,0,0,0,0,0,0,0,0,0,0
365,13802,2525,165,5.4661386138613866,0.4520547945205479,0,0,0.5,1.0,0.0,0,0,0.0,0.0,0.0,0.0,0.0,0.0,0.0,0.0,0.0,0,0,0,0.5,0.5,0.5,0.5,0.5,0.5,0.5,0.5,0.5,1,0,0,neutral,Unknown,individual,unknown,original,yes,0,0,0,0,0,0,0,0,0,0,0,0
365,1174,1455,3852,0.806872852233677,10.553424657534247,0,0,0.5,1.0,0.0,0,0,0.0,0.0,0.0,0.0,0.0,0.0,0.0,0.0,0.0,0,0,0,0.5,0.5,0.5,0.5,0.5,0.5,0.5,0.5,0.5,1,0,0,neutral,Unknown,individual,unknown,original,yes,0,0,0,0,0,0,0,0,0,0,0,0
365,8584,748,5574,11.475935828877006,15.271232876712329,0,0,0.5,1.0,0.0,0,0,0.0,0.0,0.0,0.0,0.0,0.0,0.0,0.0,0.0,0,0,0,0.5,0.5,0.5,0.5,0.5,0.5,0.5,0.5,0.5,1,0,0,neutral,Unknown,individual,unknown,original,yes,0,0,0,0,0,0,0,0,0,0,0,0
365,14885,1909,16575,7.797276060764799,45.41095890410959,0,0,0.5,1.0,0.0,0,0,0.0,0.0,0.0,0.0,0.0,0.0,0.0,0.0,0.0,0,0,0,0.5,0.5,0.5,0.5,0.5,0.5,0.5,0.5,0.5,1,0,0,neutral,Unknown,individual,unknown,original,yes,0,0,0,0,0,0,0,0,0,0,0,0
365,29280,1467,10709,19.959100204498977,29.339726027397262,0,0,0.5,1.0,0.0,0,0,0.0,0.0,0.0,0.0,0.0,0.0,0.0,0.0,0.0,0,0,0,0.5,0.5,0.5,0.5,0.5,0.5,0.5,0.5,0.5,1,0,0,neutral,Unknown,individual,unknown,original,yes,0,0,0,0,0,0,0,0,0,0,0,0
365,14476,3235,76089,4.474806800618238,208.46301369863014,0,0,0.5,1.0,0.0,0,0,0.0,0.0,0.0,0.0,0.0,0.0,0.0,0.0,0.0,0,0,0,0.5,0.5,0.5,0.5,0.5,0.5,0.5,0.5,0.5,1,0,0,neutral,Unknown,individual,unknown,original,yes,0,0,0,0,0,0,0,0,0,0,0,0
365,1463,1205,11834,1.2141078838174273,32.42191780821918,0,0,0.5,1.0,0.0,0,0,0.0,0.0,0.0,0.0,0.0,0.0,0.0,0.0,0.0,0,0,0,0.5,0.5,0.5,0.5,0.5,0.5,0.5,0.5,0.5,1,0,0,neutral,Unknown,individual,unknown,original,yes,0,0,0,0,0,0,0,0,0,0,0,0
365,123635,6214,9148,19.896202124235597,25.063013698630137,0,0,0.5,1.0,0.0,0,0,0.0,0.0,0.0,0.0,0.0,0.0,0.0,0.0,0.0,0,0,0,0.5,0.5,0.5,0.5,0.5,0.5,0.5,0.5,0.5,1,0,0,neutral,Unknown,individual,unknown,original,yes,0,0,0,0,0,0,0,0,0,0,0,0
365,18148,898,37832,20.20935412026726,103.64931506849315,0,0,0.5,1.0,0.0,0,0,0.0,0.0,0.0,0.0,0.0,0.0,0.0,0.0,0.0,0,0,0,0.5,0.5,0.5,0.5,0.5,0.5,0.5,0.5,0.5,1,0,0,neutral,Unknown,individual,unknown,original,yes,0,0,0,0,0,0,0,0,0,0,0,0
365,66630,575,14486,115.87826086956522,39.68767123287671,0,0,0.5,1.0,0.0,0,0,0.0,0.0,0.0,0.0,0.0,0.0,0.0,0.0,0.0,0,0,0,0.5,0.5,0.5,0.4,0.5,0.5,0.5,0.4600000000000001,0.5,1,0,0,neutral,Unknown,individual,unknown,original,yes,0,0,0,0,0,0,0,0,0,0,0,0
365,11274,1278,12802,8.821596244131456,35.07397260273972,0,0,0.5,1.0,0.0,0,0,0.0,0.0,0.0,0.0,0.0,0.0,0.0,0.0,0.0,0,0,0,0.5,0.5,0.5,0.5,0.5,0.5,0.5,0.5,0.5,1,0,0,neutral,Unknown,individual,unknown,original,yes,0,0,0,0,0,0,0,0,0,0,0,0
365,22451,13523,7986,1.6602085336094061,21.87945205479452,0,0,0.5,1.0,0.0,0,0,0.0,0.0,0.0,0.0,0.0,0.0,0.0,0.0,0.0,0,0,0,0.5,0.5,0.5,0.5,0.5,0.5,0.5,0.5,0.5,1,0,0,neutral,Unknown,individual,unknown,original,yes,0,0,0,0,0,0,0,0,0,0,0,0
365,4626,913,30664,5.066812705366922,84.01095890410959,0,0,0.5,1.0,0.0,0,0,0.0,0.0,0.0,0.0,0.0,0.0,0.0,0.0,0.0,0,0,0,0.5,0.5,0.5,0.5,0.5,0.5,0.5,0.5,0.5,1,0,0,neutral,Unknown,individual,unknown,original,yes,0,0,0,0,0,0,0,0,0,0,0,0
365,252403,272,33064,927.9522058823529,90.58630136986301,0,0,0.5,1.0,0.0,0,0,0.0,0.0,0.0,0.0,0.0,0.0,0.0,0.0,0.0,0,0,0,0.5,0.5,0.5,0.4,0.5,0.5,0.5,0.4600000000000001,0.5,1,0,0,neutral,Unknown,individual,unknown,original,yes,0,0,0,0,0,0,0,0,0,0,0,0
365,90455,334,15876,270.82335329341316,43.49589041095891,0,0,0.5,1.0,0.0,0,0,0.0,0.0,0.0,0.0,0.0,0.0,0.0,0.0,0.0,0,0,0,0.5,0.5,0.5,0.4,0.5,0.5,0.5,0.4600000000000001,0.5,1,0,0,neutral,Unknown,individual,unknown,original,yes,0,0,0,0,0,0,0,0,0,0,0,0
365,176204,75964,150727,2.3195724290453374,412.9506849315068,0,0,0.5,1.0,0.0,0,0,0.0,0.0,0.0,0.0,0.0,0.0,0.0,0.0,0.0,0,0,0,0.5,0.5,0.5,0.5,0.5,0.5,0.5,0.5,0.5,1,0,0,neutral,Unknown,individual,unknown,original,yes,0,0,0,0,0,0,0,0,0,0,0,0
365,8022,3641,13979,2.203240867893436,38.298630136986304,0,0,0.5,1.0,0.0,0,0,0.0,0.0,0.0,0.0,0.0,0.0,0.0,0.0,0.0,0,0,0,0.5,0.5,0.5,0.5,0.5,0.5,0.5,0.5,0.5,1,0,0,neutral,Unknown,individual,unknown,original,yes,0,0,0,0,0,0,0,0,0,0,0,0
365,263635,553,219859,476.7359855334539,602.3534246575342,0,0,0.5,1.0,0.0,0,0,0.0,0.0,0.0,0.0,0.0,0.0,0.0,0.0,0.0,0,0,0,0.5,0.5,0.5,0.4,0.5,0.5,0.5,0.4600000000000001,0.5,1,0,0,neutral,Unknown,individual,unknown,original,yes,0,0,0,0,0,0,0,0,0,0,0,0
365,3308,3122,4531,1.059577194106342,12.413698630136986,0,0,0.5,1.0,0.0,0,0,0.0,0.0,0.0,0.0,0.0,0.0,0.0,0.0,0.0,0,0,0,0.5,0.5,0.5,0.5,0.5,0.5,0.5,0.5,0.5,1,0,0,neutral,Unknown,individual,unknown,original,yes,0,0,0,0,0,0,0,0,0,0,0,0
365,3121,1019,10832,3.0628066732090287,29.676712328767124,0,0,0.5,1.0,0.0,0,0,0.0,0.0,0.0,0.0,0.0,0.0,0.0,0.0,0.0,0,0,0,0.5,0.5,0.5,0.5,0.5,0.5,0.5,0.5,0.5,1,0,0,neutral,Unknown,individual,unknown,original,yes,0,0,0,0,0,0,0,0,0,0,0,0
365,2835,1246,13533,2.2752808988764044,37.07671232876712,0,0,0.5,1.0,0.0,0,0,0.0,0.0,0.0,0.0,0.0,0.0,0.0,0.0,0.0,0,0,0,0.5,0.5,0.5,0.5,0.5,0.5,0.5,0.5,0.5,1,0,0,neutral,Unknown,individual,unknown,original,yes,0,0,0,0,0,0,0,0,0,0,0,0
365,15112,235,3677,64.3063829787234,10.073972602739726,0,0,0.5,1.0,0.0,0,0,0.0,0.0,0.0,0.0,0.0,0.0,0.0,0.0,0.0,0,0,0,0.5,0.5,0.5,0.5,0.5,0.5,0.5,0.5,0.5,1,0,0,neutral,Unknown,individual,unknown,original,yes,0,0,0,0,0,0,0,0,0,0,0,0
365,36078,882,53723,40.904761904761905,147.186301369863,0,0,0.5,1.0,0.0,0,0,0.0,0.0,0.0,0.0,0.0,0.0,0.0,0.0,0.0,0,0,0,0.5,0.5,0.5,0.5,0.5,0.5,0.5,0.5,0.5,1,0,0,neutral,Unknown,individual,unknown,original,yes,0,0,0,0,0,0,0,0,0,0,0,0
365,11824,954,112068,12.39412997903564,307.03561643835616,0,0,0.5,1.0,0.0,0,0,0.0,0.0,0.0,0.0,0.0,0.0,0.0,0.0,0.0,0,0,0,0.5,0.5,0.5,0.5,0.5,0.5,0.5,0.5,0.5,1,0,0,neutral,Unknown,individual,unknown,original,yes,0,0,0,0,0,0,0,0,0,0,0,0
365,6927,3959,30981,1.7496842637029553,84.87945205479453,0,0,0.5,1.0,0.0,0,0,0.0,0.0,0.0,0.0,0.0,0.0,0.0,0.0,0.0,0,0,0,0.5,0.5,0.5,0.5,0.5,0.5,0.5,0.5,0.5,1,0,0,neutral,Unknown,individual,unknown,original,yes,0,0,0,0,0,0,0,0,0,0,0,0
365,31668,196,13032,161.57142857142858,35.704109589041096,0,0,0.5,1.0,0.0,0,0,0.0,0.0,0.0,0.0,0.0,0.0,0.0,0.0,0.0,0,0,0,0.5,0.5,0.5,0.4,0.5,0.5,0.5,0.4600000000000001,0.5,1,0,0,neutral,Unknown,individual,unknown,original,yes,0,0,0,0,0,0,0,0,0,0,0,0
365,791187,3087,86628,256.2964042759961,237.33698630136988,0,0,0.5,1.0,0.0,0,0,0.0,0.0,0.0,0.0,0.0,0.0,0.0,0.0,0.0,0,0,0,0.5,0.5,0.5,0.4,0.5,0.5,0.5,0.4600000000000001,0.5,1,0,0,neutral,Unknown,individual,unknown,original,yes,0,0,0,0,0,0,0,0,0,0,0,0
365,8943,299,46044,29.909698996655518,126.14794520547945,0,0,0.5,1.0,0.0,0,0,0.0,0.0,0.0,0.0,0.0,0.0,0.0,0.0,0.0,0,0,0,0.5,0.5,0.5,0.5,0.5,0.5,0.5,0.5,0.5,1,0,0,neutral,Unknown,individual,unknown,original,yes,0,0,0,0,0,0,0,0,0,0,0,0
365,4392,1152,10163,3.8125,27.843835616438355,0,0,0.5,1.0,0.0,0,0,0.0,0.0,0.0,0.0,0.0,0.0,0.0,0.0,0.0,0,0,0,0.5,0.5,0.5,0.5,0.5,0.5,0.5,0.5,0.5,1,0,0,neutral,Unknown,individual,unknown,original,yes,0,0,0,0,0,0,0,0,0,0,0,0
365,22430,760,4510,29.513157894736842,12.356164383561644,0,0,0.5,1.0,0.0,0,0,0.0,0.0,0.0,0.0,0.0,0.0,0.0,0.0,0.0,0,0,0,0.5,0.5,0.5,0.5,0.5,0.5,0.5,0.5,0.5,1,0,0,neutral,Unknown,individual,unknown,original,yes,0,0,0,0,0,0,0,0,0,0,0,0
365,34297,1813,15833,18.91726420297849,43.37808219178082,0,0,0.5,1.0,0.0,0,0,0.0,0.0,0.0,0.0,0.0,0.0,0.0,0.0,0.0,0,0,0,0.5,0.5,0.5,0.5,0.5,0.5,0.5,0.5,0.5,1,0,0,neutral,Unknown,individual,unknown,original,yes,0,0,0,0,0,0,0,0,0,0,0,0
365,6821,4884,6131,1.3966011466011465,16.797260273972604,0,0,0.5,1.0,0.0,0,0,0.0,0.0,0.0,0.0,0.0,0.0,0.0,0.0,0.0,0,0,0,0.5,0.5,0.5,0.5,0.5,0.5,0.5,0.5,0.5,1,0,0,neutral,Unknown,individual,unknown,original,yes,0,0,0,0,0,0,0,0,0,0,0,0
365,20921,3138,8028,6.666985340981517,21.994520547945207,0,0,0.5,1.0,0.0,0,0,0.0,0.0,0.0,0.0,0.0,0.0,0.0,0.0,0.0,0,0,0,0.5,0.5,0.5,0.5,0.5,0.5,0.5,0.5,0.5,1,0,0,neutral,Unknown,individual,unknown,original,yes,0,0,0,0,0,0,0,0,0,0,0,0
365,23288,2720,36080,8.561764705882354,98.84931506849315,0,0,0.5,1.0,0.0,0,0,0.0,0.0,0.0,0.0,0.0,0.0,0.0,0.0,0.0,0,0,0,0.5,0.5,0.5,0.5,0.5,0.5,0.5,0.5,0.5,1,0,0,neutral,Unknown,individual,unknown,original,yes,0,0,0,0,0,0,0,0,0,0,0,0
365,7075,224,44589,31.584821428571427,122.16164383561645,0,0,0.5,1.0,0.0,0,0,0.0,0.0,0.0,0.0,0.0,0.0,0.0,0.0,0.0,0,0,0,0.5,0.5,0.5,0.5,0.5,0.5,0.5,0.5,0.5,1,0,0,neutral,Unknown,individual,unknown,original,yes,0,0,0,0,0,0,0,0,0,0,0,0
365,14514,4985,13979,2.9115346038114343,38.298630136986304,0,0,0.5,1.0,0.0,0,0,0.0,0.0,0.0,0.0,0.0,0.0,0.0,0.0,0.0,0,0,0,0.5,0.5,0.5,0.5,0.5,0.5,0.5,0.5,0.5,1,0,0,neutral,Unknown,individual,unknown,original,yes,0,0,0,0,0,0,0,0,0,0,0,0
365,172504,3959,9957,43.57261934832028,27.279452054794522,0,0,0.5,1.0,0.0,0,0,0.0,0.0,0.0,0.0,0.0,0.0,0.0,0.0,0.0,0,0,0,0.5,0.5,0.5,0.5,0.5,0.5,0.5,0.5,0.5,1,0,0,neutral,Unknown,individual,unknown,original,yes,0,0,0,0,0,0,0,0,0,0,0,0
365,6500,532,15577,12.218045112781954,42.676712328767124,0,0,0.5,1.0,0.0,0,0,0.0,0.0,0.0,0.0,0.0,0.0,0.0,0.0,0.0,0,0,0,0.5,0.5,0.5,0.5,0.5,0.5,0.5,0.5,0.5,1,0,0,neutral,Unknown,individual,unknown,original,yes,0,0,0,0,0,0,0,0,0,0,0,0
365,135737,893,5373,152.00111982082868,14.72054794520548,0,0,0.5,1.0,0.0,0,0,0.0,0.0,0.0,0.0,0.0,0.0,0.0,0.0,0.0,0,0,0,0.5,0.5,0.5,0.4,0.5,0.5,0.5,0.4600000000000001,0.5,1,0,0,neutral,Unknown,individual,unknown,original,yes,0,0,0,0,0,0,0,0,0,0,0,0
365,12611,999,21175,12.623623623623624,58.013698630136986,0,0,0.5,1.0,0.0,0,0,0.0,0.0,0.0,0.0,0.0,0.0,0.0,0.0,0.0,0,0,0,0.5,0.5,0.5,0.5,0.5,0.5,0.5,0.5,0.5,1,0,0,neutral,Unknown,individual,unknown,original,yes,0,0,0,0,0,0,0,0,0,0,0,0
365,337536,2895,100986,116.59274611398963,276.67397260273975,0,0,0.5,1.0,0.0,0,0,0.0,0.0,0.0,0.0,0.0,0.0,0.0,0.0,0.0,0,0,0,0.5,0.5,0.5,0.4,0.5,0.5,0.5,0.4600000000000001,0.5,1,0,0,neutral,Unknown,individual,unknown,original,yes,0,0,0,0,0,0,0,0,0,0,0,0
365,98893,26,9702,3803.576923076923,26.58082191780822,0,0,0.5,1.0,0.0,0,0,0.0,0.0,0.0,0.0,0.0,0.0,0.0,0.0,0.0,0,0,0,0.5,0.5,0.5,0.4,0.5,0.5,0.5,0.4600000000000001,0.5,1,0,0,neutral,Unknown,individual,unknown,original,yes,0,0,0,0,0,0,0,0,0,0,0,0
365,151407,12,102617,12617.25,281.14246575342463,0,0,0.5,1.0,0.0,0,0,0.0,0.0,0.0,0.0,0.0,0.0,0.0,0.0,0.0,0,0,0,0.5,0.5,0.5,0.4,0.5,0.5,0.5,0.4600000000000001,0.5,1,0,0,neutral,Unknown,individual,unknown,original,yes,0,0,0,0,0,0,0,0,0,0,0,0
365,9165,1346,24349,6.8090638930163445,66.7095890410959,0,0,0.5,1.0,0.0,0,0,0.0,0.0,0.0,0.0,0.0,0.0,0.0,0.0,0.0,0,0,0,0.5,0.5,0.5,0.5,0.5,0.5,0.5,0.5,0.5,1,0,0,neutral,Unknown,individual,unknown,original,yes,0,0,0,0,0,0,0,0,0,0,0,0
365,3591,378,9408,9.5,25.775342465753425,0,0,0.5,1.0,0.0,0,0,0.0,0.0,0.0,0.0,0.0,0.0,0.0,0.0,0.0,0,0,0,0.5,0.5,0.5,0.5,0.5,0.5,0.5,0.5,0.5,1,0,0,neutral,Unknown,individual,unknown,original,yes,0,0,0,0,0,0,0,0,0,0,0,0
365,5485,1975,10375,2.777215189873418,28.424657534246574,0,0,0.5,1.0,0.0,0,0,0.0,0.0,0.0,0.0,0.0,0.0,0.0,0.0,0.0,0,0,0,0.5,0.5,0.5,0.5,0.5,0.5,0.5,0.5,0.5,1,0,0,neutral,Unknown,individual,unknown,original,yes,0,0,0,0,0,0,0,0,0,0,0,0
365,14818,3870,24630,3.8289405684754523,67.47945205479452,0,0,0.5,1.0,0.0,0,0,0.0,0.0,0.0,0.0,0.0,0.0,0.0,0.0,0.0,0,0,0,0.5,0.5,0.5,0.5,0.5,0.5,0.5,0.5,0.5,1,0,0,neutral,Unknown,individual,unknown,original,yes,0,0,0,0,0,0,0,0,0,0,0,0
365,1286,984,1253,1.306910569105691,3.4328767123287673,0,0,0.5,1.0,0.0,0,0,0.0,0.0,0.0,0.0,0.0,0.0,0.0,0.0,0.0,0,0,0,0.5,0.5,0.5,0.5,0.5,0.5,0.5,0.5,0.5,1,0,0,neutral,Unknown,individual,unknown,original,yes,0,0,0,0,0,0,0,0,0,0,0,0
365,486589,61,717,7976.868852459016,1.9643835616438357,0,0,0.5,1.0,0.0,0,0,0.0,0.0,0.0,0.0,0.0,0.0,0.0,0.0,0.0,0,0,0,0.5,0.5,0.5,0.4,0.5,0.5,0.5,0.4600000000000001,0.5,1,0,0,neutral,Unknown,individual,unknown,original,yes,0,0,0,0,0,0,0,0,0,0,0,0
365,161520,2052,12449,78.71345029239767,34.106849315068494,0,0,0.5,1.0,0.0,0,0,0.0,0.0,0.0,0.0,0.0,0.0,0.0,0.0,0.0,0,0,0,0.5,0.5,0.5,0.5,0.5,0.5,0.5,0.5,0.5,1,0,0,neutral,Unknown,individual,unknown,original,yes,0,0,0,0,0,0,0,0,0,0,0,0
365,14803,383,3101,38.65013054830287,8.495890410958904,0,0,0.5,1.0,0.0,0,0,0.0,0.0,0.0,0.0,0.0,0.0,0.0,0.0,0.0,0,0,0,0.5,0.5,0.5,0.5,0.5,0.5,0.5,0.5,0.5,1,0,0,neutral,Unknown,individual,unknown,original,yes,0,0,0,0,0,0,0,0,0,0,0,0
365,48496,1256,20319,38.611464968152866,55.66849315068493,0,0,0.5,1.0,0.0,0,0,0.0,0.0,0.0,0.0,0.0,0.0,0.0,0.0,0.0,0,0,0,0.5,0.5,0.5,0.5,0.5,0.5,0.5,0.5,0.5,1,0,0,neutral,Unknown,individual,unknown,original,yes,0,0,0,0,0,0,0,0,0,0,0,0
365,2591,448,30075,5.783482142857143,82.3972602739726,0,0,0.5,1.0,0.0,0,0,0.0,0.0,0.0,0.0,0.0,0.0,0.0,0.0,0.0,0,0,0,0.5,0.5,0.5,0.5,0.5,0.5,0.5,0.5,0.5,1,0,0,neutral,Unknown,individual,unknown,original,yes,0,0,0,0,0,0,0,0,0,0,0,0
365,15002,15032,18441,0.9980042575838212,50.52328767123288,0,0,0.5,1.0,0.0,0,0,0.0,0.0,0.0,0.0,0.0,0.0,0.0,0.0,0.0,0,0,0,0.5,0.5,0.5,0.5,0.5,0.5,0.5,0.5,0.5,1,0,0,neutral,Unknown,individual,unknown,original,yes,0,0,0,0,0,0,0,0,0,0,0,0
365,306623,348,19867,881.1005747126437,54.43013698630137,0,0,0.5,1.0,0.0,0,0,0.0,0.0,0.0,0.0,0.0,0.0,0.0,0.0,0.0,0,0,0,0.5,0.5,0.5,0.4,0.5,0.5,0.5,0.4600000000000001,0.5,1,0,0,neutral,Unknown,individual,unknown,original,yes,0,0,0,0,0,0,0,0,0,0,0,0
365,9409,3659,21432,2.5714676141022137,58.71780821917808,0,0,0.5,1.0,0.0,0,0,0.0,0.0,0.0,0.0,0.0,0.0,0.0,0.0,0.0,0,0,0,0.5,0.5,0.5,0.5,0.5,0.5,0.5,0.5,0.5,1,0,0,neutral,Unknown,individual,unknown,original,yes,0,0,0,0,0,0,0,0,0,0,0,0
365,14833,2570,46582,5.7715953307392995,127.62191780821918,0,0,0.5,1.0,0.0,0,0,0.0,0.0,0.0,0.0,0.0,0.0,0.0,0.0,0.0,0,0,0,0.5,0.5,0.5,0.5,0.5,0.5,0.5,0.5,0.5,1,0,0,neutral,Unknown,individual,unknown,original,yes,0,0,0,0,0,0,0,0,0,0,0,0
365,37270,1000,6924,37.27,18.96986301369863,0,0,0.5,1.0,0.0,0,0,0.0,0.0,0.0,0.0,0.0,0.0,0.0,0.0,0.0,0,0,0,0.5,0.5,0.5,0.5,0.5,0.5,0.5,0.5,0.5,1,0,0,neutral,Unknown,individual,unknown,original,yes,0,0,0,0,0,0,0,0,0,0,0,0
365,3810,196,5595,19.43877551020408,15.32876712328767,0,0,0.5,1.0,0.0,0,0,0.0,0.0,0.0,0.0,0.0,0.0,0.0,0.0,0.0,0,0,0,0.5,0.5,0.5,0.5,0.5,0.5,0.5,0.5,0.5,1,0,0,neutral,Unknown,individual,unknown,original,yes,0,0,0,0,0,0,0,0,0,0,0,0
365,8848,1276,45077,6.934169278996865,123.4986301369863,0,0,0.5,1.0,0.0,0,0,0.0,0.0,0.0,0.0,0.0,0.0,0.0,0.0,0.0,0,0,0,0.5,0.5,0.5,0.5,0.5,0.5,0.5,0.5,0.5,1,0,0,neutral,Unknown,individual,unknown,original,yes,0,0,0,0,0,0,0,0,0,0,0,0
365,1122,884,2108,1.2692307692307692,5.7753424657534245,0,0,0.5,1.0,0.0,0,0,0.0,0.0,0.0,0.0,0.0,0.0,0.0,0.0,0.0,0,0,0,0.5,0.5,0.5,0.5,0.5,0.5,0.5,0.5,0.5,1,0,0,neutral,Unknown,individual,unknown,original,yes,0,0,0,0,0,0,0,0,0,0,0,0
365,14088,1760,2366,8.004545454545454,6.482191780821918,0,0,0.5,1.0,0.0,0,0,0.0,0.0,0.0,0.0,0.0,0.0,0.0,0.0,0.0,0,0,0,0.5,0.5,0.5,0.5,0.5,0.5,0.5,0.5,0.5,1,0,0,neutral,Unknown,individual,unknown,original,yes,0,0,0,0,0,0,0,0,0,0,0,0
365,3713,583,20022,6.368782161234991,54.85479452054795,0,0,0.5,1.0,0.0,0,0,0.0,0.0,0.0,0.0,0.0,0.0,0.0,0.0,0.0,0,0,0,0.5,0.5,0.5,0.5,0.5,0.5,0.5,0.5,0.5,1,0,0,neutral,Unknown,individual,unknown,original,yes,0,0,0,0,0,0,0,0,0,0,0,0
365,1530,1473,39402,1.0386965376782078,107.95068493150686,0,0,0.5,1.0,0.0,0,0,0.0,0.0,0.0,0.0,0.0,0.0,0.0,0.0,0.0,0,0,0,0.5,0.5,0.5,0.5,0.5,0.5,0.5,0.5,0.5,1,0,0,neutral,Unknown,individual,unknown,original,yes,0,0,0,0,0,0,0,0,0,0,0,0
365,1458,1563,3275,0.9328214971209213,8.972602739726028,0,0,0.5,1.0,0.0,0,0,0.0,0.0,0.0,0.0,0.0,0.0,0.0,0.0,0.0,0,0,0,0.5,0.5,0.5,0.5,0.5,0.5,0.5,0.5,0.5,1,0,0,neutral,Unknown,individual,unknown,original,yes,0,0,0,0,0,0,0,0,0,0,0,0
365,6226,522,3107,11.9272030651341,8.512328767123288,0,0,0.5,1.0,0.0,0,0,0.0,0.0,0.0,0.0,0.0,0.0,0.0,0.0,0.0,0,0,0,0.5,0.5,0.5,0.5,0.5,0.5,0.5,0.5,0.5,1,0,0,neutral,Unknown,individual,unknown,original,yes,0,0,0,0,0,0,0,0,0,0,0,0
365,39510,2169,17358,18.21576763485477,47.556164383561644,0,0,0.5,1.0,0.0,0,0,0.0,0.0,0.0,0.0,0.0,0.0,0.0,0.0,0.0,0,0,0,0.5,0.5,0.5,0.5,0.5,0.5,0.5,0.5,0.5,1,0,0,neutral,Unknown,individual,unknown,original,yes,0,0,0,0,0,0,0,0,0,0,0,0
365,76013,4694,44234,16.193651469961654,121.18904109589042,0,0,0.5,1.0,0.0,0,0,0.0,0.0,0.0,0.0,0.0,0.0,0.0,0.0,0.0,0,0,0,0.5,0.5,0.5,0.5,0.5,0.5,0.5,0.5,0.5,1,0,0,neutral,Unknown,individual,unknown,original,yes,0,0,0,0,0,0,0,0,0,0,0,0
365,9241,951,12119,9.717139852786541,33.202739726027396,0,0,0.5,1.0,0.0,0,0,0.0,0.0,0.0,0.0,0.0,0.0,0.0,0.0,0.0,0,0,0,0.5,0.5,0.5,0.5,0.5,0.5,0.5,0.5,0.5,1,0,0,neutral,Unknown,individual,unknown,original,yes,0,0,0,0,0,0,0,0,0,0,0,0
365,17286,242,14002,71.4297520661157,38.36164383561644,0,0,0.5,1.0,0.0,0,0,0.0,0.0,0.0,0.0,0.0,0.0,0.0,0.0,0.0,0,0,0,0.5,0.5,0.5,0.5,0.5,0.5,0.5,0.5,0.5,1,0,0,neutral,Unknown,individual,unknown,original,yes,0,0,0,0,0,0,0,0,0,0,0,0
365,366201,796,18662,460.05150753768845,51.12876712328767,0,0,0.5,1.0,0.0,0,0,0.0,0.0,0.0,0.0,0.0,0.0,0.0,0.0,0.0,0,0,0,0.5,0.5,0.5,0.4,0.5,0.5,0.5,0.4600000000000001,0.5,1,0,0,neutral,Unknown,individual,unknown,original,yes,0,0,0,0,0,0,0,0,0,0,0,0
365,7921,1121,13299,7.066012488849242,36.43561643835616,0,0,0.5,1.0,0.0,0,0,0.0,0.0,0.0,0.0,0.0,0.0,0.0,0.0,0.0,0,0,0,0.5,0.5,0.5,0.5,0.5,0.5,0.5,0.5,0.5,1,0,0,neutral,Unknown,individual,unknown,original,yes,0,0,0,0,0,0,0,0,0,0,0,0
365,2704,1236,9606,2.1877022653721685,26.317808219178083,0,0,0.5,1.0,0.0,0,0,0.0,0.0,0.0,0.0,0.0,0.0,0.0,0.0,0.0,0,0,0,0.5,0.5,0.5,0.5,0.5,0.5,0.5,0.5,0.5,1,0,0,neutral,Unknown,individual,unknown,original,yes,0,0,0,0,0,0,0,0,0,0,0,0
365,877991,1132,6090,775.6104240282685,16.684931506849313,0,0,0.5,1.0,0.0,0,0,0.0,0.0,0.0,0.0,0.0,0.0,0.0,0.0,0.0,0,0,0,0.5,0.5,0.5,0.4,0.5,0.5,0.5,0.4600000000000001,0.5,1,0,0,neutral,Unknown,individual,unknown,original,yes,0,0,0,0,0,0,0,0,0,0,0,0
365,32945,1969,17364,16.731843575418996,47.57260273972603,0,0,0.5,1.0,0.0,0,0,0.0,0.0,0.0,0.0,0.0,0.0,0.0,0.0,0.0,0,0,0,0.5,0.5,0.5,0.5,0.5,0.5,0.5,0.5,0.5,1,0,0,neutral,Unknown,individual,unknown,original,yes,0,0,0,0,0,0,0,0,0,0,0,0
365,2942,817,50264,3.6009791921664625,137.70958904109588,0,0,0.5,1.0,0.0,0,0,0.0,0.0,0.0,0.0,0.0,0.0,0.0,0.0,0.0,0,0,0,0.5,0.5,0.5,0.5,0.5,0.5,0.5,0.5,0.5,1,0,0,neutral,Unknown,individual,unknown,original,yes,0,0,0,0,0,0,0,0,0,0,0,0
365,63964,4586,9412,13.947666812036633,25.786301369863015,0,0,0.5,1.0,0.0,0,0,0.0,0.0,0.0,0.0,0.0,0.0,0.0,0.0,0.0,0,0,0,0.5,0.5,0.5,0.5,0.5,0.5,0.5,0.5,0.5,1,0,0,neutral,Unknown,individual,unknown,original,yes,0,0,0,0,0,0,0,0,0,0,0,0
365,6786,1623,4998,4.181146025878004,13.693150684931506,0,0,0.5,1.0,0.0,0,0,0.0,0.0,0.0,0.0,0.0,0.0,0.0,0.0,0.0,0,0,0,0.5,0.5,0.5,0.5,0.5,0.5,0.5,0.5,0.5,1,0,0,neutral,Unknown,individual,unknown,original,yes,0,0,0,0,0,0,0,0,0,0,0,0
365,940,2370,2353,0.39662447257383965,6.446575342465754,0,0,0.5,1.0,0.0,0,0,0.0,0.0,0.0,0.0,0.0,0.0,0.0,0.0,0.0,0,0,0,0.5,0.5,0.5,0.5,0.5,0.5,0.5,0.5,0.5,1,0,0,neutral,Unknown,individual,unknown,original,yes,0,0,0,0,0,0,0,0,0,0,0,0
365,9222,1315,8038,7.012927756653992,22.02191780821918,0,0,0.5,1.0,0.0,0,0,0.0,0.0,0.0,0.0,0.0,0.0,0.0,0.0,0.0,0,0,0,0.5,0.5,0.5,0.5,0.5,0.5,0.5,0.5,0.5,1,0,0,neutral,Unknown,individual,unknown,original,yes,0,0,0,0,0,0,0,0,0,0,0,0
365,5347,487,27860,10.979466119096509,76.32876712328768,0,0,0.5,1.0,0.0,0,0,0.0,0.0,0.0,0.0,0.0,0.0,0.0,0.0,0.0,0,0,0,0.5,0.5,0.5,0.5,0.5,0.5,0.5,0.5,0.5,1,0,0,neutral,Unknown,individual,unknown,original,yes,0,0,0,0,0,0,0,0,0,0,0,0
365,3165,2823,9320,1.1211477151965994,25.534246575342465,0,0,0.5,1.0,0.0,0,0,0.0,0.0,0.0,0.0,0.0,0.0,0.0,0.0,0.0,0,0,0,0.5,0.5,0.5,0.5,0.5,0.5,0.5,0.5,0.5,1,0,0,neutral,Unknown,individual,unknown,original,yes,0,0,0,0,0,0,0,0,0,0,0,0
365,287805,319,166128,902.2100313479624,455.14520547945204,0,0,0.5,1.0,0.0,0,0,0.0,0.0,0.0,0.0,0.0,0.0,0.0,0.0,0.0,0,0,0,0.5,0.5,0.5,0.4,0.5,0.5,0.5,0.4600000000000001,0.5,1,0,0,neutral,Unknown,individual,unknown,original,yes,0,0,0,0,0,0,0,0,0,0,0,0
365,96462,2001,21717,48.206896551724135,59.4986301369863,0,0,0.5,1.0,0.0,0,0,0.0,0.0,0.0,0.0,0.0,0.0,0.0,0.0,0.0,0,0,0,0.5,0.5,0.5,0.5,0.5,0.5,0.5,0.5,0.5,1,0,0,neutral,Unknown,individual,unknown,original,yes,0,0,0,0,0,0,0,0,0,0,0,0
365,117233,2899,67159,40.43911693687478,183.9972602739726,0,0,0.5,1.0,0.0,0,0,0.0,0.0,0.0,0.0,0.0,0.0,0.0,0.0,0.0,0,0,0,0.5,0.5,0.5,0.5,0.5,0.5,0.5,0.5,0.5,1,0,0,neutral,Unknown,individual,unknown,original,yes,0,0,0,0,0,0,0,0,0,0,0,0
365,28800,620,2058,46.45161290322581,5.638356164383562,0,0,0.5,1.0,0.0,0,0,0.0,0.0,0.0,0.0,0.0,0.0,0.0,0.0,0.0,0,0,0,0.5,0.5,0.5,0.5,0.5,0.5,0.5,0.5,0.5,1,0,0,neutral,Unknown,individual,unknown,original,yes,0,0,0,0,0,0,0,0,0,0,0,0
365,11788,4698,539,2.5091528309919116,1.4767123287671233,0,0,0.5,1.0,0.0,0,0,0.0,0.0,0.0,0.0,0.0,0.0,0.0,0.0,0.0,0,0,0,0.5,0.5,0.5,0.5,0.5,0.5,0.5,0.5,0.5,1,0,0,neutral,Unknown,individual,unknown,original,yes,0,0,0,0,0,0,0,0,0,0,0,0
365,7287,882,2409,8.261904761904763,6.6,0,0,0.5,1.0,0.0,0,0,0.0,0.0,0.0,0.0,0.0,0.0,0.0,0.0,0.0,0,0,0,0.5,0.5,0.5,0.5,0.5,0.5,0.5,0.5,0.5,1,0,0,neutral,Unknown,individual,unknown,original,yes,0,0,0,0,0,0,0,0,0,0,0,0
365,77406,760,12968,101.85,35.52876712328767,0,0,0.5,1.0,0.0,0,0,0.0,0.0,0.0,0.0,0.0,0.0,0.0,0.0,0.0,0,0,0,0.5,0.5,0.5,0.4,0.5,0.5,0.5,0.4600000000000001,0.5,1,0,0,neutral,Unknown,individual,unknown,original,yes,0,0,0,0,0,0,0,0,0,0,0,0
365,191069,1043,50433,183.19175455417067,138.17260273972602,0,0,0.5,1.0,0.0,0,0,0.0,0.0,0.0,0.0,0.0,0.0,0.0,0.0,0.0,0,0,0,0.5,0.5,0.5,0.4,0.5,0.5,0.5,0.4600000000000001,0.5,1,0,0,neutral,Unknown,individual,unknown,original,yes,0,0,0,0,0,0,0,0,0,0,0,0
365,14545,4647,13384,3.1299763288142888,36.66849315068493,0,0,0.5,1.0,0.0,0,0,0.0,0.0,0.0,0.0,0.0,0.0,0.0,0.0,0.0,0,0,0,0.5,0.5,0.5,0.5,0.5,0.5,0.5,0.5,0.5,1,0,0,neutral,Unknown,individual,unknown,original,yes,0,0,0,0,0,0,0,0,0,0,0,0
365,60569,3001,21570,20.182939020326558,59.0958904109589,0,0,0.5,1.0,0.0,0,0,0.0,0.0,0.0,0.0,0.0,0.0,0.0,0.0,0.0,0,0,0,0.5,0.5,0.5,0.5,0.5,0.5,0.5,0.5,0.5,1,0,0,neutral,Unknown,individual,unknown,original,yes,0,0,0,0,0,0,0,0,0,0,0,0
365,9355,8954,11852,1.044784453875363,32.47123287671233,0,0,0.5,1.0,0.0,0,0,0.0,0.0,0.0,0.0,0.0,0.0,0.0,0.0,0.0,0,0,0,0.5,0.5,0.5,0.5,0.5,0.5,0.5,0.5,0.5,1,0,0,neutral,Unknown,individual,unknown,original,yes,0,0,0,0,0,0,0,0,0,0,0,0
365,4184,842,20592,4.9691211401425175,56.416438356164385,0,0,0.5,1.0,0.0,0,0,0.0,0.0,0.0,0.0,0.0,0.0,0.0,0.0,0.0,0,0,0,0.5,0.5,0.5,0.5,0.5,0.5,0.5,0.5,0.5,1,0,0,neutral,Unknown,individual,unknown,original,yes,0,0,0,0,0,0,0,0,0,0,0,0
365,572171,1172,94102,488.20051194539246,257.81369863013697,0,0,0.5,1.0,0.0,0,0,0.0,0.0,0.0,0.0,0.0,0.0,0.0,0.0,0.0,0,0,0,0.5,0.5,0.5,0.4,0.5,0.5,0.5,0.4600000000000001,0.5,1,0,0,neutral,Unknown,individual,unknown,original,yes,0,0,0,0,0,0,0,0,0,0,0,0
365,2664,1021,18782,2.6092066601371204,51.45753424657534,0,0,0.5,1.0,0.0,0,0,0.0,0.0,0.0,0.0,0.0,0.0,0.0,0.0,0.0,0,0,0,0.5,0.5,0.5,0.5,0.5,0.5,0.5,0.5,0.5,1,0,0,neutral,Unknown,individual,unknown,original,yes,0,0,0,0,0,0,0,0,0,0,0,0
365,49870,714,9484,69.84593837535014,25.983561643835618,0,0,0.5,1.0,0.0,0,0,0.0,0.0,0.0,0.0,0.0,0.0,0.0,0.0,0.0,0,0,0,0.5,0.5,0.5,0.5,0.5,0.5,0.5,0.5,0.5,1,0,0,neutral,Unknown,individual,unknown,original,yes,0,0,0,0,0,0,0,0,0,0,0,0
365,2645,2002,6653,1.3211788211788211,18.22739726027397,0,0,0.5,1.0,0.0,0,0,0.0,0.0,0.0,0.0,0.0,0.0,0.0,0.0,0.0,0,0,0,0.5,0.5,0.5,0.5,0.5,0.5,0.5,0.5,0.5,1,0,0,neutral,Unknown,individual,unknown,original,yes,0,0,0,0,0,0,0,0,0,0,0,0
365,24253,4579,11167,5.2965713037781175,30.594520547945205,0,0,0.5,1.0,0.0,0,0,0.0,0.0,0.0,0.0,0.0,0.0,0.0,0.0,0.0,0,0,0,0.5,0.5,0.5,0.5,0.5,0.5,0.5,0.5,0.5,1,0,0,neutral,Unknown,individual,unknown,original,yes,0,0,0,0,0,0,0,0,0,0,0,0
365,11038,7518,13894,1.4682096302208034,38.06575342465754,0,0,0.5,1.0,0.0,0,0,0.0,0.0,0.0,0.0,0.0,0.0,0.0,0.0,0.0,0,0,0,0.5,0.5,0.5,0.5,0.5,0.5,0.5,0.5,0.5,1,0,0,neutral,Unknown,individual,unknown,original,yes,0,0,0,0,0,0,0,0,0,0,0,0
365,9360,2010,8231,4.656716417910448,22.55068493150685,0,0,0.5,1.0,0.0,0,0,0.0,0.0,0.0,0.0,0.0,0.0,0.0,0.0,0.0,0,0,0,0.5,0.5,0.5,0.5,0.5,0.5,0.5,0.5,0.5,1,0,0,neutral,Unknown,individual,unknown,original,yes,0,0,0,0,0,0,0,0,0,0,0,0
365,805,684,5730,1.1769005847953216,15.698630136986301,0,0,0.5,1.0,0.0,0,0,0.0,0.0,0.0,0.0,0.0,0.0,0.0,0.0,0.0,0,0,0,0.5,0.5,0.5,0.5,0.5,0.5,0.5,0.5,0.5,1,0,0,neutral,Unknown,individual,unknown,original,yes,0,0,0,0,0,0,0,0,0,0,0,0
365,49998,195,143199,256.4,392.32602739726025,0,0,0.5,1.0,0.0,0,0,0.0,0.0,0.0,0.0,0.0,0.0,0.0,0.0,0.0,0,0,0,0.5,0.5,0.5,0.4,0.5,0.5,0.5,0.4600000000000001,0.5,1,0,0,neutral,Unknown,individual,unknown,original,yes,0,0,0,0,0,0,0,0,0,0,0,0
365,2325,1136,18998,2.046654929577465,52.04931506849315,0,0,0.5,1.0,0.0,0,0,0.0,0.0,0.0,0.0,0.0,0.0,0.0,0.0,0.0,0,0,0,0.5,0.5,0.5,0.5,0.5,0.5,0.5,0.5,0.5,1,0,0,neutral,Unknown,individual,unknown,original,yes,0,0,0,0,0,0,0,0,0,0,0,0
365,66941,49986,30143,1.339194974592886,82.58356164383562,0,0,0.5,1.0,0.0,0,0,0.0,0.0,0.0,0.0,0.0,0.0,0.0,0.0,0.0,0,0,0,0.5,0.5,0.5,0.5,0.5,0.5,0.5,0.5,0.5,1,0,0,neutral,Unknown,individual,unknown,original,yes,0,0,0,0,0,0,0,0,0,0,0,0
365,1655,1461,6551,1.1327857631759068,17.947945205479453,0,0,0.5,1.0,0.0,0,0,0.0,0.0,0.0,0.0,0.0,0.0,0.0,0.0,0.0,0,0,0,0.5,0.5,0.5,0.5,0.5,0.5,0.5,0.5,0.5,1,0,0,neutral,Unknown,individual,unknown,original,yes,0,0,0,0,0,0,0,0,0,0,0,0
365,7012,1008,2964,6.9563492063492065,8.12054794520548,0,0,0.5,1.0,0.0,0,0,0.0,0.0,0.0,0.0,0.0,0.0,0.0,0.0,0.0,0,0,0,0.5,0.5,0.5,0.5,0.5,0.5,0.5,0.5,0.5,1,0,0,neutral,Unknown,individual,unknown,original,yes,0,0,0,0,0,0,0,0,0,0,0,0
365,5608,2886,4475,1.9431739431739432,12.26027397260274,0,0,0.5,1.0,0.0,0,0,0.0,0.0,0.0,0.0,0.0,0.0,0.0,0.0,0.0,0,0,0,0.5,0.5,0.5,0.5,0.5,0.5,0.5,0.5,0.5,1,0,0,neutral,Unknown,individual,unknown,original,yes,0,0,0,0,0,0,0,0,0,0,0,0
365,10669,3025,12737,3.5269421487603307,34.895890410958906,0,0,0.5,1.0,0.0,0,0,0.0,0.0,0.0,0.0,0.0,0.0,0.0,0.0,0.0,0,0,0,0.5,0.5,0.5,0.5,0.5,0.5,0.5,0.5,0.5,1,0,0,neutral,Unknown,individual,unknown,original,yes,0,0,0,0,0,0,0,0,0,0,0,0
365,15241,5955,53179,2.5593618807724603,145.6958904109589,0,0,0.5,1.0,0.0,0,0,0.0,0.0,0.0,0.0,0.0,0.0,0.0,0.0,0.0,0,0,0,0.5,0.5,0.5,0.5,0.5,0.5,0.5,0.5,0.5,1,0,0,neutral,Unknown,individual,unknown,original,yes,0,0,0,0,0,0,0,0,0,0,0,0
365,4681,2596,25216,1.8031587057010785,69.08493150684932,0,0,0.5,1.0,0.0,0,0,0.0,0.0,0.0,0.0,0.0,0.0,0.0,0.0,0.0,0,0,0,0.5,0.5,0.5,0.5,0.5,0.5,0.5,0.5,0.5,1,0,0,neutral,Unknown,individual,unknown,original,yes,0,0,0,0,0,0,0,0,0,0,0,0
365,2427,1214,5296,1.9991762767710048,14.509589041095891,0,0,0.5,1.0,0.0,0,0,0.0,0.0,0.0,0.0,0.0,0.0,0.0,0.0,0.0,0,0,0,0.5,0.5,0.5,0.5,0.5,0.5,0.5,0.5,0.5,1,0,0,neutral,Unknown,individual,unknown,original,no,0,0,0,0,0,0,0,0,0,0,0,0
365,1803,1368,15550,1.3179824561403508,42.602739726027394,0,0,0.5,1.0,0.0,0,0,0.0,0.0,0.0,0.0,0.0,0.0,0.0,0.0,0.0,0,0,0,0.5,0.5,0.5,0.5,0.5,0.5,0.5,0.5,0.5,1,0,0,neutral,Unknown,individual,unknown,original,yes,0,0,0,0,0,0,0,0,0,0,0,0
365,257963,284,4992,908.3204225352113,13.676712328767124,0,0,0.5,1.0,0.0,0,0,0.0,0.0,0.0,0.0,0.0,0.0,0.0,0.0,0.0,0,0,0,0.5,0.5,0.5,0.4,0.5,0.5,0.5,0.4600000000000001,0.5,1,0,0,neutral,Unknown,individual,unknown,original,yes,0,0,0,0,0,0,0,0,0,0,0,0
365,4458,2233,22163,1.9964173757277206,60.72054794520548,0,0,0.5,1.0,0.0,0,0,0.0,0.0,0.0,0.0,0.0,0.0,0.0,0.0,0.0,0,0,0,0.5,0.5,0.5,0.5,0.5,0.5,0.5,0.5,0.5,1,0,0,neutral,Unknown,individual,unknown,original,yes,0,0,0,0,0,0,0,0,0,0,0,0
365,60053,1380,91978,43.516666666666666,251.9945205479452,0,0,0.5,1.0,0.0,0,0,0.0,0.0,0.0,0.0,0.0,0.0,0.0,0.0,0.0,0,0,0,0.5,0.5,0.5,0.5,0.5,0.5,0.5,0.5,0.5,1,0,0,neutral,Unknown,individual,unknown,original,yes,0,0,0,0,0,0,0,0,0,0,0,0
365,65612,2468,43177,26.58508914100486,118.2931506849315,0,0,0.5,1.0,0.0,0,0,0.0,0.0,0.0,0.0,0.0,0.0,0.0,0.0,0.0,0,0,0,0.5,0.5,0.5,0.5,0.5,0.5,0.5,0.5,0.5,1,0,0,neutral,Unknown,individual,unknown,original,yes,0,0,0,0,0,0,0,0,0,0,0,0
365,5721,1348,13403,4.244065281899109,36.72054794520548,0,0,0.5,1.0,0.0,0,0,0.0,0.0,0.0,0.0,0.0,0.0,0.0,0.0,0.0,0,0,0,0.5,0.5,0.5,0.5,0.5,0.5,0.5,0.5,0.5,1,0,0,neutral,Unknown,individual,unknown,original,yes,0,0,0,0,0,0,0,0,0,0,0,0
365,175182,1048,26741,167.1583969465649,73.26301369863013,0,0,0.5,1.0,0.0,0,0,0.0,0.0,0.0,0.0,0.0,0.0,0.0,0.0,0.0,0,0,0,0.5,0.5,0.5,0.4,0.5,0.5,0.5,0.4600000000000001,0.5,1,0,0,neutral,Unknown,individual,unknown,original,yes,0,0,0,0,0,0,0,0,0,0,0,0
365,6218,916,19604,6.788209606986899,53.70958904109589,0,0,0.5,1.0,0.0,0,0,0.0,0.0,0.0,0.0,0.0,0.0,0.0,0.0,0.0,0,0,0,0.5,0.5,0.5,0.5,0.5,0.5,0.5,0.5,0.5,1,0,0,neutral,Unknown,individual,unknown,original,yes,0,0,0,0,0,0,0,0,0,0,0,0
365,3368,763,6312,4.414154652686763,17.293150684931508,0,0,0.5,1.0,0.0,0,0,0.0,0.0,0.0,0.0,0.0,0.0,0.0,0.0,0.0,0,0,0,0.5,0.5,0.5,0.5,0.5,0.5,0.5,0.5,0.5,1,0,0,neutral,Unknown,individual,unknown,original,yes,0,0,0,0,0,0,0,0,0,0,0,0
365,402790,4841,18030,83.20388349514563,49.397260273972606,0,0,0.5,1.0,0.0,0,0,0.0,0.0,0.0,0.0,0.0,0.0,0.0,0.0,0.0,0,0,0,0.5,0.5,0.5,0.5,0.5,0.5,0.5,0.5,0.5,1,0,0,neutral,Unknown,individual,unknown,original,yes,0,0,0,0,0,0,0,0,0,0,0,0
365,5250,824,7176,6.371359223300971,19.660273972602738,0,0,0.5,1.0,0.0,0,0,0.0,0.0,0.0,0.0,0.0,0.0,0.0,0.0,0.0,0,0,0,0.5,0.5,0.5,0.5,0.5,0.5,0.5,0.5,0.5,1,0,0,neutral,Unknown,individual,unknown,original,yes,0,0,0,0,0,0,0,0,0,0,0,0
365,10828,4652,71229,2.3276010318142735,195.14794520547946,0,0,0.5,1.0,0.0,0,0,0.0,0.0,0.0,0.0,0.0,0.0,0.0,0.0,0.0,0,0,0,0.5,0.5,0.5,0.5,0.5,0.5,0.5,0.5,0.5,1,0,0,neutral,Unknown,individual,unknown,original,yes,0,0,0,0,0,0,0,0,0,0,0,0
365,81572,326,13639,250.22085889570553,37.367123287671234,0,0,0.5,1.0,0.0,0,0,0.0,0.0,0.0,0.0,0.0,0.0,0.0,0.0,0.0,0,0,0,0.5,0.5,0.5,0.4,0.5,0.5,0.5,0.4600000000000001,0.5,1,0,0,neutral,Unknown,individual,unknown,original,yes,0,0,0,0,0,0,0,0,0,0,0,0
365,18849,494,3716,38.15587044534413,10.180821917808219,0,0,0.5,1.0,0.0,0,0,0.0,0.0,0.0,0.0,0.0,0.0,0.0,0.0,0.0,0,0,0,0.5,0.5,0.5,0.5,0.5,0.5,0.5,0.5,0.5,1,0,0,neutral,Unknown,individual,unknown,original,yes,0,0,0,0,0,0,0,0,0,0,0,0
365,16724,3049,11180,5.48507707445064,30.63013698630137,0,0,0.5,1.0,0.0,0,0,0.0,0.0,0.0,0.0,0.0,0.0,0.0,0.0,0.0,0,0,0,0.5,0.5,0.5,0.5,0.5,0.5,0.5,0.5,0.5,1,0,0,neutral,Unknown,individual,unknown,original,yes,0,0,0,0,0,0,0,0,0,0,0,0
365,37142,499,27843,74.43286573146293,76.28219178082192,0,0,0.5,1.0,0.0,0,0,0.0,0.0,0.0,0.0,0.0,0.0,0.0,0.0,0.0,0,0,0,0.5,0.5,0.5,0.5,0.5,0.5,0.5,0.5,0.5,1,0,0,neutral,Unknown,individual,unknown,original,yes,0,0,0,0,0,0,0,0,0,0,0,0
365,38908,2352,30866,16.542517006802722,84.56438356164384,0,0,0.5,1.0,0.0,0,0,0.0,0.0,0.0,0.0,0.0,0.0,0.0,0.0,0.0,0,0,0,0.5,0.5,0.5,0.5,0.5,0.5,0.5,0.5,0.5,1,0,0,neutral,Unknown,individual,unknown,original,yes,0,0,0,0,0,0,0,0,0,0,0,0
365,9658,1760,4261,5.4875,11.673972602739726,0,0,0.5,1.0,0.0,0,0,0.0,0.0,0.0,0.0,0.0,0.0,0.0,0.0,0.0,0,0,0,0.5,0.5,0.5,0.5,0.5,0.5,0.5,0.5,0.5,1,0,0,neutral,Unknown,individual,unknown,original,yes,0,0,0,0,0,0,0,0,0,0,0,0
365,1262,707,3217,1.785007072135785,8.813698630136987,0,0,0.5,1.0,0.0,0,0,0.0,0.0,0.0,0.0,0.0,0.0,0.0,0.0,0.0,0,0,0,0.5,0.5,0.5,0.5,0.5,0.5,0.5,0.5,0.5,1,0,0,neutral,Unknown,individual,unknown,original,yes,0,0,0,0,0,0,0,0,0,0,0,0
365,12310,401,13266,30.698254364089774,36.345205479452055,0,0,0.5,1.0,0.0,0,0,0.0,0.0,0.0,0.0,0.0,0.0,0.0,0.0,0.0,0,0,0,0.5,0.5,0.5,0.5,0.5,0.5,0.5,0.5,0.5,1,0,0,neutral,Unknown,individual,unknown,original,yes,0,0,0,0,0,0,0,0,0,0,0,0
365,2046,747,1760,2.7389558232931726,4.821917808219178,0,0,0.5,1.0,0.0,0,0,0.0,0.0,0.0,0.0,0.0,0.0,0.0,0.0,0.0,0,0,0,0.5,0.5,0.5,0.5,0.5,0.5,0.5,0.5,0.5,1,0,0,neutral,Unknown,individual,unknown,original,yes,0,0,0,0,0,0,0,0,0,0,0,0
365,2535,2418,17358,1.0483870967741935,47.556164383561644,0,0,0.5,1.0,0.0,0,0,0.0,0.0,0.0,0.0,0.0,0.0,0.0,0.0,0.0,0,0,0,0.5,0.5,0.5,0.5,0.5,0.5,0.5,0.5,0.5,1,0,0,neutral,Unknown,individual,unknown,original,yes,0,0,0,0,0,0,0,0,0,0,0,0
365,1036,1035,2164,1.0009661835748793,5.928767123287671,0,0,0.5,1.0,0.0,0,0,0.0,0.0,0.0,0.0,0.0,0.0,0.0,0.0,0.0,0,0,0,0.5,0.5,0.5,0.5,0.5,0.5,0.5,0.5,0.5,1,0,0,neutral,Unknown,individual,unknown,original,yes,0,0,0,0,0,0,0,0,0,0,0,0
365,88814,107,4545,830.0373831775701,12.452054794520548,0,0,0.5,1.0,0.0,0,0,0.0,0.0,0.0,0.0,0.0,0.0,0.0,0.0,0.0,0,0,0,0.5,0.5,0.5,0.4,0.5,0.5,0.5,0.4600000000000001,0.5,1,0,0,neutral,Unknown,individual,unknown,original,yes,0,0,0,0,0,0,0,0,0,0,0,0
365,3157,233,817,13.549356223175966,2.2383561643835614,0,0,0.5,1.0,0.0,0,0,0.0,0.0,0.0,0.0,0.0,0.0,0.0,0.0,0.0,0,0,0,0.5,0.5,0.5,0.5,0.5,0.5,0.5,0.5,0.5,1,0,0,neutral,Unknown,individual,unknown,original,yes,0,0,0,0,0,0,0,0,0,0,0,0
365,16388,508,7534,32.25984251968504,20.64109589041096,0,0,0.5,1.0,0.0,0,0,0.0,0.0,0.0,0.0,0.0,0.0,0.0,0.0,0.0,0,0,0,0.5,0.5,0.5,0.5,0.5,0.5,0.5,0.5,0.5,1,0,0,neutral,Unknown,individual,unknown,original,yes,0,0,0,0,0,0,0,0,0,0,0,0
365,5572,423,3516,13.1725768321513,9.632876712328768,0,0,0.5,1.0,0.0,0,0,0.0,0.0,0.0,0.0,0.0,0.0,0.0,0.0,0.0,0,0,0,0.5,0.5,0.5,0.5,0.5,0.5,0.5,0.5,0.5,1,0,0,neutral,Unknown,individual,unknown,original,yes,0,0,0,0,0,0,0,0,0,0,0,0
365,7118,1403,6829,5.073414112615823,18.70958904109589,0,0,0.5,1.0,0.0,0,0,0.0,0.0,0.0,0.0,0.0,0.0,0.0,0.0,0.0,0,0,0,0.5,0.5,0.5,0.5,0.5,0.5,0.5,0.5,0.5,1,0,0,neutral,Unknown,individual,unknown,original,yes,0,0,0,0,0,0,0,0,0,0,0,0
365,13581,4126,5715,3.291565681047019,15.657534246575343,0,0,0.5,1.0,0.0,0,0,0.0,0.0,0.0,0.0,0.0,0.0,0.0,0.0,0.0,0,0,0,0.5,0.5,0.5,0.5,0.5,0.5,0.5,0.5,0.5,1,0,0,neutral,Unknown,individual,unknown,original,yes,0,0,0,0,0,0,0,0,0,0,0,0
365,11772,2592,27003,4.541666666666667,73.98082191780821,0,0,0.5,1.0,0.0,0,0,0.0,0.0,0.0,0.0,0.0,0.0,0.0,0.0,0.0,0,0,0,0.5,0.5,0.5,0.5,0.5,0.5,0.5,0.5,0.5,1,0,0,neutral,Unknown,individual,unknown,original,yes,0,0,0,0,0,0,0,0,0,0,0,0
365,2754,1014,8167,2.7159763313609466,22.375342465753423,0,0,0.5,1.0,0.0,0,0,0.0,0.0,0.0,0.0,0.0,0.0,0.0,0.0,0.0,0,0,0,0.5,0.5,0.5,0.5,0.5,0.5,0.5,0.5,0.5,1,0,0,neutral,Unknown,individual,unknown,original,yes,0,0,0,0,0,0,0,0,0,0,0,0
365,140257,554,31791,253.17148014440434,87.0986301369863,0,0,0.5,1.0,0.0,0,0,0.0,0.0,0.0,0.0,0.0,0.0,0.0,0.0,0.0,0,0,0,0.5,0.5,0.5,0.4,0.5,0.5,0.5,0.4600000000000001,0.5,1,0,0,neutral,Unknown,individual,unknown,original,yes,0,0,0,0,0,0,0,0,0,0,0,0
365,105005,730,220775,143.84246575342465,604.8630136986301,0,0,0.5,1.0,0.0,0,0,0.0,0.0,0.0,0.0,0.0,0.0,0.0,0.0,0.0,0,0,0,0.5,0.5,0.5,0.4,0.5,0.5,0.5,0.4600000000000001,0.5,1,0,0,neutral,Unknown,individual,unknown,original,yes,0,0,0,0,0,0,0,0,0,0,0,0
365,13680,12134,192971,1.1274105818361628,528.6876712328767,0,0,0.5,1.0,0.0,0,0,0.0,0.0,0.0,0.0,0.0,0.0,0.0,0.0,0.0,0,0,0,0.5,0.5,0.5,0.5,0.5,0.5,0.5,0.5,0.5,1,0,0,neutral,Unknown,individual,unknown,original,yes,0,0,0,0,0,0,0,0,0,0,0,0
365,173494,966,23992,179.60041407867496,65.73150684931507,0,0,0.5,1.0,0.0,0,0,0.0,0.0,0.0,0.0,0.0,0.0,0.0,0.0,0.0,0,0,0,0.5,0.5,0.5,0.4,0.5,0.5,0.5,0.4600000000000001,0.5,1,0,0,neutral,Unknown,individual,unknown,original,yes,0,0,0,0,0,0,0,0,0,0,0,0
365,35811,3581,10111,10.000279251605697,27.7013698630137,0,0,0.5,1.0,0.0,0,0,0.0,0.0,0.0,0.0,0.0,0.0,0.0,0.0,0.0,0,0,0,0.5,0.5,0.5,0.5,0.5,0.5,0.5,0.5,0.5,1,0,0,neutral,Unknown,individual,unknown,original,yes,0,0,0,0,0,0,0,0,0,0,0,0
365,2175,1475,23257,1.4745762711864407,63.71780821917808,0,0,0.5,1.0,0.0,0,0,0.0,0.0,0.0,0.0,0.0,0.0,0.0,0.0,0.0,0,0,0,0.5,0.5,0.5,0.5,0.5,0.5,0.5,0.5,0.5,1,0,0,neutral,Unknown,individual,unknown,original,yes,0,0,0,0,0,0,0,0,0,0,0,0
365,32789,1842,12014,17.800760043431055,32.915068493150685,0,0,0.5,1.0,0.0,0,0,0.0,0.0,0.0,0.0,0.0,0.0,0.0,0.0,0.0,0,0,0,0.5,0.5,0.5,0.5,0.5,0.5,0.5,0.5,0.5,1,0,0,neutral,Unknown,individual,unknown,original,yes,0,0,0,0,0,0,0,0,0,0,0,0
365,236787,478,12023,495.3702928870293,32.93972602739726,0,0,0.5,1.0,0.0,0,0,0.0,0.0,0.0,0.0,0.0,0.0,0.0,0.0,0.0,0,0,0,0.5,0.5,0.5,0.4,0.5,0.5,0.5,0.4600000000000001,0.5,1,0,0,neutral,Unknown,individual,unknown,original,yes,0,0,0,0,0,0,0,0,0,0,0,0
365,13519,4978,20472,2.715749296906388,56.087671232876716,0,0,0.5,1.0,0.0,0,0,0.0,0.0,0.0,0.0,0.0,0.0,0.0,0.0,0.0,0,0,0,0.5,0.5,0.5,0.5,0.5,0.5,0.5,0.5,0.5,1,0,0,neutral,Unknown,individual,unknown,original,yes,0,0,0,0,0,0,0,0,0,0,0,0
365,48584,2381,22011,20.40487190256195,60.3041095890411,0,0,0.5,1.0,0.0,0,0,0.0,0.0,0.0,0.0,0.0,0.0,0.0,0.0,0.0,0,0,0,0.5,0.5,0.5,0.5,0.5,0.5,0.5,0.5,0.5,1,0,0,neutral,Unknown,individual,unknown,original,yes,0,0,0,0,0,0,0,0,0,0,0,0
365,9227,2273,10240,4.059392872855257,28.054794520547944,0,0,0.5,1.0,0.0,0,0,0.0,0.0,0.0,0.0,0.0,0.0,0.0,0.0,0.0,0,0,0,0.5,0.5,0.5,0.5,0.5,0.5,0.5,0.5,0.5,1,0,0,neutral,Unknown,individual,unknown,original,yes,0,0,0,0,0,0,0,0,0,0,0,0
365,37991,5426,46562,7.001658680427571,127.56712328767124,0,0,0.5,1.0,0.0,0,0,0.0,0.0,0.0,0.0,0.0,0.0,0.0,0.0,0.0,0,0,0,0.5,0.5,0.5,0.5,0.5,0.5,0.5,0.5,0.5,1,0,0,neutral,Unknown,individual,unknown,original,yes,0,0,0,0,0,0,0,0,0,0,0,0
365,3619,1522,5999,2.3777923784494086,16.435616438356163,0,0,0.5,1.0,0.0,0,0,0.0,0.0,0.0,0.0,0.0,0.0,0.0,0.0,0.0,0,0,0,0.5,0.5,0.5,0.5,0.5,0.5,0.5,0.5,0.5,1,0,0,neutral,Unknown,individual,unknown,original,yes,0,0,0,0,0,0,0,0,0,0,0,0
365,7580,2003,15352,3.784323514727908,42.06027397260274,0,0,0.5,1.0,0.0,0,0,0.0,0.0,0.0,0.0,0.0,0.0,0.0,0.0,0.0,0,0,0,0.5,0.5,0.5,0.5,0.5,0.5,0.5,0.5,0.5,1,0,0,neutral,Unknown,individual,unknown,original,yes,0,0,0,0,0,0,0,0,0,0,0,0
365,120267,736,34533,163.40625,94.6109589041096,0,0,0.5,1.0,0.0,0,0,0.0,0.0,0.0,0.0,0.0,0.0,0.0,0.0,0.0,0,0,0,0.5,0.5,0.5,0.4,0.5,0.5,0.5,0.4600000000000001,0.5,1,0,0,neutral,Unknown,individual,unknown,original,yes,0,0,0,0,0,0,0,0,0,0,0,0
365,4600,1081,6912,4.25531914893617,18.936986301369863,0,0,0.5,1.0,0.0,0,0,0.0,0.0,0.0,0.0,0.0,0.0,0.0,0.0,0.0,0,0,0,0.5,0.5,0.5,0.5,0.5,0.5,0.5,0.5,0.5,1,0,0,neutral,Unknown,individual,unknown,original,yes,0,0,0,0,0,0,0,0,0,0,0,0
365,13238,1975,7183,6.702784810126582,19.67945205479452,0,0,0.5,1.0,0.0,0,0,0.0,0.0,0.0,0.0,0.0,0.0,0.0,0.0,0.0,0,0,0,0.5,0.5,0.5,0.5,0.5,0.5,0.5,0.5,0.5,1,0,0,neutral,Unknown,individual,unknown,original,yes,0,0,0,0,0,0,0,0,0,0,0,0
365,2465,1030,4346,2.3932038834951457,11.906849315068493,0,0,0.5,1.0,0.0,0,0,0.0,0.0,0.0,0.0,0.0,0.0,0.0,0.0,0.0,0,0,0,0.5,0.5,0.5,0.5,0.5,0.5,0.5,0.5,0.5,1,0,0,neutral,Unknown,individual,unknown,original,yes,0,0,0,0,0,0,0,0,0,0,0,0
365,20363,1505,35095,13.530232558139534,96.15068493150685,0,0,0.5,1.0,0.0,0,0,0.0,0.0,0.0,0.0,0.0,0.0,0.0,0.0,0.0,0,0,0,0.5,0.5,0.5,0.5,0.5,0.5,0.5,0.5,0.5,1,0,0,neutral,Unknown,individual,unknown,original,yes,0,0,0,0,0,0,0,0,0,0,0,0
365,1402,942,10959,1.4883227176220806,30.024657534246575,0,0,0.5,1.0,0.0,0,0,0.0,0.0,0.0,0.0,0.0,0.0,0.0,0.0,0.0,0,0,0,0.5,0.5,0.5,0.5,0.5,0.5,0.5,0.5,0.5,1,0,0,neutral,Unknown,individual,unknown,original,yes,0,0,0,0,0,0,0,0,0,0,0,0
365,70332,672,136217,104.66071428571429,373.1972602739726,0,0,0.5,1.0,0.0,0,0,0.0,0.0,0.0,0.0,0.0,0.0,0.0,0.0,0.0,0,0,0,0.5,0.5,0.5,0.4,0.5,0.5,0.5,0.4600000000000001,0.5,1,0,0,neutral,Unknown,individual,unknown,original,yes,0,0,0,0,0,0,0,0,0,0,0,0
365,5984,1372,6294,4.3615160349854225,17.243835616438357,0,0,0.5,1.0,0.0,0,0,0.0,0.0,0.0,0.0,0.0,0.0,0.0,0.0,0.0,0,0,0,0.5,0.5,0.5,0.5,0.5,0.5,0.5,0.5,0.5,1,0,0,neutral,Unknown,individual,unknown,original,yes,0,0,0,0,0,0,0,0,0,0,0,0
365,47372,22593,139668,2.0967556322754834,382.65205479452055,0,0,0.5,1.0,0.0,0,0,0.0,0.0,0.0,0.0,0.0,0.0,0.0,0.0,0.0,0,0,0,0.5,0.5,0.5,0.5,0.5,0.5,0.5,0.5,0.5,1,0,0,neutral,Unknown,individual,unknown,original,yes,0,0,0,0,0,0,0,0,0,0,0,0
365,6522,888,5602,7.344594594594595,15.347945205479451,0,0,0.5,1.0,0.0,0,0,0.0,0.0,0.0,0.0,0.0,0.0,0.0,0.0,0.0,0,0,0,0.5,0.5,0.5,0.5,0.5,0.5,0.5,0.5,0.5,1,0,0,neutral,Unknown,individual,unknown,original,yes,0,0,0,0,0,0,0,0,0,0,0,0
365,18584,665,2834,27.945864661654134,7.764383561643836,0,0,0.5,1.0,0.0,0,0,0.0,0.0,0.0,0.0,0.0,0.0,0.0,0.0,0.0,0,0,0,0.5,0.5,0.5,0.5,0.5,0.5,0.5,0.5,0.5,1,0,0,neutral,Unknown,individual,unknown,original,yes,0,0,0,0,0,0,0,0,0,0,0,0
365,3279,1753,18500,1.8705077010838562,50.68493150684932,0,0,0.5,1.0,0.0,0,0,0.0,0.0,0.0,0.0,0.0,0.0,0.0,0.0,0.0,0,0,0,0.5,0.5,0.5,0.5,0.5,0.5,0.5,0.5,0.5,1,0,0,neutral,Unknown,individual,unknown,original,yes,0,0,0,0,0,0,0,0,0,0,0,0
365,77999,797,32787,97.86574654956085,89.82739726027397,0,0,0.5,1.0,0.0,0,0,0.0,0.0,0.0,0.0,0.0,0.0,0.0,0.0,0.0,0,0,0,0.5,0.5,0.5,0.5,0.5,0.5,0.5,0.5,0.5,1,0,0,neutral,Unknown,individual,unknown,original,yes,0,0,0,0,0,0,0,0,0,0,0,0
365,3212,1225,6098,2.6220408163265305,16.706849315068492,0,0,0.5,1.0,0.0,0,0,0.0,0.0,0.0,0.0,0.0,0.0,0.0,0.0,0.0,0,0,0,0.5,0.5,0.5,0.5,0.5,0.5,0.5,0.5,0.5,1,0,0,neutral,Unknown,individual,unknown,original,yes,0,0,0,0,0,0,0,0,0,0,0,0
365,2942,829,8738,3.548854041013269,23.93972602739726,0,0,0.5,1.0,0.0,0,0,0.0,0.0,0.0,0.0,0.0,0.0,0.0,0.0,0.0,0,0,0,0.5,0.5,0.5,0.5,0.5,0.5,0.5,0.5,0.5,1,0,0,neutral,Unknown,individual,unknown,original,yes,0,0,0,0,0,0,0,0,0,0,0,0
365,121378,66837,25131,1.816030043239523,68.85205479452055,0,0,0.5,1.0,0.0,0,0,0.0,0.0,0.0,0.0,0.0,0.0,0.0,0.0,0.0,0,0,0,0.5,0.5,0.5,0.5,0.5,0.5,0.5,0.5,0.5,1,0,0,neutral,Unknown,individual,unknown,original,yes,0,0,0,0,0,0,0,0,0,0,0,0
365,24457,968,13856,25.265495867768596,37.961643835616435,0,0,0.5,1.0,0.0,0,0,0.0,0.0,0.0,0.0,0.0,0.0,0.0,0.0,0.0,0,0,0,0.5,0.5,0.5,0.5,0.5,0.5,0.5,0.5,0.5,1,0,0,neutral,Unknown,individual,unknown,original,yes,0,0,0,0,0,0,0,0,0,0,0,0
365,9187,2173,5090,4.227795674183157,13.945205479452055,0,0,0.5,1.0,0.0,0,0,0.0,0.0,0.0,0.0,0.0,0.0,0.0,0.0,0.0,0,0,0,0.5,0.5,0.5,0.5,0.5,0.5,0.5,0.5,0.5,1,0,0,neutral,Unknown,individual,unknown,original,yes,0,0,0,0,0,0,0,0,0,0,0,0
365,82540,435,17258,189.7471264367816,47.28219178082192,0,0,0.5,1.0,0.0,0,0,0.0,0.0,0.0,0.0,0.0,0.0,0.0,0.0,0.0,0,0,0,0.5,0.5,0.5,0.4,0.5,0.5,0.5,0.4600000000000001,0.5,1,0,0,neutral,Unknown,individual,unknown,original,yes,0,0,0,0,0,0,0,0,0,0,0,0
365,42705,978,16079,43.66564417177914,44.05205479452055,0,0,0.5,1.0,0.0,0,0,0.0,0.0,0.0,0.0,0.0,0.0,0.0,0.0,0.0,0,0,0,0.5,0.5,0.5,0.5,0.5,0.5,0.5,0.5,0.5,1,0,0,neutral,Unknown,individual,unknown,original,yes,0,0,0,0,0,0,0,0,0,0,0,0
365,11221,311,9242,36.08038585209003,25.32054794520548,0,0,0.5,1.0,0.0,0,0,0.0,0.0,0.0,0.0,0.0,0.0,0.0,0.0,0.0,0,0,0,0.5,0.5,0.5,0.5,0.5,0.5,0.5,0.5,0.5,1,0,0,neutral,Unknown,individual,unknown,original,yes,0,0,0,0,0,0,0,0,0,0,0,0
365,23925,1747,40742,13.6949055523755,111.62191780821918,0,0,0.5,1.0,0.0,0,0,0.0,0.0,0.0,0.0,0.0,0.0,0.0,0.0,0.0,0,0,0,0.5,0.5,0.5,0.5,0.5,0.5,0.5,0.5,0.5,1,0,0,neutral,Unknown,individual,unknown,original,yes,0,0,0,0,0,0,0,0,0,0,0,0
365,19853,1198,21087,16.571786310517528,57.772602739726025,0,0,0.5,1.0,0.0,0,0,0.0,0.0,0.0,0.0,0.0,0.0,0.0,0.0,0.0,0,0,0,0.5,0.5,0.5,0.5,0.5,0.5,0.5,0.5,0.5,1,0,0,neutral,Unknown,individual,unknown,original,yes,0,0,0,0,0,0,0,0,0,0,0,0
365,7177,364,3031,19.717032967032967,8.304109589041095,0,0,0.5,1.0,0.0,0,0,0.0,0.0,0.0,0.0,0.0,0.0,0.0,0.0,0.0,0,0,0,0.5,0.5,0.5,0.5,0.5,0.5,0.5,0.5,0.5,1,0,0,neutral,Unknown,individual,unknown,original,yes,0,0,0,0,0,0,0,0,0,0,0,0
365,1523,466,197,3.2682403433476397,0.5397260273972603,0,0,0.5,1.0,0.0,0,0,0.0,0.0,0.0,0.0,0.0,0.0,0.0,0.0,0.0,0,0,0,0.5,0.5,0.5,0.5,0.5,0.5,0.5,0.5,0.5,1,0,0,neutral,Unknown,individual,unknown,original,yes,0,0,0,0,0,0,0,0,0,0,0,0
365,1101541,1378,285335,799.3766328011611,781.7397260273973,0,0,0.5,1.0,0.0,0,0,0.0,0.0,0.0,0.0,0.0,0.0,0.0,0.0,0.0,0,0,0,0.5,0.5,0.5,0.4,0.5,0.5,0.5,0.4600000000000001,0.5,1,0,0,neutral,Unknown,individual,unknown,original,yes,0,0,0,0,0,0,0,0,0,0,0,0
365,27988,1035,6416,27.041545893719807,17.578082191780823,0,0,0.5,1.0,0.0,0,0,0.0,0.0,0.0,0.0,0.0,0.0,0.0,0.0,0.0,0,0,0,0.5,0.5,0.5,0.5,0.5,0.5,0.5,0.5,0.5,1,0,0,neutral,Unknown,individual,unknown,original,yes,0,0,0,0,0,0,0,0,0,0,0,0
365,9395,461,8109,20.379609544468547,22.216438356164385,0,0,0.5,1.0,0.0,0,0,0.0,0.0,0.0,0.0,0.0,0.0,0.0,0.0,0.0,0,0,0,0.5,0.5,0.5,0.5,0.5,0.5,0.5,0.5,0.5,1,0,0,neutral,Unknown,individual,unknown,original,yes,0,0,0,0,0,0,0,0,0,0,0,0
365,146357,1445,26593,101.28512110726643,72.85753424657534,0,0,0.5,1.0,0.0,0,0,0.0,0.0,0.0,0.0,0.0,0.0,0.0,0.0,0.0,0,0,0,0.5,0.5,0.5,0.4,0.5,0.5,0.5,0.4600000000000001,0.5,1,0,0,neutral,Unknown,individual,unknown,original,yes,0,0,0,0,0,0,0,0,0,0,0,0
365,65160,517,6346,126.0348162475822,17.386301369863013,0,0,0.5,1.0,0.0,0,0,0.0,0.0,0.0,0.0,0.0,0.0,0.0,0.0,0.0,0,0,0,0.5,0.5,0.5,0.4,0.5,0.5,0.5,0.4600000000000001,0.5,1,0,0,neutral,Unknown,individual,unknown,original,yes,0,0,0,0,0,0,0,0,0,0,0,0
365,28925,1417,14765,20.412844036697248,40.45205479452055,0,0,0.5,1.0,0.0,0,0,0.0,0.0,0.0,0.0,0.0,0.0,0.0,0.0,0.0,0,0,0,0.5,0.5,0.5,0.5,0.5,0.5,0.5,0.5,0.5,1,0,0,neutral,Unknown,individual,unknown,original,yes,0,0,0,0,0,0,0,0,0,0,0,0
365,3800,4054,14510,0.9373458312777504,39.75342465753425,0,0,0.5,1.0,0.0,0,0,0.0,0.0,0.0,0.0,0.0,0.0,0.0,0.0,0.0,0,0,0,0.5,0.5,0.5,0.5,0.5,0.5,0.5,0.5,0.5,1,0,0,neutral,Unknown,individual,unknown,original,yes,0,0,0,0,0,0,0,0,0,0,0,0
365,4206,2439,24812,1.7244772447724477,67.97808219178083,0,0,0.5,1.0,0.0,0,0,0.0,0.0,0.0,0.0,0.0,0.0,0.0,0.0,0.0,0,0,0,0.5,0.5,0.5,0.5,0.5,0.5,0.5,0.5,0.5,1,0,0,neutral,Unknown,individual,unknown,original,yes,0,0,0,0,0,0,0,0,0,0,0,0
365,46402,3435,34813,13.50858806404658,95.37808219178082,0,0,0.5,1.0,0.0,0,0,0.0,0.0,0.0,0.0,0.0,0.0,0.0,0.0,0.0,0,0,0,0.5,0.5,0.5,0.5,0.5,0.5,0.5,0.5,0.5,1,0,0,neutral,Unknown,individual,unknown,original,yes,0,0,0,0,0,0,0,0,0,0,0,0
365,117494,1045,27161,112.43444976076555,74.41369863013699,0,0,0.5,1.0,0.0,0,0,0.0,0.0,0.0,0.0,0.0,0.0,0.0,0.0,0.0,0,0,0,0.5,0.5,0.5,0.4,0.5,0.5,0.5,0.4600000000000001,0.5,1,0,0,neutral,Unknown,individual,unknown,original,yes,0,0,0,0,0,0,0,0,0,0,0,0
365,1814,2553,20256,0.7105366235801018,55.49589041095891,0,0,0.5,1.0,0.0,0,0,0.0,0.0,0.0,0.0,0.0,0.0,0.0,0.0,0.0,0,0,0,0.5,0.5,0.5,0.5,0.5,0.5,0.5,0.5,0.5,1,0,0,neutral,Unknown,individual,unknown,original,yes,0,0,0,0,0,0,0,0,0,0,0,0
365,35138,7927,40339,4.432698372650435,110.51780821917808,0,0,0.5,1.0,0.0,0,0,0.0,0.0,0.0,0.0,0.0,0.0,0.0,0.0,0.0,0,0,0,0.5,0.5,0.5,0.5,0.5,0.5,0.5,0.5,0.5,1,0,0,neutral,Unknown,individual,unknown,original,yes,0,0,0,0,0,0,0,0,0,0,0,0
365,22250,1086,2219,20.48802946593002,6.079452054794521,0,0,0.5,1.0,0.0,0,0,0.0,0.0,0.0,0.0,0.0,0.0,0.0,0.0,0.0,0,0,0,0.5,0.5,0.5,0.5,0.5,0.5,0.5,0.5,0.5,1,0,0,neutral,Unknown,individual,unknown,original,yes,0,0,0,0,0,0,0,0,0,0,0,0
365,1881,957,80101,1.9655172413793103,219.45479452054795,0,0,0.5,1.0,0.0,0,0,0.0,0.0,0.0,0.0,0.0,0.0,0.0,0.0,0.0,0,0,0,0.5,0.5,0.5,0.5,0.5,0.5,0.5,0.5,0.5,1,0,0,neutral,Unknown,individual,unknown,original,yes,0,0,0,0,0,0,0,0,0,0,0,0
365,10777,1602,18307,6.727215980024969,50.156164383561645,0,0,0.5,1.0,0.0,0,0,0.0,0.0,0.0,0.0,0.0,0.0,0.0,0.0,0.0,0,0,0,0.5,0.5,0.5,0.5,0.5,0.5,0.5,0.5,0.5,1,0,0,neutral,Unknown,individual,unknown,original,yes,0,0,0,0,0,0,0,0,0,0,0,0
365,10292,313,11438,32.88178913738019,31.336986301369862,0,0,0.5,1.0,0.0,0,0,0.0,0.0,0.0,0.0,0.0,0.0,0.0,0.0,0.0,0,0,0,0.5,0.5,0.5,0.5,0.5,0.5,0.5,0.5,0.5,1,0,0,neutral,Unknown,individual,unknown,original,yes,0,0,0,0,0,0,0,0,0,0,0,0
365,15977,2750,3565,5.809818181818182,9.767123287671232,0,0,0.5,1.0,0.0,0,0,0.0,0.0,0.0,0.0,0.0,0.0,0.0,0.0,0.0,0,0,0,0.5,0.5,0.5,0.5,0.5,0.5,0.5,0.5,0.5,1,0,0,neutral,Unknown,individual,unknown,original,yes,0,0,0,0,0,0,0,0,0,0,0,0
365,3737,526,3112,7.104562737642586,8.526027397260274,0,0,0.5,1.0,0.0,0,0,0.0,0.0,0.0,0.0,0.0,0.0,0.0,0.0,0.0,0,0,0,0.5,0.5,0.5,0.5,0.5,0.5,0.5,0.5,0.5,1,0,0,neutral,Unknown,individual,unknown,original,yes,0,0,0,0,0,0,0,0,0,0,0,0
365,6948,841,7275,8.261593341260404,19.931506849315067,0,0,0.5,1.0,0.0,0,0,0.0,0.0,0.0,0.0,0.0,0.0,0.0,0.0,0.0,0,0,0,0.5,0.5,0.5,0.5,0.5,0.5,0.5,0.5,0.5,1,0,0,neutral,Unknown,individual,unknown,original,yes,0,0,0,0,0,0,0,0,0,0,0,0
365,28663,680,12017,42.15147058823529,32.92328767123288,0,0,0.5,1.0,0.0,0,0,0.0,0.0,0.0,0.0,0.0,0.0,0.0,0.0,0.0,0,0,0,0.5,0.5,0.5,0.5,0.5,0.5,0.5,0.5,0.5,1,0,0,neutral,Unknown,individual,unknown,original,yes,0,0,0,0,0,0,0,0,0,0,0,0
365,4203,3470,51426,1.2112391930835735,140.8931506849315,0,0,0.5,1.0,0.0,0,0,0.0,0.0,0.0,0.0,0.0,0.0,0.0,0.0,0.0,0,0,0,0.5,0.5,0.5,0.5,0.5,0.5,0.5,0.5,0.5,1,0,0,neutral,Unknown,individual,unknown,original,yes,0,0,0,0,0,0,0,0,0,0,0,0
365,497,155,1297,3.206451612903226,3.5534246575342467,0,0,0.5,1.0,0.0,0,0,0.0,0.0,0.0,0.0,0.0,0.0,0.0,0.0,0.0,0,0,0,0.5,0.5,0.5,0.5,0.5,0.5,0.5,0.5,0.5,1,0,0,neutral,Unknown,individual,unknown,original,yes,0,0,0,0,0,0,0,0,0,0,0,0
365,6413,401,19363,15.992518703241895,53.04931506849315,0,0,0.5,1.0,0.0,0,0,0.0,0.0,0.0,0.0,0.0,0.0,0.0,0.0,0.0,0,0,0,0.5,0.5,0.5,0.5,0.5,0.5,0.5,0.5,0.5,1,0,0,neutral,Unknown,individual,unknown,original,yes,0,0,0,0,0,0,0,0,0,0,0,0
365,4740,3586,24061,1.3218070273284996,65.92054794520548,0,0,0.5,1.0,0.0,0,0,0.0,0.0,0.0,0.0,0.0,0.0,0.0,0.0,0.0,0,0,0,0.5,0.5,0.5,0.5,0.5,0.5,0.5,0.5,0.5,1,0,0,neutral,Unknown,individual,unknown,original,yes,0,0,0,0,0,0,0,0,0,0,0,0
365,3717,2801,25342,1.327026062120671,69.43013698630136,0,0,0.5,1.0,0.0,0,0,0.0,0.0,0.0,0.0,0.0,0.0,0.0,0.0,0.0,0,0,0,0.5,0.5,0.5,0.5,0.5,0.5,0.5,0.5,0.5,1,0,0,neutral,Unknown,individual,unknown,original,yes,0,0,0,0,0,0,0,0,0,0,0,0
365,121734,844,142166,144.2345971563981,389.4958904109589,0,0,0.5,1.0,0.0,0,0,0.0,0.0,0.0,0.0,0.0,0.0,0.0,0.0,0.0,0,0,0,0.5,0.5,0.5,0.4,0.5,0.5,0.5,0.4600000000000001,0.5,1,0,0,neutral,Unknown,individual,unknown,original,yes,0,0,0,0,0,0,0,0,0,0,0,0
365,21785,3631,10830,5.999724593775819,29.671232876712327,0,0,0.5,1.0,0.0,0,0,0.0,0.0,0.0,0.0,0.0,0.0,0.0,0.0,0.0,0,0,0,0.5,0.5,0.5,0.5,0.5,0.5,0.5,0.5,0.5,1,0,0,neutral,Unknown,individual,unknown,original,yes,0,0,0,0,0,0,0,0,0,0,0,0
365,16850,24962,7405,0.6750260395801618,20.28767123287671,0,0,0.5,1.0,0.0,0,0,0.0,0.0,0.0,0.0,0.0,0.0,0.0,0.0,0.0,0,0,0,0.5,0.5,0.5,0.5,0.5,0.5,0.5,0.5,0.5,1,0,0,neutral,Unknown,individual,unknown,original,yes,0,0,0,0,0,0,0,0,0,0,0,0
365,12347,7788,21512,1.5853877760657422,58.93698630136986,0,0,0.5,1.0,0.0,0,0,0.0,0.0,0.0,0.0,0.0,0.0,0.0,0.0,0.0,0,0,0,0.5,0.5,0.5,0.5,0.5,0.5,0.5,0.5,0.5,1,0,0,neutral,Unknown,individual,unknown,original,yes,0,0,0,0,0,0,0,0,0,0,0,0
365,17471,4053,22688,4.310634098198865,62.15890410958904,0,0,0.5,1.0,0.0,0,0,0.0,0.0,0.0,0.0,0.0,0.0,0.0,0.0,0.0,0,0,0,0.5,0.5,0.5,0.5,0.5,0.5,0.5,0.5,0.5,1,0,0,neutral,Unknown,individual,unknown,original,yes,0,0,0,0,0,0,0,0,0,0,0,0
365,4079,768,5752,5.311197916666667,15.758904109589041,0,0,0.5,1.0,0.0,0,0,0.0,0.0,0.0,0.0,0.0,0.0,0.0,0.0,0.0,0,0,0,0.5,0.5,0.5,0.5,0.5,0.5,0.5,0.5,0.5,1,0,0,neutral,Unknown,individual,unknown,original,yes,0,0,0,0,0,0,0,0,0,0,0,0
365,59489,3679,38702,16.169883120413157,106.03287671232877,0,0,0.5,1.0,0.0,0,0,0.0,0.0,0.0,0.0,0.0,0.0,0.0,0.0,0.0,0,0,0,0.5,0.5,0.5,0.5,0.5,0.5,0.5,0.5,0.5,1,0,0,neutral,Unknown,individual,unknown,original,yes,0,0,0,0,0,0,0,0,0,0,0,0
365,7372,1319,12279,5.589082638362396,33.64109589041096,0,0,0.5,1.0,0.0,0,0,0.0,0.0,0.0,0.0,0.0,0.0,0.0,0.0,0.0,0,0,0,0.5,0.5,0.5,0.5,0.5,0.5,0.5,0.5,0.5,1,0,0,neutral,Unknown,individual,unknown,original,yes,0,0,0,0,0,0,0,0,0,0,0,0
365,13451,2124,42550,6.33286252354049,116.57534246575342,0,0,0.5,1.0,0.0,0,0,0.0,0.0,0.0,0.0,0.0,0.0,0.0,0.0,0.0,0,0,0,0.5,0.5,0.5,0.5,0.5,0.5,0.5,0.5,0.5,1,0,0,neutral,Unknown,individual,unknown,original,yes,0,0,0,0,0,0,0,0,0,0,0,0
365,14904,1773,159533,8.406091370558375,437.07671232876714,0,0,0.5,1.0,0.0,0,0,0.0,0.0,0.0,0.0,0.0,0.0,0.0,0.0,0.0,0,0,0,0.5,0.5,0.5,0.5,0.5,0.5,0.5,0.5,0.5,1,0,0,neutral,Unknown,individual,unknown,original,yes,0,0,0,0,0,0,0,0,0,0,0,0
365,3005380,482,12119,6235.2282157676345,33.202739726027396,0,0,0.5,1.0,0.0,0,0,0.0,0.0,0.0,0.0,0.0,0.0,0.0,0.0,0.0,0,0,0,0.5,0.5,0.5,0.4,0.5,0.5,0.5,0.4600000000000001,0.5,1,0,0,neutral,Unknown,individual,unknown,original,yes,0,0,0,0,0,0,0,0,0,0,0,0
365,62658,1832,30142,34.201965065502186,82.58082191780822,0,0,0.5,1.0,0.0,0,0,0.0,0.0,0.0,0.0,0.0,0.0,0.0,0.0,0.0,0,0,0,0.5,0.5,0.5,0.5,0.5,0.5,0.5,0.5,0.5,1,0,0,neutral,Unknown,individual,unknown,original,yes,0,0,0,0,0,0,0,0,0,0,0,0
365,3477,3820,12218,0.9102094240837696,33.47397260273973,0,0,0.5,1.0,0.0,0,0,0.0,0.0,0.0,0.0,0.0,0.0,0.0,0.0,0.0,0,0,0,0.5,0.5,0.5,0.5,0.5,0.5,0.5,0.5,0.5,1,0,0,neutral,Unknown,individual,unknown,original,yes,0,0,0,0,0,0,0,0,0,0,0,0
365,2826,999,4666,2.828828828828829,12.783561643835617,0,0,0.5,1.0,0.0,0,0,0.0,0.0,0.0,0.0,0.0,0.0,0.0,0.0,0.0,0,0,0,0.5,0.5,0.5,0.5,0.5,0.5,0.5,0.5,0.5,1,0,0,neutral,Unknown,individual,unknown,original,yes,0,0,0,0,0,0,0,0,0,0,0,0
365,2816,1670,10112,1.6862275449101796,27.704109589041096,0,0,0.5,1.0,0.0,0,0,0.0,0.0,0.0,0.0,0.0,0.0,0.0,0.0,0.0,0,0,0,0.5,0.5,0.5,0.5,0.5,0.5,0.5,0.5,0.5,1,0,0,neutral,Unknown,individual,unknown,original,yes,0,0,0,0,0,0,0,0,0,0,0,0
365,1667,1037,7189,1.6075216972034716,19.695890410958903,0,0,0.5,1.0,0.0,0,0,0.0,0.0,0.0,0.0,0.0,0.0,0.0,0.0,0.0,0,0,0,0.5,0.5,0.5,0.5,0.5,0.5,0.5,0.5,0.5,1,0,0,neutral,Unknown,individual,unknown,original,yes,0,0,0,0,0,0,0,0,0,0,0,0
365,13896,2201,30141,6.313493866424353,82.57808219178082,0,0,0.5,1.0,0.0,0,0,0.0,0.0,0.0,0.0,0.0,0.0,0.0,0.0,0.0,0,0,0,0.5,0.5,0.5,0.5,0.5,0.5,0.5,0.5,0.5,1,0,0,neutral,Unknown,individual,unknown,original,yes,0,0,0,0,0,0,0,0,0,0,0,0
365,17031,1660,13133,10.259638554216867,35.98082191780822,0,0,0.5,1.0,0.0,0,0,0.0,0.0,0.0,0.0,0.0,0.0,0.0,0.0,0.0,0,0,0,0.5,0.5,0.5,0.5,0.5,0.5,0.5,0.5,0.5,1,0,0,neutral,Unknown,individual,unknown,original,yes,0,0,0,0,0,0,0,0,0,0,0,0
365,257710,328,3708,785.7012195121952,10.158904109589042,0,0,0.5,1.0,0.0,0,0,0.0,0.0,0.0,0.0,0.0,0.0,0.0,0.0,0.0,0,0,0,0.5,0.5,0.5,0.4,0.5,0.5,0.5,0.4600000000000001,0.5,1,0,0,neutral,Unknown,individual,unknown,original,yes,0,0,0,0,0,0,0,0,0,0,0,0
365,174771,2285,5664,76.48621444201314,15.517808219178082,0,0,0.5,1.0,0.0,0,0,0.0,0.0,0.0,0.0,0.0,0.0,0.0,0.0,0.0,0,0,0,0.5,0.5,0.5,0.5,0.5,0.5,0.5,0.5,0.5,1,0,0,neutral,Unknown,individual,unknown,original,yes,0,0,0,0,0,0,0,0,0,0,0,0
365,8058,5949,4029,1.3545133635905193,11.038356164383561,0,0,0.5,1.0,0.0,0,0,0.0,0.0,0.0,0.0,0.0,0.0,0.0,0.0,0.0,0,0,0,0.5,0.5,0.5,0.5,0.5,0.5,0.5,0.5,0.5,1,0,0,neutral,Unknown,individual,unknown,original,yes,0,0,0,0,0,0,0,0,0,0,0,0
365,9362,4663,33712,2.007720351704911,92.36164383561643,0,0,0.5,1.0,0.0,0,0,0.0,0.0,0.0,0.0,0.0,0.0,0.0,0.0,0.0,0,0,0,0.5,0.5,0.5,0.5,0.5,0.5,0.5,0.5,0.5,1,0,0,neutral,Unknown,individual,unknown,original,yes,0,0,0,0,0,0,0,0,0,0,0,0
365,3360,941,4567,3.57066950053135,12.512328767123288,0,0,0.5,1.0,0.0,0,0,0.0,0.0,0.0,0.0,0.0,0.0,0.0,0.0,0.0,0,0,0,0.5,0.5,0.5,0.5,0.5,0.5,0.5,0.5,0.5,1,0,0,neutral,Unknown,individual,unknown,original,yes,0,0,0,0,0,0,0,0,0,0,0,0
365,6484,1519,30200,4.268597761685319,82.73972602739725,0,0,0.5,1.0,0.0,0,0,0.0,0.0,0.0,0.0,0.0,0.0,0.0,0.0,0.0,0,0,0,0.5,0.5,0.5,0.5,0.5,0.5,0.5,0.5,0.5,1,0,0,neutral,Unknown,individual,unknown,original,yes,0,0,0,0,0,0,0,0,0,0,0,0
365,27893,2988,24991,9.335006693440429,68.46849315068494,0,0,0.5,1.0,0.0,0,0,0.0,0.0,0.0,0.0,0.0,0.0,0.0,0.0,0.0,0,0,0,0.5,0.5,0.5,0.5,0.5,0.5,0.5,0.5,0.5,1,0,0,neutral,Unknown,individual,unknown,original,yes,0,0,0,0,0,0,0,0,0,0,0,0
365,11616,1733,5208,6.702827466820542,14.26849315068493,0,0,0.5,1.0,0.0,0,0,0.0,0.0,0.0,0.0,0.0,0.0,0.0,0.0,0.0,0,0,0,0.5,0.5,0.5,0.5,0.5,0.5,0.5,0.5,0.5,1,0,0,neutral,Unknown,individual,unknown,original,yes,0,0,0,0,0,0,0,0,0,0,0,0
365,1598,1622,21549,0.9852034525277436,59.038356164383565,0,0,0.5,1.0,0.0,0,0,0.0,0.0,0.0,0.0,0.0,0.0,0.0,0.0,0.0,0,0,0,0.5,0.5,0.5,0.5,0.5,0.5,0.5,0.5,0.5,1,0,0,neutral,Unknown,individual,unknown,original,yes,0,0,0,0,0,0,0,0,0,0,0,0
365,2733,404,1922,6.764851485148514,5.265753424657534,0,0,0.5,1.0,0.0,0,0,0.0,0.0,0.0,0.0,0.0,0.0,0.0,0.0,0.0,0,0,0,0.5,0.5,0.5,0.5,0.5,0.5,0.5,0.5,0.5,1,0,0,neutral,Unknown,individual,unknown,original,yes,0,0,0,0,0,0,0,0,0,0,0,0
365,261643,2258,15397,115.87378210806023,42.18356164383562,0,0,0.5,1.0,0.0,0,0,0.0,0.0,0.0,0.0,0.0,0.0,0.0,0.0,0.0,0,0,0,0.5,0.5,0.5,0.4,0.5,0.5,0.5,0.4600000000000001,0.5,1,0,0,neutral,Unknown,individual,unknown,original,yes,0,0,0,0,0,0,0,0,0,0,0,0
365,50448,2140,90562,23.573831775700935,248.1150684931507,0,0,0.5,1.0,0.0,0,0,0.0,0.0,0.0,0.0,0.0,0.0,0.0,0.0,0.0,0,0,0,0.5,0.5,0.5,0.5,0.5,0.5,0.5,0.5,0.5,1,0,0,neutral,Unknown,individual,unknown,original,yes,0,0,0,0,0,0,0,0,0,0,0,0
365,58308,606,4922,96.21782178217822,13.484931506849316,0,0,0.5,1.0,0.0,0,0,0.0,0.0,0.0,0.0,0.0,0.0,0.0,0.0,0.0,0,0,0,0.5,0.5,0.5,0.5,0.5,0.5,0.5,0.5,0.5,1,0,0,neutral,Unknown,individual,unknown,original,yes,0,0,0,0,0,0,0,0,0,0,0,0
365,4217,593,48533,7.1112984822934235,132.96712328767123,0,0,0.5,1.0,0.0,0,0,0.0,0.0,0.0,0.0,0.0,0.0,0.0,0.0,0.0,0,0,0,0.5,0.5,0.5,0.5,0.5,0.5,0.5,0.5,0.5,1,0,0,neutral,Unknown,individual,unknown,original,yes,0,0,0,0,0,0,0,0,0,0,0,0
365,16436,2912,8652,5.644230769230769,23.704109589041096,0,0,0.5,1.0,0.0,0,0,0.0,0.0,0.0,0.0,0.0,0.0,0.0,0.0,0.0,0,0,0,0.5,0.5,0.5,0.5,0.5,0.5,0.5,0.5,0.5,1,0,0,neutral,Unknown,individual,unknown,original,yes,0,0,0,0,0,0,0,0,0,0,0,0
365,31469,2784,118722,11.303520114942529,325.26575342465753,0,0,0.5,1.0,0.0,0,0,0.0,0.0,0.0,0.0,0.0,0.0,0.0,0.0,0.0,0,0,0,0.5,0.5,0.5,0.5,0.5,0.5,0.5,0.5,0.5,1,0,0,neutral,Unknown,individual,unknown,original,yes,0,0,0,0,0,0,0,0,0,0,0,0
365,3329,326,5149,10.21165644171779,14.106849315068493,0,0,0.5,1.0,0.0,0,0,0.0,0.0,0.0,0.0,0.0,0.0,0.0,0.0,0.0,0,0,0,0.5,0.5,0.5,0.5,0.5,0.5,0.5,0.5,0.5,1,0,0,neutral,Unknown,individual,unknown,original,yes,0,0,0,0,0,0,0,0,0,0,0,0
365,4107,985,2357,4.169543147208122,6.457534246575342,0,0,0.5,1.0,0.0,0,0,0.0,0.0,0.0,0.0,0.0,0.0,0.0,0.0,0.0,0,0,0,0.5,0.5,0.5,0.5,0.5,0.5,0.5,0.5,0.5,1,0,0,neutral,Unknown,individual,unknown,original,yes,0,0,0,0,0,0,0,0,0,0,0,0
365,1351323,727,28425,1858.7661623108665,77.87671232876713,0,0,0.5,1.0,0.0,0,0,0.0,0.0,0.0,0.0,0.0,0.0,0.0,0.0,0.0,0,0,0,0.5,0.5,0.5,0.4,0.5,0.5,0.5,0.4600000000000001,0.5,1,0,0,neutral,Unknown,individual,unknown,original,yes,0,0,0,0,0,0,0,0,0,0,0,0
365,14448,12321,8572,1.1726320915510104,23.484931506849314,0,0,0.5,1.0,0.0,0,0,0.0,0.0,0.0,0.0,0.0,0.0,0.0,0.0,0.0,0,0,0,0.5,0.5,0.5,0.5,0.5,0.5,0.5,0.5,0.5,1,0,0,neutral,Unknown,individual,unknown,original,yes,0,0,0,0,0,0,0,0,0,0,0,0
365,475402,1243,21547,382.46339501206756,59.032876712328765,0,0,0.5,1.0,0.0,0,0,0.0,0.0,0.0,0.0,0.0,0.0,0.0,0.0,0.0,0,0,0,0.5,0.5,0.5,0.4,0.5,0.5,0.5,0.4600000000000001,0.5,1,0,0,neutral,Unknown,individual,unknown,original,yes,0,0,0,0,0,0,0,0,0,0,0,0
365,5398,1258,4850,4.290937996820349,13.287671232876713,0,0,0.5,1.0,0.0,0,0,0.0,0.0,0.0,0.0,0.0,0.0,0.0,0.0,0.0,0,0,0,0.5,0.5,0.5,0.5,0.5,0.5,0.5,0.5,0.5,1,0,0,neutral,Unknown,individual,unknown,original,yes,0,0,0,0,0,0,0,0,0,0,0,0
365,7165,2340,25105,3.0619658119658117,68.78082191780823,0,0,0.5,1.0,0.0,0,0,0.0,0.0,0.0,0.0,0.0,0.0,0.0,0.0,0.0,0,0,0,0.5,0.5,0.5,0.5,0.5,0.5,0.5,0.5,0.5,1,0,0,neutral,Unknown,individual,unknown,original,yes,0,0,0,0,0,0,0,0,0,0,0,0
365,184824,2572,15030,71.86003110419907,41.178082191780824,0,0,0.5,1.0,0.0,0,0,0.0,0.0,0.0,0.0,0.0,0.0,0.0,0.0,0.0,0,0,0,0.5,0.5,0.5,0.5,0.5,0.5,0.5,0.5,0.5,1,0,0,neutral,Unknown,individual,unknown,original,yes,0,0,0,0,0,0,0,0,0,0,0,0
365,3237,1637,12965,1.9773976786805132,35.52054794520548,0,0,0.5,1.0,0.0,0,0,0.0,0.0,0.0,0.0,0.0,0.0,0.0,0.0,0.0,0,0,0,0.5,0.5,0.5,0.5,0.5,0.5,0.5,0.5,0.5,1,0,0,neutral,Unknown,individual,unknown,original,yes,0,0,0,0,0,0,0,0,0,0,0,0
365,126980,2078,32952,61.106833493743984,90.27945205479452,0,0,0.5,1.0,0.0,0,0,0.0,0.0,0.0,0.0,0.0,0.0,0.0,0.0,0.0,0,0,0,0.5,0.5,0.5,0.5,0.5,0.5,0.5,0.5,0.5,1,0,0,neutral,Unknown,individual,unknown,original,yes,0,0,0,0,0,0,0,0,0,0,0,0
365,4247,571,2177,7.437828371278459,5.964383561643835,0,0,0.5,1.0,0.0,0,0,0.0,0.0,0.0,0.0,0.0,0.0,0.0,0.0,0.0,0,0,0,0.5,0.5,0.5,0.5,0.5,0.5,0.5,0.5,0.5,1,0,0,neutral,Unknown,individual,unknown,original,yes,0,0,0,0,0,0,0,0,0,0,0,0
365,27820,147,8338,189.2517006802721,22.843835616438355,0,0,0.5,1.0,0.0,0,0,0.0,0.0,0.0,0.0,0.0,0.0,0.0,0.0,0.0,0,0,0,0.5,0.5,0.5,0.4,0.5,0.5,0.5,0.4600000000000001,0.5,1,0,0,neutral,Unknown,individual,unknown,original,yes,0,0,0,0,0,0,0,0,0,0,0,0
365,12237,2456,7266,4.982491856677524,19.90684931506849,0,0,0.5,1.0,0.0,0,0,0.0,0.0,0.0,0.0,0.0,0.0,0.0,0.0,0.0,0,0,0,0.5,0.5,0.5,0.5,0.5,0.5,0.5,0.5,0.5,1,0,0,neutral,Unknown,individual,unknown,original,yes,0,0,0,0,0,0,0,0,0,0,0,0
365,1107407,118,223379,9384.805084745763,611.9972602739726,0,0,0.5,1.0,0.0,0,0,0.0,0.0,0.0,0.0,0.0,0.0,0.0,0.0,0.0,0,0,0,0.5,0.5,0.5,0.4,0.5,0.5,0.5,0.4600000000000001,0.5,1,0,0,neutral,Unknown,individual,unknown,original,yes,0,0,0,0,0,0,0,0,0,0,0,0
365,365521,4403,87847,83.01635248694072,240.6767123287671,0,0,0.5,1.0,0.0,0,0,0.0,0.0,0.0,0.0,0.0,0.0,0.0,0.0,0.0,0,0,0,0.5,0.5,0.5,0.5,0.5,0.5,0.5,0.5,0.5,1,0,0,neutral,Unknown,individual,unknown,original,yes,0,0,0,0,0,0,0,0,0,0,0,0
365,62287,16102,48561,3.868277232641908,133.04383561643834,0,0,0.5,1.0,0.0,0,0,0.0,0.0,0.0,0.0,0.0,0.0,0.0,0.0,0.0,0,0,0,0.5,0.5,0.5,0.5,0.5,0.5,0.5,0.5,0.5,1,0,0,neutral,Unknown,individual,unknown,original,yes,0,0,0,0,0,0,0,0,0,0,0,0
365,99461,133,106956,747.827067669173,293.0301369863014,0,0,0.5,1.0,0.0,0,0,0.0,0.0,0.0,0.0,0.0,0.0,0.0,0.0,0.0,0,0,0,0.5,0.5,0.5,0.4,0.5,0.5,0.5,0.4600000000000001,0.5,1,0,0,neutral,Unknown,individual,unknown,original,yes,0,0,0,0,0,0,0,0,0,0,0,0
365,21439,8896,41219,2.4099595323741005,112.92876712328767,0,0,0.5,1.0,0.0,0,0,0.0,0.0,0.0,0.0,0.0,0.0,0.0,0.0,0.0,0,0,0,0.5,0.5,0.5,0.5,0.5,0.5,0.5,0.5,0.5,1,0,0,neutral,Unknown,individual,unknown,original,yes,0,0,0,0,0,0,0,0,0,0,0,0
365,97365,541,61533,179.97227356746765,168.58356164383562,0,0,0.5,1.0,0.0,0,0,0.0,0.0,0.0,0.0,0.0,0.0,0.0,0.0,0.0,0,0,0,0.5,0.5,0.5,0.4,0.5,0.5,0.5,0.4600000000000001,0.5,1,0,0,neutral,Unknown,individual,unknown,original,yes,0,0,0,0,0,0,0,0,0,0,0,0
365,4166,3212,11225,1.2970112079701122,30.753424657534246,0,0,0.5,1.0,0.0,0,0,0.0,0.0,0.0,0.0,0.0,0.0,0.0,0.0,0.0,0,0,0,0.5,0.5,0.5,0.5,0.5,0.5,0.5,0.5,0.5,1,0,0,neutral,Unknown,individual,unknown,original,yes,0,0,0,0,0,0,0,0,0,0,0,0
365,973,531,5047,1.832391713747646,13.827397260273973,0,0,0.5,1.0,0.0,0,0,0.0,0.0,0.0,0.0,0.0,0.0,0.0,0.0,0.0,0,0,0,0.5,0.5,0.5,0.5,0.5,0.5,0.5,0.5,0.5,1,0,0,neutral,Unknown,individual,unknown,original,yes,0,0,0,0,0,0,0,0,0,0,0,0
365,2208,3513,10176,0.6285226302305722,27.87945205479452,0,0,0.5,1.0,0.0,0,0,0.0,0.0,0.0,0.0,0.0,0.0,0.0,0.0,0.0,0,0,0,0.5,0.5,0.5,0.5,0.5,0.5,0.5,0.5,0.5,1,0,0,neutral,Unknown,individual,unknown,original,yes,0,0,0,0,0,0,0,0,0,0,0,0
365,9467,2814,13827,3.3642501776830134,37.88219178082192,0,0,0.5,1.0,0.0,0,0,0.0,0.0,0.0,0.0,0.0,0.0,0.0,0.0,0.0,0,0,0,0.5,0.5,0.5,0.5,0.5,0.5,0.5,0.5,0.5,1,0,0,neutral,Unknown,individual,unknown,original,yes,0,0,0,0,0,0,0,0,0,0,0,0
365,92358,3318,24997,27.835443037974684,68.48493150684932,0,0,0.5,1.0,0.0,0,0,0.0,0.0,0.0,0.0,0.0,0.0,0.0,0.0,0.0,0,0,0,0.5,0.5,0.5,0.5,0.5,0.5,0.5,0.5,0.5,1,0,0,neutral,Unknown,individual,unknown,original,yes,0,0,0,0,0,0,0,0,0,0,0,0
365,3005,983,7024,3.0569684638860632,19.243835616438357,0,0,0.5,1.0,0.0,0,0,0.0,0.0,0.0,0.0,0.0,0.0,0.0,0.0,0.0,0,0,0,0.5,0.5,0.5,0.5,0.5,0.5,0.5,0.5,0.5,1,0,0,neutral,Unknown,individual,unknown,original,yes,0,0,0,0,0,0,0,0,0,0,0,0
365,4187,479,8675,8.741127348643007,23.767123287671232,0,0,0.5,1.0,0.0,0,0,0.0,0.0,0.0,0.0,0.0,0.0,0.0,0.0,0.0,0,0,0,0.5,0.5,0.5,0.5,0.5,0.5,0.5,0.5,0.5,1,0,0,neutral,Unknown,individual,unknown,original,yes,0,0,0,0,0,0,0,0,0,0,0,0
365,297270,1629,244789,182.48618784530387,670.654794520548,0,0,0.5,1.0,0.0,0,0,0.0,0.0,0.0,0.0,0.0,0.0,0.0,0.0,0.0,0,0,0,0.5,0.5,0.5,0.4,0.5,0.5,0.5,0.4600000000000001,0.5,1,0,0,neutral,Unknown,individual,unknown,original,yes,0,0,0,0,0,0,0,0,0,0,0,0
365,19632,307,2911,63.94788273615635,7.975342465753425,0,0,0.5,1.0,0.0,0,0,0.0,0.0,0.0,0.0,0.0,0.0,0.0,0.0,0.0,0,0,0,0.5,0.5,0.5,0.5,0.5,0.5,0.5,0.5,0.5,1,0,0,neutral,Unknown,individual,unknown,original,yes,0,0,0,0,0,0,0,0,0,0,0,0
365,5955,180,5480,33.083333333333336,15.013698630136986,0,0,0.5,1.0,0.0,0,0,0.0,0.0,0.0,0.0,0.0,0.0,0.0,0.0,0.0,0,0,0,0.5,0.5,0.5,0.5,0.5,0.5,0.5,0.5,0.5,1,0,0,neutral,Unknown,individual,unknown,original,yes,0,0,0,0,0,0,0,0,0,0,0,0
365,810029,4184,10128,193.6015774378585,27.747945205479454,0,0,0.5,1.0,0.0,0,0,0.0,0.0,0.0,0.0,0.0,0.0,0.0,0.0,0.0,0,0,0,0.5,0.5,0.5,0.4,0.5,0.5,0.5,0.4600000000000001,0.5,1,0,0,neutral,Unknown,individual,unknown,original,yes,0,0,0,0,0,0,0,0,0,0,0,0
365,21566,409,32151,52.728606356968214,88.08493150684932,0,0,0.5,1.0,0.0,0,0,0.0,0.0,0.0,0.0,0.0,0.0,0.0,0.0,0.0,0,0,0,0.5,0.5,0.5,0.5,0.5,0.5,0.5,0.5,0.5,1,0,0,neutral,Unknown,individual,unknown,original,yes,0,0,0,0,0,0,0,0,0,0,0,0
365,26312,3517,59327,7.481376172874609,162.53972602739725,0,0,0.5,1.0,0.0,0,0,0.0,0.0,0.0,0.0,0.0,0.0,0.0,0.0,0.0,0,0,0,0.5,0.5,0.5,0.5,0.5,0.5,0.5,0.5,0.5,1,0,0,neutral,Unknown,individual,unknown,original,yes,0,0,0,0,0,0,0,0,0,0,0,0
365,2949,2319,3490,1.2716688227684347,9.561643835616438,0,0,0.5,1.0,0.0,0,0,0.0,0.0,0.0,0.0,0.0,0.0,0.0,0.0,0.0,0,0,0,0.5,0.5,0.5,0.5,0.5,0.5,0.5,0.5,0.5,1,0,0,neutral,Unknown,individual,unknown,original,yes,0,0,0,0,0,0,0,0,0,0,0,0
365,158284,307,4687,515.5830618892509,12.841095890410958,0,0,0.5,1.0,0.0,0,0,0.0,0.0,0.0,0.0,0.0,0.0,0.0,0.0,0.0,0,0,0,0.5,0.5,0.5,0.4,0.5,0.5,0.5,0.4600000000000001,0.5,1,0,0,neutral,Unknown,individual,unknown,original,yes,0,0,0,0,0,0,0,0,0,0,0,0
365,2896,923,4973,3.1375947995666307,13.624657534246575,0,0,0.5,1.0,0.0,0,0,0.0,0.0,0.0,0.0,0.0,0.0,0.0,0.0,0.0,0,0,0,0.5,0.5,0.5,0.5,0.5,0.5,0.5,0.5,0.5,1,0,0,neutral,Unknown,individual,unknown,original,yes,0,0,0,0,0,0,0,0,0,0,0,0
365,37243,1241,35263,30.010475423045932,96.6109589041096,0,0,0.5,1.0,0.0,0,0,0.0,0.0,0.0,0.0,0.0,0.0,0.0,0.0,0.0,0,0,0,0.5,0.5,0.5,0.5,0.5,0.5,0.5,0.5,0.5,1,0,0,neutral,Unknown,individual,unknown,original,yes,0,0,0,0,0,0,0,0,0,0,0,0
365,178441,2054,165638,86.87487828627069,453.8027397260274,0,0,0.5,1.0,0.0,0,0,0.0,0.0,0.0,0.0,0.0,0.0,0.0,0.0,0.0,0,0,0,0.5,0.5,0.5,0.5,0.5,0.5,0.5,0.5,0.5,1,0,0,neutral,Unknown,individual,unknown,original,yes,0,0,0,0,0,0,0,0,0,0,0,0
365,11441,1012,121995,11.305335968379447,334.2328767123288,0,0,0.5,1.0,0.0,0,0,0.0,0.0,0.0,0.0,0.0,0.0,0.0,0.0,0.0,0,0,0,0.5,0.5,0.5,0.5,0.5,0.5,0.5,0.5,0.5,1,0,0,neutral,Unknown,individual,unknown,original,yes,0,0,0,0,0,0,0,0,0,0,0,0
365,11556,8810,16023,1.3116912599318955,43.8986301369863,0,0,0.5,1.0,0.0,0,0,0.0,0.0,0.0,0.0,0.0,0.0,0.0,0.0,0.0,0,0,0,0.5,0.5,0.5,0.5,0.5,0.5,0.5,0.5,0.5,1,0,0,neutral,Unknown,individual,unknown,original,yes,0,0,0,0,0,0,0,0,0,0,0,0
365,1291,1361,12861,0.9485672299779574,35.23561643835617,0,0,0.5,1.0,0.0,0,0,0.0,0.0,0.0,0.0,0.0,0.0,0.0,0.0,0.0,0,0,0,0.5,0.5,0.5,0.5,0.5,0.5,0.5,0.5,0.5,1,0,0,neutral,Unknown,individual,unknown,original,yes,0,0,0,0,0,0,0,0,0,0,0,0
365,116224,464,31785,250.48275862068965,87.08219178082192,0,0,0.5,1.0,0.0,0,0,0.0,0.0,0.0,0.0,0.0,0.0,0.0,0.0,0.0,0,0,0,0.5,0.5,0.5,0.4,0.5,0.5,0.5,0.4600000000000001,0.5,1,0,0,neutral,Unknown,individual,unknown,original,yes,0,0,0,0,0,0,0,0,0,0,0,0
365,503055,1903,123074,264.3483972674724,337.1890410958904,0,0,0.5,1.0,0.0,0,0,0.0,0.0,0.0,0.0,0.0,0.0,0.0,0.0,0.0,0,0,0,0.5,0.5,0.5,0.4,0.5,0.5,0.5,0.4600000000000001,0.5,1,0,0,neutral,Unknown,individual,unknown,original,yes,0,0,0,0,0,0,0,0,0,0,0,0
365,1285614,467,48180,2752.9207708779445,132.0,0,0,0.5,1.0,0.0,0,0,0.0,0.0,0.0,0.0,0.0,0.0,0.0,0.0,0.0,0,0,0,0.5,0.5,0.5,0.4,0.5,0.5,0.5,0.4600000000000001,0.5,1,0,0,neutral,Unknown,individual,unknown,original,yes,0,0,0,0,0,0,0,0,0,0,0,0
365,10464,3126,89972,3.347408829174664,246.4986301369863,0,0,0.5,1.0,0.0,0,0,0.0,0.0,0.0,0.0,0.0,0.0,0.0,0.0,0.0,0,0,0,0.5,0.5,0.5,0.5,0.5,0.5,0.5,0.5,0.5,1,0,0,neutral,Unknown,individual,unknown,original,yes,0,0,0,0,0,0,0,0,0,0,0,0
365,57402,1261,4757,45.52101506740682,13.032876712328767,0,0,0.5,1.0,0.0,0,0,0.0,0.0,0.0,0.0,0.0,0.0,0.0,0.0,0.0,0,0,0,0.5,0.5,0.5,0.5,0.5,0.5,0.5,0.5,0.5,1,0,0,neutral,Unknown,individual,unknown,original,yes,0,0,0,0,0,0,0,0,0,0,0,0
365,15363,4004,39944,3.836913086913087,109.43561643835616,0,0,0.5,1.0,0.0,0,0,0.0,0.0,0.0,0.0,0.0,0.0,0.0,0.0,0.0,0,0,0,0.5,0.5,0.5,0.5,0.5,0.5,0.5,0.5,0.5,1,0,0,neutral,Unknown,individual,unknown,original,yes,0,0,0,0,0,0,0,0,0,0,0,0
365,19009,1668,25704,11.396282973621103,70.42191780821918,0,0,0.5,1.0,0.0,0,0,0.0,0.0,0.0,0.0,0.0,0.0,0.0,0.0,0.0,0,0,0,0.5,0.5,0.5,0.5,0.5,0.5,0.5,0.5,0.5,1,0,0,neutral,Unknown,individual,unknown,original,yes,0,0,0,0,0,0,0,0,0,0,0,0
365,13842,1252,4437,11.05591054313099,12.156164383561643,0,0,0.5,1.0,0.0,0,0,0.0,0.0,0.0,0.0,0.0,0.0,0.0,0.0,0.0,0,0,0,0.5,0.5,0.5,0.5,0.5,0.5,0.5,0.5,0.5,1,0,0,neutral,Unknown,individual,unknown,original,yes,0,0,0,0,0,0,0,0,0,0,0,0
365,3155,1046,4599,3.0162523900573612,12.6,0,0,0.5,1.0,0.0,0,0,0.0,0.0,0.0,0.0,0.0,0.0,0.0,0.0,0.0,0,0,0,0.5,0.5,0.5,0.5,0.5,0.5,0.5,0.5,0.5,1,0,0,neutral,Unknown,individual,unknown,original,yes,0,0,0,0,0,0,0,0,0,0,0,0
365,1805452,664,33153,2719.0542168674697,90.83013698630137,0,0,0.5,1.0,0.0,0,0,0.0,0.0,0.0,0.0,0.0,0.0,0.0,0.0,0.0,0,0,0,0.5,0.5,0.5,0.4,0.5,0.5,0.5,0.4600000000000001,0.5,1,0,0,neutral,Unknown,individual,unknown,original,yes,0,0,0,0,0,0,0,0,0,0,0,0
365,23394,133,30176,175.89473684210526,82.67397260273972,0,0,0.5,1.0,0.0,0,0,0.0,0.0,0.0,0.0,0.0,0.0,0.0,0.0,0.0,0,0,0,0.5,0.5,0.5,0.4,0.5,0.5,0.5,0.4600000000000001,0.5,1,0,0,neutral,Unknown,individual,unknown,original,yes,0,0,0,0,0,0,0,0,0,0,0,0
365,56382,1538,3326,36.659297789336804,9.112328767123287,0,0,0.5,1.0,0.0,0,0,0.0,0.0,0.0,0.0,0.0,0.0,0.0,0.0,0.0,0,0,0,0.5,0.5,0.5,0.5,0.5,0.5,0.5,0.5,0.5,1,0,0,neutral,Unknown,individual,unknown,original,yes,0,0,0,0,0,0,0,0,0,0,0,0
365,22465,1859,78349,12.084454007530931,214.65479452054794,0,0,0.5,1.0,0.0,0,0,0.0,0.0,0.0,0.0,0.0,0.0,0.0,0.0,0.0,0,0,0,0.5,0.5,0.5,0.5,0.5,0.5,0.5,0.5,0.5,1,0,0,neutral,Unknown,individual,unknown,original,yes,0,0,0,0,0,0,0,0,0,0,0,0
365,170507,21161,62888,8.057605973252683,172.2958904109589,0,0,0.5,1.0,0.0,0,0,0.0,0.0,0.0,0.0,0.0,0.0,0.0,0.0,0.0,0,0,0,0.5,0.5,0.5,0.5,0.5,0.5,0.5,0.5,0.5,1,0,0,neutral,Unknown,individual,unknown,original,yes,0,0,0,0,0,0,0,0,0,0,0,0
365,35224,4258,5431,8.27242837012682,14.87945205479452,0,0,0.5,1.0,0.0,0,0,0.0,0.0,0.0,0.0,0.0,0.0,0.0,0.0,0.0,0,0,0,0.5,0.5,0.5,0.5,0.5,0.5,0.5,0.5,0.5,1,0,0,neutral,Unknown,individual,unknown,original,yes,0,0,0,0,0,0,0,0,0,0,0,0
365,252725,958,49573,263.80480167014616,135.81643835616438,0,0,0.5,1.0,0.0,0,0,0.0,0.0,0.0,0.0,0.0,0.0,0.0,0.0,0.0,0,0,0,0.5,0.5,0.5,0.4,0.5,0.5,0.5,0.4600000000000001,0.5,1,0,0,neutral,Unknown,individual,unknown,original,yes,0,0,0,0,0,0,0,0,0,0,0,0
365,12051,399,1980,30.203007518796994,5.424657534246576,0,0,0.5,1.0,0.0,0,0,0.0,0.0,0.0,0.0,0.0,0.0,0.0,0.0,0.0,0,0,0,0.5,0.5,0.5,0.5,0.5,0.5,0.5,0.5,0.5,1,0,0,neutral,Unknown,individual,unknown,original,yes,0,0,0,0,0,0,0,0,0,0,0,0
365,152974,7822,109793,19.556890820761954,300.8027397260274,0,0,0.5,1.0,0.0,0,0,0.0,0.0,0.0,0.0,0.0,0.0,0.0,0.0,0.0,0,0,0,0.5,0.5,0.5,0.5,0.5,0.5,0.5,0.5,0.5,1,0,0,neutral,Unknown,individual,unknown,original,yes,0,0,0,0,0,0,0,0,0,0,0,0
365,7443,1264,25076,5.888449367088608,68.7013698630137,0,0,0.5,1.0,0.0,0,0,0.0,0.0,0.0,0.0,0.0,0.0,0.0,0.0,0.0,0,0,0,0.5,0.5,0.5,0.5,0.5,0.5,0.5,0.5,0.5,1,0,0,neutral,Unknown,individual,unknown,original,yes,0,0,0,0,0,0,0,0,0,0,0,0
365,23127,7559,21567,3.0595316840851963,59.087671232876716,0,0,0.5,1.0,0.0,0,0,0.0,0.0,0.0,0.0,0.0,0.0,0.0,0.0,0.0,0,0,0,0.5,0.5,0.5,0.5,0.5,0.5,0.5,0.5,0.5,1,0,0,neutral,Unknown,individual,unknown,original,yes,0,0,0,0,0,0,0,0,0,0,0,0
365,3430,978,5422,3.507157464212679,14.854794520547944,0,0,0.5,1.0,0.0,0,0,0.0,0.0,0.0,0.0,0.0,0.0,0.0,0.0,0.0,0,0,0,0.5,0.5,0.5,0.5,0.5,0.5,0.5,0.5,0.5,1,0,0,neutral,Unknown,individual,unknown,original,yes,0,0,0,0,0,0,0,0,0,0,0,0
365,1283,332,2281,3.8644578313253013,6.249315068493151,0,0,0.5,1.0,0.0,0,0,0.0,0.0,0.0,0.0,0.0,0.0,0.0,0.0,0.0,0,0,0,0.5,0.5,0.5,0.5,0.5,0.5,0.5,0.5,0.5,1,0,0,neutral,Unknown,individual,unknown,original,yes,0,0,0,0,0,0,0,0,0,0,0,0
365,2453,3379,18530,0.725954424385913,50.76712328767123,0,0,0.5,1.0,0.0,0,0,0.0,0.0,0.0,0.0,0.0,0.0,0.0,0.0,0.0,0,0,0,0.5,0.5,0.5,0.5,0.5,0.5,0.5,0.5,0.5,1,0,0,neutral,Unknown,individual,unknown,original,yes,0,0,0,0,0,0,0,0,0,0,0,0
365,18057,722,19131,25.009695290858726,52.413698630136984,0,0,0.5,1.0,0.0,0,0,0.0,0.0,0.0,0.0,0.0,0.0,0.0,0.0,0.0,0,0,0,0.5,0.5,0.5,0.5,0.5,0.5,0.5,0.5,0.5,1,0,0,neutral,Unknown,individual,unknown,original,yes,0,0,0,0,0,0,0,0,0,0,0,0
365,6244,3495,167,1.786552217453505,0.4575342465753425,0,0,0.5,1.0,0.0,0,0,0.0,0.0,0.0,0.0,0.0,0.0,0.0,0.0,0.0,0,0,0,0.5,0.5,0.5,0.5,0.5,0.5,0.5,0.5,0.5,1,0,0,neutral,Unknown,individual,unknown,original,yes,0,0,0,0,0,0,0,0,0,0,0,0
365,4421,4564,9392,0.9686678352322524,25.731506849315068,0,0,0.5,1.0,0.0,0,0,0.0,0.0,0.0,0.0,0.0,0.0,0.0,0.0,0.0,0,0,0,0.5,0.5,0.5,0.5,0.5,0.5,0.5,0.5,0.5,1,0,0,neutral,Unknown,individual,unknown,original,yes,0,0,0,0,0,0,0,0,0,0,0,0
365,12139,1983,32037,6.121533030761473,87.77260273972603,0,0,0.5,1.0,0.0,0,0,0.0,0.0,0.0,0.0,0.0,0.0,0.0,0.0,0.0,0,0,0,0.5,0.5,0.5,0.5,0.5,0.5,0.5,0.5,0.5,1,0,0,neutral,Unknown,individual,unknown,original,yes,0,0,0,0,0,0,0,0,0,0,0,0
365,78115,3748,110597,20.84178228388474,303.0054794520548,0,0,0.5,1.0,0.0,0,0,0.0,0.0,0.0,0.0,0.0,0.0,0.0,0.0,0.0,0,0,0,0.5,0.5,0.5,0.5,0.5,0.5,0.5,0.5,0.5,1,0,0,neutral,Unknown,individual,unknown,original,yes,0,0,0,0,0,0,0,0,0,0,0,0
365,141888,110,42934,1289.8909090909092,117.62739726027397,0,0,0.5,1.0,0.0,0,0,0.0,0.0,0.0,0.0,0.0,0.0,0.0,0.0,0.0,0,0,0,0.5,0.5,0.5,0.4,0.5,0.5,0.5,0.4600000000000001,0.5,1,0,0,neutral,Unknown,individual,unknown,original,yes,0,0,0,0,0,0,0,0,0,0,0,0
365,10582,1558,15205,6.79204107830552,41.657534246575345,0,0,0.5,1.0,0.0,0,0,0.0,0.0,0.0,0.0,0.0,0.0,0.0,0.0,0.0,0,0,0,0.5,0.5,0.5,0.5,0.5,0.5,0.5,0.5,0.5,1,0,0,neutral,Unknown,individual,unknown,original,yes,0,0,0,0,0,0,0,0,0,0,0,0
365,158457,102,11253,1553.5,30.83013698630137,0,0,0.5,1.0,0.0,0,0,0.0,0.0,0.0,0.0,0.0,0.0,0.0,0.0,0.0,0,0,0,0.5,0.5,0.5,0.4,0.5,0.5,0.5,0.4600000000000001,0.5,1,0,0,neutral,Unknown,individual,unknown,original,yes,0,0,0,0,0,0,0,0,0,0,0,0
365,4535,1281,12852,3.540202966432475,35.21095890410959,0,0,0.5,1.0,0.0,0,0,0.0,0.0,0.0,0.0,0.0,0.0,0.0,0.0,0.0,0,0,0,0.5,0.5,0.5,0.5,0.5,0.5,0.5,0.5,0.5,1,0,0,neutral,Unknown,individual,unknown,original,yes,0,0,0,0,0,0,0,0,0,0,0,0
365,9568,501,176692,19.097804391217565,484.0876712328767,0,0,0.5,1.0,0.0,0,0,0.0,0.0,0.0,0.0,0.0,0.0,0.0,0.0,0.0,0,0,0,0.5,0.5,0.5,0.5,0.5,0.5,0.5,0.5,0.5,1,0,0,neutral,Unknown,individual,unknown,original,yes,0,0,0,0,0,0,0,0,0,0,0,0
365,9734,402,55506,24.213930348258707,152.07123287671232,0,0,0.5,1.0,0.0,0,0,0.0,0.0,0.0,0.0,0.0,0.0,0.0,0.0,0.0,0,0,0,0.5,0.5,0.5,0.5,0.5,0.5,0.5,0.5,0.5,1,0,0,neutral,Unknown,individual,unknown,original,yes,0,0,0,0,0,0,0,0,0,0,0,0
365,46970,1107,27180,42.429990966576334,74.46575342465754,0,0,0.5,1.0,0.0,0,0,0.0,0.0,0.0,0.0,0.0,0.0,0.0,0.0,0.0,0,0,0,0.5,0.5,0.5,0.5,0.5,0.5,0.5,0.5,0.5,1,0,0,neutral,Unknown,individual,unknown,original,yes,0,0,0,0,0,0,0,0,0,0,0,0
365,28927,1328,10519,21.78237951807229,28.81917808219178,0,0,0.5,1.0,0.0,0,0,0.0,0.0,0.0,0.0,0.0,0.0,0.0,0.0,0.0,0,0,0,0.5,0.5,0.5,0.5,0.5,0.5,0.5,0.5,0.5,1,0,0,neutral,Unknown,individual,unknown,original,yes,0,0,0,0,0,0,0,0,0,0,0,0
365,38442,1436,11158,26.770194986072422,30.56986301369863,0,0,0.5,1.0,0.0,0,0,0.0,0.0,0.0,0.0,0.0,0.0,0.0,0.0,0.0,0,0,0,0.5,0.5,0.5,0.5,0.5,0.5,0.5,0.5,0.5,1,0,0,neutral,Unknown,individual,unknown,original,yes,0,0,0,0,0,0,0,0,0,0,0,0
365,4629,230,2599,20.12608695652174,7.120547945205479,0,0,0.5,1.0,0.0,0,0,0.0,0.0,0.0,0.0,0.0,0.0,0.0,0.0,0.0,0,0,0,0.5,0.5,0.5,0.5,0.5,0.5,0.5,0.5,0.5,1,0,0,neutral,Unknown,individual,unknown,original,yes,0,0,0,0,0,0,0,0,0,0,0,0
365,31733,1538,92453,20.63263979193758,253.2958904109589,0,0,0.5,1.0,0.0,0,0,0.0,0.0,0.0,0.0,0.0,0.0,0.0,0.0,0.0,0,0,0,0.5,0.5,0.5,0.5,0.5,0.5,0.5,0.5,0.5,1,0,0,neutral,Unknown,individual,unknown,original,yes,0,0,0,0,0,0,0,0,0,0,0,0
365,29200,1709,76884,17.08601521357519,210.64109589041095,0,0,0.5,1.0,0.0,0,0,0.0,0.0,0.0,0.0,0.0,0.0,0.0,0.0,0.0,0,0,0,0.5,0.5,0.5,0.5,0.5,0.5,0.5,0.5,0.5,1,0,0,neutral,Unknown,individual,unknown,original,yes,0,0,0,0,0,0,0,0,0,0,0,0
365,21289,2157,39019,9.869726471951784,106.9013698630137,0,0,0.5,1.0,0.0,0,0,0.0,0.0,0.0,0.0,0.0,0.0,0.0,0.0,0.0,0,0,0,0.5,0.5,0.5,0.5,0.5,0.5,0.5,0.5,0.5,1,0,0,neutral,Unknown,individual,unknown,original,yes,0,0,0,0,0,0,0,0,0,0,0,0
365,193439,2657,92090,72.80353782461422,252.3013698630137,0,0,0.5,1.0,0.0,0,0,0.0,0.0,0.0,0.0,0.0,0.0,0.0,0.0,0.0,0,0,0,0.5,0.5,0.5,0.5,0.5,0.5,0.5,0.5,0.5,1,0,0,neutral,Unknown,individual,unknown,original,yes,0,0,0,0,0,0,0,0,0,0,0,0
365,51888,1496,49925,34.68449197860963,136.78082191780823,0,0,0.5,1.0,0.0,0,0,0.0,0.0,0.0,0.0,0.0,0.0,0.0,0.0,0.0,0,0,0,0.5,0.5,0.5,0.5,0.5,0.5,0.5,0.5,0.5,1,0,0,neutral,Unknown,individual,unknown,original,yes,0,0,0,0,0,0,0,0,0,0,0,0
365,79378,1873,44037,42.380138814735716,120.64931506849315,0,0,0.5,1.0,0.0,0,0,0.0,0.0,0.0,0.0,0.0,0.0,0.0,0.0,0.0,0,0,0,0.5,0.5,0.5,0.5,0.5,0.5,0.5,0.5,0.5,1,0,0,neutral,Unknown,individual,unknown,original,yes,0,0,0,0,0,0,0,0,0,0,0,0
365,76061,0,4397,0.0,12.046575342465754,0,0,0.5,1.0,0.0,0,0,0.0,0.0,0.0,0.0,0.0,0.0,0.0,0.0,0.0,0,0,0,0.5,0.5,0.5,0.3,0.5,0.5,0.5,0.42000000000000004,0.5,1,0,0,neutral,Unknown,individual,unknown,original,yes,0,0,0,0,0,0,0,0,0,0,0,0
365,4093,1076,19431,3.803903345724907,53.23561643835617,0,0,0.5,1.0,0.0,0,0,0.0,0.0,0.0,0.0,0.0,0.0,0.0,0.0,0.0,0,0,0,0.5,0.5,0.5,0.5,0.5,0.5,0.5,0.5,0.5,1,0,0,neutral,Unknown,individual,unknown,original,yes,0,0,0,0,0,0,0,0,0,0,0,0
365,5786,1220,48385,4.742622950819672,132.56164383561645,0,0,0.5,1.0,0.0,0,0,0.0,0.0,0.0,0.0,0.0,0.0,0.0,0.0,0.0,0,0,0,0.5,0.5,0.5,0.5,0.5,0.5,0.5,0.5,0.5,1,0,0,neutral,Unknown,individual,unknown,original,yes,0,0,0,0,0,0,0,0,0,0,0,0
365,28005,1102,8753,25.412885662431943,23.980821917808218,0,0,0.5,1.0,0.0,0,0,0.0,0.0,0.0,0.0,0.0,0.0,0.0,0.0,0.0,0,0,0,0.5,0.5,0.5,0.5,0.5,0.5,0.5,0.5,0.5,1,0,0,neutral,Unknown,individual,unknown,original,yes,0,0,0,0,0,0,0,0,0,0,0,0
365,38220,690,15971,55.391304347826086,43.75616438356165,0,0,0.5,1.0,0.0,0,0,0.0,0.0,0.0,0.0,0.0,0.0,0.0,0.0,0.0,0,0,0,0.5,0.5,0.5,0.5,0.5,0.5,0.5,0.5,0.5,1,0,0,neutral,Unknown,individual,unknown,original,yes,0,0,0,0,0,0,0,0,0,0,0,0
365,9174,4907,82318,1.8695740778479724,225.52876712328768,0,0,0.5,1.0,0.0,0,0,0.0,0.0,0.0,0.0,0.0,0.0,0.0,0.0,0.0,0,0,0,0.5,0.5,0.5,0.5,0.5,0.5,0.5,0.5,0.5,1,0,0,neutral,Unknown,individual,unknown,original,yes,0,0,0,0,0,0,0,0,0,0,0,0
365,24727,3342,12383,7.398862956313585,33.92602739726028,0,0,0.5,1.0,0.0,0,0,0.0,0.0,0.0,0.0,0.0,0.0,0.0,0.0,0.0,0,0,0,0.5,0.5,0.5,0.5,0.5,0.5,0.5,0.5,0.5,1,0,0,neutral,Unknown,individual,unknown,original,yes,0,0,0,0,0,0,0,0,0,0,0,0
365,2202,953,5956,2.310598111227702,16.317808219178083,0,0,0.5,1.0,0.0,0,0,0.0,0.0,0.0,0.0,0.0,0.0,0.0,0.0,0.0,0,0,0,0.5,0.5,0.5,0.5,0.5,0.5,0.5,0.5,0.5,1,0,0,neutral,Unknown,individual,unknown,original,yes,0,0,0,0,0,0,0,0,0,0,0,0
365,18695,8219,30476,2.2746076164983573,83.4958904109589,0,0,0.5,1.0,0.0,0,0,0.0,0.0,0.0,0.0,0.0,0.0,0.0,0.0,0.0,0,0,0,0.5,0.5,0.5,0.5,0.5,0.5,0.5,0.5,0.5,1,0,0,neutral,Unknown,individual,unknown,original,yes,0,0,0,0,0,0,0,0,0,0,0,0
365,133577,2653,24006,50.34941575574821,65.76986301369863,0,0,0.5,1.0,0.0,0,0,0.0,0.0,0.0,0.0,0.0,0.0,0.0,0.0,0.0,0,0,0,0.5,0.5,0.5,0.5,0.5,0.5,0.5,0.5,0.5,1,0,0,neutral,Unknown,individual,unknown,original,yes,0,0,0,0,0,0,0,0,0,0,0,0
365,494137,297,34110,1663.7609427609427,93.45205479452055,0,0,0.5,1.0,0.0,0,0,0.0,0.0,0.0,0.0,0.0,0.0,0.0,0.0,0.0,0,0,0,0.5,0.5,0.5,0.4,0.5,0.5,0.5,0.4600000000000001,0.5,1,0,0,neutral,Unknown,individual,unknown,original,yes,0,0,0,0,0,0,0,0,0,0,0,0
365,11212,2360,4531,4.750847457627119,12.413698630136986,0,0,0.5,1.0,0.0,0,0,0.0,0.0,0.0,0.0,0.0,0.0,0.0,0.0,0.0,0,0,0,0.5,0.5,0.5,0.5,0.5,0.5,0.5,0.5,0.5,1,0,0,neutral,Unknown,individual,unknown,original,yes,0,0,0,0,0,0,0,0,0,0,0,0
365,8323,1523,11608,5.4648719632304665,31.802739726027397,0,0,0.5,1.0,0.0,0,0,0.0,0.0,0.0,0.0,0.0,0.0,0.0,0.0,0.0,0,0,0,0.5,0.5,0.5,0.5,0.5,0.5,0.5,0.5,0.5,1,0,0,neutral,Unknown,individual,unknown,original,yes,0,0,0,0,0,0,0,0,0,0,0,0
365,10479,2243,14351,4.671868033883192,39.31780821917808,0,0,0.5,1.0,0.0,0,0,0.0,0.0,0.0,0.0,0.0,0.0,0.0,0.0,0.0,0,0,0,0.5,0.5,0.5,0.5,0.5,0.5,0.5,0.5,0.5,1,0,0,neutral,Unknown,individual,unknown,original,yes,0,0,0,0,0,0,0,0,0,0,0,0
365,6982,1399,3343,4.990707648320229,9.158904109589042,0,0,0.5,1.0,0.0,0,0,0.0,0.0,0.0,0.0,0.0,0.0,0.0,0.0,0.0,0,0,0,0.5,0.5,0.5,0.5,0.5,0.5,0.5,0.5,0.5,1,0,0,neutral,Unknown,individual,unknown,original,yes,0,0,0,0,0,0,0,0,0,0,0,0
365,2172,2394,102537,0.9072681704260651,280.92328767123286,0,0,0.5,1.0,0.0,0,0,0.0,0.0,0.0,0.0,0.0,0.0,0.0,0.0,0.0,0,0,0,0.5,0.5,0.5,0.5,0.5,0.5,0.5,0.5,0.5,1,0,0,neutral,Unknown,individual,unknown,original,yes,0,0,0,0,0,0,0,0,0,0,0,0
365,5131,2842,5820,1.8054187192118227,15.945205479452055,0,0,0.5,1.0,0.0,0,0,0.0,0.0,0.0,0.0,0.0,0.0,0.0,0.0,0.0,0,0,0,0.5,0.5,0.5,0.5,0.5,0.5,0.5,0.5,0.5,1,0,0,neutral,Unknown,individual,unknown,original,yes,0,0,0,0,0,0,0,0,0,0,0,0
365,5845,863,265,6.7728852838933955,0.726027397260274,0,0,0.5,1.0,0.0,0,0,0.0,0.0,0.0,0.0,0.0,0.0,0.0,0.0,0.0,0,0,0,0.5,0.5,0.5,0.5,0.5,0.5,0.5,0.5,0.5,1,0,0,neutral,Unknown,individual,unknown,original,yes,0,0,0,0,0,0,0,0,0,0,0,0
365,6488,1209,5578,5.36641852770885,15.282191780821918,0,0,0.5,1.0,0.0,0,0,0.0,0.0,0.0,0.0,0.0,0.0,0.0,0.0,0.0,0,0,0,0.5,0.5,0.5,0.5,0.5,0.5,0.5,0.5,0.5,1,0,0,neutral,Unknown,individual,unknown,original,yes,0,0,0,0,0,0,0,0,0,0,0,0
365,53907,3649,68701,14.773088517402028,188.2219178082192,0,0,0.5,1.0,0.0,0,0,0.0,0.0,0.0,0.0,0.0,0.0,0.0,0.0,0.0,0,0,0,0.5,0.5,0.5,0.5,0.5,0.5,0.5,0.5,0.5,1,0,0,neutral,Unknown,individual,unknown,original,yes,0,0,0,0,0,0,0,0,0,0,0,0
365,13910,866,6404,16.062355658198616,17.545205479452054,0,0,0.5,1.0,0.0,0,0,0.0,0.0,0.0,0.0,0.0,0.0,0.0,0.0,0.0,0,0,0,0.5,0.5,0.5,0.5,0.5,0.5,0.5,0.5,0.5,1,0,0,neutral,Unknown,individual,unknown,original,yes,0,0,0,0,0,0,0,0,0,0,0,0
365,74161,4604,10388,16.10794960903562,28.46027397260274,0,0,0.5,1.0,0.0,0,0,0.0,0.0,0.0,0.0,0.0,0.0,0.0,0.0,0.0,0,0,0,0.5,0.5,0.5,0.5,0.5,0.5,0.5,0.5,0.5,1,0,0,neutral,Unknown,individual,unknown,original,yes,0,0,0,0,0,0,0,0,0,0,0,0
365,37820,773,15764,48.926261319534284,43.18904109589041,0,0,0.5,1.0,0.0,0,0,0.0,0.0,0.0,0.0,0.0,0.0,0.0,0.0,0.0,0,0,0,0.5,0.5,0.5,0.5,0.5,0.5,0.5,0.5,0.5,1,0,0,neutral,Unknown,individual,unknown,original,yes,0,0,0,0,0,0,0,0,0,0,0,0
365,4775,291,26135,16.40893470790378,71.6027397260274,0,0,0.5,1.0,0.0,0,0,0.0,0.0,0.0,0.0,0.0,0.0,0.0,0.0,0.0,0,0,0,0.5,0.5,0.5,0.5,0.5,0.5,0.5,0.5,0.5,1,0,0,neutral,Unknown,individual,unknown,original,yes,0,0,0,0,0,0,0,0,0,0,0,0
365,27239,2894,41624,9.41223220456116,114.03835616438356,0,0,0.5,1.0,0.0,0,0,0.0,0.0,0.0,0.0,0.0,0.0,0.0,0.0,0.0,0,0,0,0.5,0.5,0.5,0.5,0.5,0.5,0.5,0.5,0.5,1,0,0,neutral,Unknown,individual,unknown,original,yes,0,0,0,0,0,0,0,0,0,0,0,0
365,7396,2836,8734,2.607898448519041,23.92876712328767,0,0,0.5,1.0,0.0,0,0,0.0,0.0,0.0,0.0,0.0,0.0,0.0,0.0,0.0,0,0,0,0.5,0.5,0.5,0.5,0.5,0.5,0.5,0.5,0.5,1,0,0,neutral,Unknown,individual,unknown,original,yes,0,0,0,0,0,0,0,0,0,0,0,0
365,43275,675,8204,64.11111111111111,22.476712328767125,0,0,0.5,1.0,0.0,0,0,0.0,0.0,0.0,0.0,0.0,0.0,0.0,0.0,0.0,0,0,0,0.5,0.5,0.5,0.5,0.5,0.5,0.5,0.5,0.5,1,0,0,neutral,Unknown,individual,unknown,original,yes,0,0,0,0,0,0,0,0,0,0,0,0
365,1061,455,2808,2.331868131868132,7.693150684931507,0,0,0.5,1.0,0.0,0,0,0.0,0.0,0.0,0.0,0.0,0.0,0.0,0.0,0.0,0,0,0,0.5,0.5,0.5,0.5,0.5,0.5,0.5,0.5,0.5,1,0,0,neutral,Unknown,individual,unknown,original,yes,0,0,0,0,0,0,0,0,0,0,0,0
365,11528,419,15873,27.513126491646776,43.487671232876714,0,0,0.5,1.0,0.0,0,0,0.0,0.0,0.0,0.0,0.0,0.0,0.0,0.0,0.0,0,0,0,0.5,0.5,0.5,0.5,0.5,0.5,0.5,0.5,0.5,1,0,0,neutral,Unknown,individual,unknown,original,yes,0,0,0,0,0,0,0,0,0,0,0,0
365,4182,1369,6578,3.054784514243974,18.02191780821918,0,0,0.5,1.0,0.0,0,0,0.0,0.0,0.0,0.0,0.0,0.0,0.0,0.0,0.0,0,0,0,0.5,0.5,0.5,0.5,0.5,0.5,0.5,0.5,0.5,1,0,0,neutral,Unknown,individual,unknown,original,yes,0,0,0,0,0,0,0,0,0,0,0,0
365,970,543,9246,1.7863720073664826,25.33150684931507,0,0,0.5,1.0,0.0,0,0,0.0,0.0,0.0,0.0,0.0,0.0,0.0,0.0,0.0,0,0,0,0.5,0.5,0.5,0.5,0.5,0.5,0.5,0.5,0.5,1,0,0,neutral,Unknown,individual,unknown,original,yes,0,0,0,0,0,0,0,0,0,0,0,0
365,130903,402,258419,325.62935323383084,707.9972602739726,0,0,0.5,1.0,0.0,0,0,0.0,0.0,0.0,0.0,0.0,0.0,0.0,0.0,0.0,0,0,0,0.5,0.5,0.5,0.4,0.5,0.5,0.5,0.4600000000000001,0.5,1,0,0,neutral,Unknown,individual,unknown,original,yes,0,0,0,0,0,0,0,0,0,0,0,0
365,54369,1112,94498,48.89298561151079,258.8986301369863,0,0,0.5,1.0,0.0,0,0,0.0,0.0,0.0,0.0,0.0,0.0,0.0,0.0,0.0,0,0,0,0.5,0.5,0.5,0.5,0.5,0.5,0.5,0.5,0.5,1,0,0,neutral,Unknown,individual,unknown,original,yes,0,0,0,0,0,0,0,0,0,0,0,0
365,9938,4703,31265,2.113119285562407,85.65753424657534,0,0,0.5,1.0,0.0,0,0,0.0,0.0,0.0,0.0,0.0,0.0,0.0,0.0,0.0,0,0,0,0.5,0.5,0.5,0.5,0.5,0.5,0.5,0.5,0.5,1,0,0,neutral,Unknown,individual,unknown,original,yes,0,0,0,0,0,0,0,0,0,0,0,0
365,1219521,973,287945,1253.3617677286743,788.8904109589041,0,0,0.5,1.0,0.0,0,0,0.0,0.0,0.0,0.0,0.0,0.0,0.0,0.0,0.0,0,0,0,0.5,0.5,0.5,0.4,0.5,0.5,0.5,0.4600000000000001,0.5,1,0,0,neutral,Unknown,individual,unknown,original,yes,0,0,0,0,0,0,0,0,0,0,0,0
365,7374,992,30028,7.433467741935484,82.26849315068493,0,0,0.5,1.0,0.0,0,0,0.0,0.0,0.0,0.0,0.0,0.0,0.0,0.0,0.0,0,0,0,0.5,0.5,0.5,0.5,0.5,0.5,0.5,0.5,0.5,1,0,0,neutral,Unknown,individual,unknown,original,yes,0,0,0,0,0,0,0,0,0,0,0,0
365,2255,401,6705,5.623441396508728,18.36986301369863,0,0,0.5,1.0,0.0,0,0,0.0,0.0,0.0,0.0,0.0,0.0,0.0,0.0,0.0,0,0,0,0.5,0.5,0.5,0.5,0.5,0.5,0.5,0.5,0.5,1,0,0,neutral,Unknown,individual,unknown,original,yes,0,0,0,0,0,0,0,0,0,0,0,0
365,5087,933,13410,5.452304394426581,36.73972602739726,0,0,0.5,1.0,0.0,0,0,0.0,0.0,0.0,0.0,0.0,0.0,0.0,0.0,0.0,0,0,0,0.5,0.5,0.5,0.5,0.5,0.5,0.5,0.5,0.5,1,0,0,neutral,Unknown,individual,unknown,original,yes,0,0,0,0,0,0,0,0,0,0,0,0
365,190154,914,108425,208.04595185995623,297.05479452054794,0,0,0.5,1.0,0.0,0,0,0.0,0.0,0.0,0.0,0.0,0.0,0.0,0.0,0.0,0,0,0,0.5,0.5,0.5,0.4,0.5,0.5,0.5,0.4600000000000001,0.5,1,0,0,neutral,Unknown,individual,unknown,original,yes,0,0,0,0,0,0,0,0,0,0,0,0
365,4994,1735,5900,2.878386167146974,16.164383561643834,0,0,0.5,1.0,0.0,0,0,0.0,0.0,0.0,0.0,0.0,0.0,0.0,0.0,0.0,0,0,0,0.5,0.5,0.5,0.5,0.5,0.5,0.5,0.5,0.5,1,0,0,neutral,Unknown,individual,unknown,original,yes,0,0,0,0,0,0,0,0,0,0,0,0
365,11144,642,1632,17.358255451713397,4.471232876712329,0,0,0.5,1.0,0.0,0,0,0.0,0.0,0.0,0.0,0.0,0.0,0.0,0.0,0.0,0,0,0,0.5,0.5,0.5,0.5,0.5,0.5,0.5,0.5,0.5,1,0,0,neutral,Unknown,individual,unknown,original,yes,0,0,0,0,0,0,0,0,0,0,0,0
365,2387,1249,4808,1.911128903122498,13.172602739726027,0,0,0.5,1.0,0.0,0,0,0.0,0.0,0.0,0.0,0.0,0.0,0.0,0.0,0.0,0,0,0,0.5,0.5,0.5,0.5,0.5,0.5,0.5,0.5,0.5,1,0,0,neutral,Unknown,individual,unknown,original,yes,0,0,0,0,0,0,0,0,0,0,0,0
365,7260,287,26946,25.29616724738676,73.82465753424657,0,0,0.5,1.0,0.0,0,0,0.0,0.0,0.0,0.0,0.0,0.0,0.0,0.0,0.0,0,0,0,0.5,0.5,0.5,0.5,0.5,0.5,0.5,0.5,0.5,1,0,0,neutral,Unknown,individual,unknown,original,yes,0,0,0,0,0,0,0,0,0,0,0,0
365,7546,369,2163,20.449864498644985,5.926027397260274,0,0,0.5,1.0,0.0,0,0,0.0,0.0,0.0,0.0,0.0,0.0,0.0,0.0,0.0,0,0,0,0.5,0.5,0.5,0.5,0.5,0.5,0.5,0.5,0.5,1,0,0,neutral,Unknown,individual,unknown,original,yes,0,0,0,0,0,0,0,0,0,0,0,0
365,35789,3627,19401,9.867383512544803,53.153424657534245,0,0,0.5,1.0,0.0,0,0,0.0,0.0,0.0,0.0,0.0,0.0,0.0,0.0,0.0,0,0,0,0.5,0.5,0.5,0.5,0.5,0.5,0.5,0.5,0.5,1,0,0,neutral,Unknown,individual,unknown,original,yes,0,0,0,0,0,0,0,0,0,0,0,0
365,67185,989,18365,67.93225480283114,50.31506849315068,0,0,0.5,1.0,0.0,0,0,0.0,0.0,0.0,0.0,0.0,0.0,0.0,0.0,0.0,0,0,0,0.5,0.5,0.5,0.5,0.5,0.5,0.5,0.5,0.5,1,0,0,neutral,Unknown,individual,unknown,original,yes,0,0,0,0,0,0,0,0,0,0,0,0
365,964,321,8975,3.0031152647975077,24.589041095890412,0,0,0.5,1.0,0.0,0,0,0.0,0.0,0.0,0.0,0.0,0.0,0.0,0.0,0.0,0,0,0,0.5,0.5,0.5,0.5,0.5,0.5,0.5,0.5,0.5,1,0,0,neutral,Unknown,individual,unknown,original,yes,0,0,0,0,0,0,0,0,0,0,0,0
365,29626,1230,274851,24.086178861788618,753.0164383561644,0,0,0.5,1.0,0.0,0,0,0.0,0.0,0.0,0.0,0.0,0.0,0.0,0.0,0.0,0,0,0,0.5,0.5,0.5,0.5,0.5,0.5,0.5,0.5,0.5,1,0,0,neutral,Unknown,individual,unknown,original,yes,0,0,0,0,0,0,0,0,0,0,0,0
365,616805,499,201729,1236.0821643286574,552.6821917808219,0,0,0.5,1.0,0.0,0,0,0.0,0.0,0.0,0.0,0.0,0.0,0.0,0.0,0.0,0,0,0,0.5,0.5,0.5,0.4,0.5,0.5,0.5,0.4600000000000001,0.5,1,0,0,neutral,Unknown,individual,unknown,original,yes,0,0,0,0,0,0,0,0,0,0,0,0
365,33892,4484,12359,7.55842997323818,33.86027397260274,0,0,0.5,1.0,0.0,0,0,0.0,0.0,0.0,0.0,0.0,0.0,0.0,0.0,0.0,0,0,0,0.5,0.5,0.5,0.5,0.5,0.5,0.5,0.5,0.5,1,0,0,neutral,Unknown,individual,unknown,original,yes,0,0,0,0,0,0,0,0,0,0,0,0
365,5264,1513,14613,3.4791804362194316,40.035616438356165,0,0,0.5,1.0,0.0,0,0,0.0,0.0,0.0,0.0,0.0,0.0,0.0,0.0,0.0,0,0,0,0.5,0.5,0.5,0.5,0.5,0.5,0.5,0.5,0.5,1,0,0,neutral,Unknown,individual,unknown,original,yes,0,0,0,0,0,0,0,0,0,0,0,0
365,38197,355,6647,107.59718309859154,18.21095890410959,0,0,0.5,1.0,0.0,0,0,0.0,0.0,0.0,0.0,0.0,0.0,0.0,0.0,0.0,0,0,0,0.5,0.5,0.5,0.4,0.5,0.5,0.5,0.4600000000000001,0.5,1,0,0,neutral,Unknown,individual,unknown,original,yes,0,0,0,0,0,0,0,0,0,0,0,0
365,25194,8377,80530,3.0075205920974097,220.63013698630138,0,0,0.5,1.0,0.0,0,0,0.0,0.0,0.0,0.0,0.0,0.0,0.0,0.0,0.0,0,0,0,0.5,0.5,0.5,0.5,0.5,0.5,0.5,0.5,0.5,1,0,0,neutral,Unknown,individual,unknown,original,yes,0,0,0,0,0,0,0,0,0,0,0,0
365,188368,1969,13574,95.66683595733875,37.18904109589041,0,0,0.5,1.0,0.0,0,0,0.0,0.0,0.0,0.0,0.0,0.0,0.0,0.0,0.0,0,0,0,0.5,0.5,0.5,0.5,0.5,0.5,0.5,0.5,0.5,1,0,0,neutral,Unknown,individual,unknown,original,yes,0,0,0,0,0,0,0,0,0,0,0,0
365,9864,1480,37805,6.664864864864865,103.57534246575342,0,0,0.5,1.0,0.0,0,0,0.0,0.0,0.0,0.0,0.0,0.0,0.0,0.0,0.0,0,0,0,0.5,0.5,0.5,0.5,0.5,0.5,0.5,0.5,0.5,1,0,0,neutral,Unknown,individual,unknown,original,yes,0,0,0,0,0,0,0,0,0,0,0,0
365,63310,609,44126,103.95730706075534,120.89315068493151,0,0,0.5,1.0,0.0,0,0,0.0,0.0,0.0,0.0,0.0,0.0,0.0,0.0,0.0,0,0,0,0.5,0.5,0.5,0.4,0.5,0.5,0.5,0.4600000000000001,0.5,1,0,0,neutral,Unknown,individual,unknown,original,yes,0,0,0,0,0,0,0,0,0,0,0,0
365,14814,1976,47359,7.496963562753036,129.75068493150684,0,0,0.5,1.0,0.0,0,0,0.0,0.0,0.0,0.0,0.0,0.0,0.0,0.0,0.0,0,0,0,0.5,0.5,0.5,0.5,0.5,0.5,0.5,0.5,0.5,1,0,0,neutral,Unknown,individual,unknown,original,yes,0,0,0,0,0,0,0,0,0,0,0,0
365,65238,2288,9304,28.513111888111887,25.49041095890411,0,0,0.5,1.0,0.0,0,0,0.0,0.0,0.0,0.0,0.0,0.0,0.0,0.0,0.0,0,0,0,0.5,0.5,0.5,0.5,0.5,0.5,0.5,0.5,0.5,1,0,0,neutral,Unknown,individual,unknown,original,yes,0,0,0,0,0,0,0,0,0,0,0,0
365,3962,1538,15905,2.576072821846554,43.57534246575342,0,0,0.5,1.0,0.0,0,0,0.0,0.0,0.0,0.0,0.0,0.0,0.0,0.0,0.0,0,0,0,0.5,0.5,0.5,0.5,0.5,0.5,0.5,0.5,0.5,1,0,0,neutral,Unknown,individual,unknown,original,yes,0,0,0,0,0,0,0,0,0,0,0,0
365,5433,2084,95909,2.6070057581573898,262.76438356164385,0,0,0.5,1.0,0.0,0,0,0.0,0.0,0.0,0.0,0.0,0.0,0.0,0.0,0.0,0,0,0,0.5,0.5,0.5,0.5,0.5,0.5,0.5,0.5,0.5,1,0,0,neutral,Unknown,individual,unknown,original,yes,0,0,0,0,0,0,0,0,0,0,0,0
365,10080,2096,7731,4.809160305343512,21.18082191780822,0,0,0.5,1.0,0.0,0,0,0.0,0.0,0.0,0.0,0.0,0.0,0.0,0.0,0.0,0,0,0,0.5,0.5,0.5,0.5,0.5,0.5,0.5,0.5,0.5,1,0,0,neutral,Unknown,individual,unknown,original,yes,0,0,0,0,0,0,0,0,0,0,0,0
365,939779,2832,60764,331.8428672316384,166.47671232876712,0,0,0.5,1.0,0.0,0,0,0.0,0.0,0.0,0.0,0.0,0.0,0.0,0.0,0.0,0,0,0,0.5,0.5,0.5,0.4,0.5,0.5,0.5,0.4600000000000001,0.5,1,0,0,neutral,Unknown,individual,unknown,original,yes,0,0,0,0,0,0,0,0,0,0,0,0
365,15472,3672,58301,4.213507625272332,159.72876712328767,0,0,0.5,1.0,0.0,0,0,0.0,0.0,0.0,0.0,0.0,0.0,0.0,0.0,0.0,0,0,0,0.5,0.5,0.5,0.5,0.5,0.5,0.5,0.5,0.5,1,0,0,neutral,Unknown,individual,unknown,original,yes,0,0,0,0,0,0,0,0,0,0,0,0
365,3483,2032,2104,1.7140748031496063,5.764383561643836,0,0,0.5,1.0,0.0,0,0,0.0,0.0,0.0,0.0,0.0,0.0,0.0,0.0,0.0,0,0,0,0.5,0.5,0.5,0.5,0.5,0.5,0.5,0.5,0.5,1,0,0,neutral,Unknown,individual,unknown,original,yes,0,0,0,0,0,0,0,0,0,0,0,0
365,19198,4246,4289,4.521431935939708,11.75068493150685,0,0,0.5,1.0,0.0,0,0,0.0,0.0,0.0,0.0,0.0,0.0,0.0,0.0,0.0,0,0,0,0.5,0.5,0.5,0.5,0.5,0.5,0.5,0.5,0.5,1,0,0,neutral,Unknown,individual,unknown,original,yes,0,0,0,0,0,0,0,0,0,0,0,0
365,19507,2148,16405,9.08147113594041,44.945205479452056,0,0,0.5,1.0,0.0,0,0,0.0,0.0,0.0,0.0,0.0,0.0,0.0,0.0,0.0,0,0,0,0.5,0.5,0.5,0.5,0.5,0.5,0.5,0.5,0.5,1,0,0,neutral,Unknown,individual,unknown,original,yes,0,0,0,0,0,0,0,0,0,0,0,0
365,5049,2773,12667,1.8207717273710782,34.704109589041096,0,0,0.5,1.0,0.0,0,0,0.0,0.0,0.0,0.0,0.0,0.0,0.0,0.0,0.0,0,0,0,0.5,0.5,0.5,0.5,0.5,0.5,0.5,0.5,0.5,1,0,0,neutral,Unknown,individual,unknown,original,yes,0,0,0,0,0,0,0,0,0,0,0,0
365,6847,678,5282,10.09882005899705,14.471232876712328,0,0,0.5,1.0,0.0,0,0,0.0,0.0,0.0,0.0,0.0,0.0,0.0,0.0,0.0,0,0,0,0.5,0.5,0.5,0.5,0.5,0.5,0.5,0.5,0.5,1,0,0,neutral,Unknown,individual,unknown,original,yes,0,0,0,0,0,0,0,0,0,0,0,0
365,2693,682,16547,3.9486803519061584,45.33424657534247,0,0,0.5,1.0,0.0,0,0,0.0,0.0,0.0,0.0,0.0,0.0,0.0,0.0,0.0,0,0,0,0.5,0.5,0.5,0.5,0.5,0.5,0.5,0.5,0.5,1,0,0,neutral,Unknown,individual,unknown,original,yes,0,0,0,0,0,0,0,0,0,0,0,0
365,6177,1867,8490,3.3085163363685055,23.26027397260274,0,0,0.5,1.0,0.0,0,0,0.0,0.0,0.0,0.0,0.0,0.0,0.0,0.0,0.0,0,0,0,0.5,0.5,0.5,0.5,0.5,0.5,0.5,0.5,0.5,1,0,0,neutral,Unknown,individual,unknown,original,yes,0,0,0,0,0,0,0,0,0,0,0,0
365,13368,596,30242,22.42953020134228,82.85479452054794,0,0,0.5,1.0,0.0,0,0,0.0,0.0,0.0,0.0,0.0,0.0,0.0,0.0,0.0,0,0,0,0.5,0.5,0.5,0.5,0.5,0.5,0.5,0.5,0.5,1,0,0,neutral,Unknown,individual,unknown,original,yes,0,0,0,0,0,0,0,0,0,0,0,0
365,99240,2510,52187,39.537848605577686,142.97808219178083,0,0,0.5,1.0,0.0,0,0,0.0,0.0,0.0,0.0,0.0,0.0,0.0,0.0,0.0,0,0,0,0.5,0.5,0.5,0.5,0.5,0.5,0.5,0.5,0.5,1,0,0,neutral,Unknown,individual,unknown,original,yes,0,0,0,0,0,0,0,0,0,0,0,0
365,29216,515,10419,56.73009708737864,28.545205479452054,0,0,0.5,1.0,0.0,0,0,0.0,0.0,0.0,0.0,0.0,0.0,0.0,0.0,0.0,0,0,0,0.5,0.5,0.5,0.5,0.5,0.5,0.5,0.5,0.5,1,0,0,neutral,Unknown,individual,unknown,original,yes,0,0,0,0,0,0,0,0,0,0,0,0
365,135381,133,19345,1017.9022556390977,53.0,0,0,0.5,1.0,0.0,0,0,0.0,0.0,0.0,0.0,0.0,0.0,0.0,0.0,0.0,0,0,0,0.5,0.5,0.5,0.4,0.5,0.5,0.5,0.4600000000000001,0.5,1,0,0,neutral,Unknown,individual,unknown,original,yes,0,0,0,0,0,0,0,0,0,0,0,0
365,11420,1136,12912,10.05281690140845,35.37534246575343,0,0,0.5,1.0,0.0,0,0,0.0,0.0,0.0,0.0,0.0,0.0,0.0,0.0,0.0,0,0,0,0.5,0.5,0.5,0.5,0.5,0.5,0.5,0.5,0.5,1,0,0,neutral,Unknown,individual,unknown,original,yes,0,0,0,0,0,0,0,0,0,0,0,0
365,1423,51,19609,27.901960784313726,53.723287671232875,0,0,0.5,1.0,0.0,0,0,0.0,0.0,0.0,0.0,0.0,0.0,0.0,0.0,0.0,0,0,0,0.5,0.5,0.5,0.5,0.5,0.5,0.5,0.5,0.5,1,0,0,neutral,Unknown,individual,unknown,original,yes,0,0,0,0,0,0,0,0,0,0,0,0
365,4908,1233,4712,3.980535279805353,12.90958904109589,0,0,0.5,1.0,0.0,0,0,0.0,0.0,0.0,0.0,0.0,0.0,0.0,0.0,0.0,0,0,0,0.5,0.5,0.5,0.5,0.5,0.5,0.5,0.5,0.5,1,0,0,neutral,Unknown,individual,unknown,original,yes,0,0,0,0,0,0,0,0,0,0,0,0
365,73862,852,17270,86.6924882629108,47.31506849315068,0,0,0.5,1.0,0.0,0,0,0.0,0.0,0.0,0.0,0.0,0.0,0.0,0.0,0.0,0,0,0,0.5,0.5,0.5,0.5,0.5,0.5,0.5,0.5,0.5,1,0,0,neutral,Unknown,individual,unknown,original,yes,0,0,0,0,0,0,0,0,0,0,0,0
365,3729,1202,15087,3.1023294509151413,41.33424657534247,0,0,0.5,1.0,0.0,0,0,0.0,0.0,0.0,0.0,0.0,0.0,0.0,0.0,0.0,0,0,0,0.5,0.5,0.5,0.5,0.5,0.5,0.5,0.5,0.5,1,0,0,neutral,Unknown,individual,unknown,original,yes,0,0,0,0,0,0,0,0,0,0,0,0
365,54632,3544,97523,15.415349887133182,267.18630136986303,0,0,0.5,1.0,0.0,0,0,0.0,0.0,0.0,0.0,0.0,0.0,0.0,0.0,0.0,0,0,0,0.5,0.5,0.5,0.5,0.5,0.5,0.5,0.5,0.5,1,0,0,neutral,Unknown,individual,unknown,original,yes,0,0,0,0,0,0,0,0,0,0,0,0
365,1669241,1004,71148,1662.5906374501992,194.92602739726027,0,0,0.5,1.0,0.0,0,0,0.0,0.0,0.0,0.0,0.0,0.0,0.0,0.0,0.0,0,0,0,0.5,0.5,0.5,0.4,0.5,0.5,0.5,0.4600000000000001,0.5,1,0,0,neutral,Unknown,individual,unknown,original,yes,0,0,0,0,0,0,0,0,0,0,0,0
365,4503,3180,7831,1.4160377358490566,21.454794520547946,0,0,0.5,1.0,0.0,0,0,0.0,0.0,0.0,0.0,0.0,0.0,0.0,0.0,0.0,0,0,0,0.5,0.5,0.5,0.5,0.5,0.5,0.5,0.5,0.5,1,0,0,neutral,Unknown,individual,unknown,original,yes,0,0,0,0,0,0,0,0,0,0,0,0
365,10083,409,56958,24.65281173594132,156.04931506849314,0,0,0.5,1.0,0.0,0,0,0.0,0.0,0.0,0.0,0.0,0.0,0.0,0.0,0.0,0,0,0,0.5,0.5,0.5,0.5,0.5,0.5,0.5,0.5,0.5,1,0,0,neutral,Unknown,individual,unknown,original,yes,0,0,0,0,0,0,0,0,0,0,0,0
365,4566,1993,15057,2.291018564977421,41.25205479452055,0,0,0.5,1.0,0.0,0,0,0.0,0.0,0.0,0.0,0.0,0.0,0.0,0.0,0.0,0,0,0,0.5,0.5,0.5,0.5,0.5,0.5,0.5,0.5,0.5,1,0,0,neutral,Unknown,individual,unknown,original,yes,0,0,0,0,0,0,0,0,0,0,0,0
365,274722,5557,11348,49.43710635234839,31.09041095890411,0,0,0.5,1.0,0.0,0,0,0.0,0.0,0.0,0.0,0.0,0.0,0.0,0.0,0.0,0,0,0,0.5,0.5,0.5,0.5,0.5,0.5,0.5,0.5,0.5,1,0,0,neutral,Unknown,individual,unknown,original,yes,0,0,0,0,0,0,0,0,0,0,0,0
365,16997,1736,18899,9.790898617511521,51.778082191780825,0,0,0.5,1.0,0.0,0,0,0.0,0.0,0.0,0.0,0.0,0.0,0.0,0.0,0.0,0,0,0,0.5,0.5,0.5,0.5,0.5,0.5,0.5,0.5,0.5,1,0,0,neutral,Unknown,individual,unknown,original,yes,0,0,0,0,0,0,0,0,0,0,0,0
365,18348,2801,37299,6.550517672259907,102.18904109589042,0,0,0.5,1.0,0.0,0,0,0.0,0.0,0.0,0.0,0.0,0.0,0.0,0.0,0.0,0,0,0,0.5,0.5,0.5,0.5,0.5,0.5,0.5,0.5,0.5,1,0,0,neutral,Unknown,individual,unknown,original,yes,0,0,0,0,0,0,0,0,0,0,0,0
365,2895,899,4655,3.220244716351502,12.753424657534246,0,0,0.5,1.0,0.0,0,0,0.0,0.0,0.0,0.0,0.0,0.0,0.0,0.0,0.0,0,0,0,0.5,0.5,0.5,0.5,0.5,0.5,0.5,0.5,0.5,1,0,0,neutral,Unknown,individual,unknown,original,yes,0,0,0,0,0,0,0,0,0,0,0,0
365,3780,626,19423,6.038338658146965,53.21369863013699,0,0,0.5,1.0,0.0,0,0,0.0,0.0,0.0,0.0,0.0,0.0,0.0,0.0,0.0,0,0,0,0.5,0.5,0.5,0.5,0.5,0.5,0.5,0.5,0.5,1,0,0,neutral,Unknown,individual,unknown,original,yes,0,0,0,0,0,0,0,0,0,0,0,0
365,2753,1308,9689,2.1047400611620795,26.545205479452054,0,0,0.5,1.0,0.0,0,0,0.0,0.0,0.0,0.0,0.0,0.0,0.0,0.0,0.0,0,0,0,0.5,0.5,0.5,0.5,0.5,0.5,0.5,0.5,0.5,1,0,0,neutral,Unknown,individual,unknown,original,yes,0,0,0,0,0,0,0,0,0,0,0,0
365,6986,1267,5238,5.513812154696133,14.35068493150685,0,0,0.5,1.0,0.0,0,0,0.0,0.0,0.0,0.0,0.0,0.0,0.0,0.0,0.0,0,0,0,0.5,0.5,0.5,0.5,0.5,0.5,0.5,0.5,0.5,1,0,0,neutral,Unknown,individual,unknown,original,yes,0,0,0,0,0,0,0,0,0,0,0,0
365,4166,941,26976,4.42720510095643,73.9068493150685,0,0,0.5,1.0,0.0,0,0,0.0,0.0,0.0,0.0,0.0,0.0,0.0,0.0,0.0,0,0,0,0.5,0.5,0.5,0.5,0.5,0.5,0.5,0.5,0.5,1,0,0,neutral,Unknown,individual,unknown,original,yes,0,0,0,0,0,0,0,0,0,0,0,0
365,2926,2194,7974,1.333637192342753,21.846575342465755,0,0,0.5,1.0,0.0,0,0,0.0,0.0,0.0,0.0,0.0,0.0,0.0,0.0,0.0,0,0,0,0.5,0.5,0.5,0.5,0.5,0.5,0.5,0.5,0.5,1,0,0,neutral,Unknown,individual,unknown,original,yes,0,0,0,0,0,0,0,0,0,0,0,0
365,21896,440,21844,49.763636363636365,59.846575342465755,0,0,0.5,1.0,0.0,0,0,0.0,0.0,0.0,0.0,0.0,0.0,0.0,0.0,0.0,0,0,0,0.5,0.5,0.5,0.5,0.5,0.5,0.5,0.5,0.5,1,0,0,neutral,Unknown,individual,unknown,original,yes,0,0,0,0,0,0,0,0,0,0,0,0
365,17850,1242,136684,14.371980676328503,374.4767123287671,0,0,0.5,1.0,0.0,0,0,0.0,0.0,0.0,0.0,0.0,0.0,0.0,0.0,0.0,0,0,0,0.5,0.5,0.5,0.5,0.5,0.5,0.5,0.5,0.5,1,0,0,neutral,Unknown,individual,unknown,original,yes,0,0,0,0,0,0,0,0,0,0,0,0
365,980,854,5966,1.1475409836065573,16.345205479452055,0,0,0.5,1.0,0.0,0,0,0.0,0.0,0.0,0.0,0.0,0.0,0.0,0.0,0.0,0,0,0,0.5,0.5,0.5,0.5,0.5,0.5,0.5,0.5,0.5,1,0,0,neutral,Unknown,individual,unknown,original,yes,0,0,0,0,0,0,0,0,0,0,0,0
365,9141,2787,19749,3.279870828848224,54.106849315068494,0,0,0.5,1.0,0.0,0,0,0.0,0.0,0.0,0.0,0.0,0.0,0.0,0.0,0.0,0,0,0,0.5,0.5,0.5,0.5,0.5,0.5,0.5,0.5,0.5,1,0,0,neutral,Unknown,individual,unknown,original,yes,0,0,0,0,0,0,0,0,0,0,0,0
365,3199,4687,8475,0.6825261361211863,23.21917808219178,0,0,0.5,1.0,0.0,0,0,0.0,0.0,0.0,0.0,0.0,0.0,0.0,0.0,0.0,0,0,0,0.5,0.5,0.5,0.5,0.5,0.5,0.5,0.5,0.5,1,0,0,neutral,Unknown,individual,unknown,original,yes,0,0,0,0,0,0,0,0,0,0,0,0
365,40792,114,7951,357.82456140350877,21.783561643835615,0,0,0.5,1.0,0.0,0,0,0.0,0.0,0.0,0.0,0.0,0.0,0.0,0.0,0.0,0,0,0,0.5,0.5,0.5,0.4,0.5,0.5,0.5,0.4600000000000001,0.5,1,0,0,neutral,Unknown,individual,unknown,original,yes,0,0,0,0,0,0,0,0,0,0,0,0
365,10465,299,2856,35.0,7.824657534246575,0,0,0.5,1.0,0.0,0,0,0.0,0.0,0.0,0.0,0.0,0.0,0.0,0.0,0.0,0,0,0,0.5,0.5,0.5,0.5,0.5,0.5,0.5,0.5,0.5,1,0,0,neutral,Unknown,individual,unknown,original,yes,0,0,0,0,0,0,0,0,0,0,0,0
365,15381,2184,13152,7.042582417582418,36.032876712328765,0,0,0.5,1.0,0.0,0,0,0.0,0.0,0.0,0.0,0.0,0.0,0.0,0.0,0.0,0,0,0,0.5,0.5,0.5,0.5,0.5,0.5,0.5,0.5,0.5,1,0,0,neutral,Unknown,individual,unknown,original,yes,0,0,0,0,0,0,0,0,0,0,0,0
365,12503,1398,3579,8.94349070100143,9.805479452054794,0,0,0.5,1.0,0.0,0,0,0.0,0.0,0.0,0.0,0.0,0.0,0.0,0.0,0.0,0,0,0,0.5,0.5,0.5,0.5,0.5,0.5,0.5,0.5,0.5,1,0,0,neutral,Unknown,individual,unknown,original,yes,0,0,0,0,0,0,0,0,0,0,0,0
365,1993,629,332,3.16852146263911,0.9095890410958904,0,0,0.5,1.0,0.0,0,0,0.0,0.0,0.0,0.0,0.0,0.0,0.0,0.0,0.0,0,0,0,0.5,0.5,0.5,0.5,0.5,0.5,0.5,0.5,0.5,1,0,0,neutral,Unknown,individual,unknown,original,yes,0,0,0,0,0,0,0,0,0,0,0,0
365,17731,1691,3510,10.485511531638084,9.616438356164384,0,0,0.5,1.0,0.0,0,0,0.0,0.0,0.0,0.0,0.0,0.0,0.0,0.0,0.0,0,0,0,0.5,0.5,0.5,0.5,0.5,0.5,0.5,0.5,0.5,1,0,0,neutral,Unknown,individual,unknown,original,yes,0,0,0,0,0,0,0,0,0,0,0,0
365,4891,1100,16005,4.446363636363636,43.84931506849315,0,0,0.5,1.0,0.0,0,0,0.0,0.0,0.0,0.0,0.0,0.0,0.0,0.0,0.0,0,0,0,0.5,0.5,0.5,0.5,0.5,0.5,0.5,0.5,0.5,1,0,0,neutral,Unknown,individual,unknown,original,yes,0,0,0,0,0,0,0,0,0,0,0,0
365,7611,3737,13284,2.0366604227990366,36.394520547945206,0,0,0.5,1.0,0.0,0,0,0.0,0.0,0.0,0.0,0.0,0.0,0.0,0.0,0.0,0,0,0,0.5,0.5,0.5,0.5,0.5,0.5,0.5,0.5,0.5,1,0,0,neutral,Unknown,individual,unknown,original,yes,0,0,0,0,0,0,0,0,0,0,0,0
365,68241,253,1997,269.72727272727275,5.471232876712329,0,0,0.5,1.0,0.0,0,0,0.0,0.0,0.0,0.0,0.0,0.0,0.0,0.0,0.0,0,0,0,0.5,0.5,0.5,0.4,0.5,0.5,0.5,0.4600000000000001,0.5,1,0,0,neutral,Unknown,individual,unknown,original,yes,0,0,0,0,0,0,0,0,0,0,0,0
365,8382,1599,54953,5.24202626641651,150.55616438356165,0,0,0.5,1.0,0.0,0,0,0.0,0.0,0.0,0.0,0.0,0.0,0.0,0.0,0.0,0,0,0,0.5,0.5,0.5,0.5,0.5,0.5,0.5,0.5,0.5,1,0,0,neutral,Unknown,individual,unknown,original,yes,0,0,0,0,0,0,0,0,0,0,0,0
365,52451,6602,48516,7.944713723114208,132.92054794520547,0,0,0.5,1.0,0.0,0,0,0.0,0.0,0.0,0.0,0.0,0.0,0.0,0.0,0.0,0,0,0,0.5,0.5,0.5,0.5,0.5,0.5,0.5,0.5,0.5,1,0,0,neutral,Unknown,individual,unknown,original,yes,0,0,0,0,0,0,0,0,0,0,0,0
365,137897,1800,21027,76.60944444444445,57.608219178082194,0,0,0.5,1.0,0.0,0,0,0.0,0.0,0.0,0.0,0.0,0.0,0.0,0.0,0.0,0,0,0,0.5,0.5,0.5,0.5,0.5,0.5,0.5,0.5,0.5,1,0,0,neutral,Unknown,individual,unknown,original,yes,0,0,0,0,0,0,0,0,0,0,0,0
365,33356,239,12994,139.56485355648536,35.6,0,0,0.5,1.0,0.0,0,0,0.0,0.0,0.0,0.0,0.0,0.0,0.0,0.0,0.0,0,0,0,0.5,0.5,0.5,0.4,0.5,0.5,0.5,0.4600000000000001,0.5,1,0,0,neutral,Unknown,individual,unknown,original,yes,0,0,0,0,0,0,0,0,0,0,0,0
365,880,361,2216,2.4376731301939056,6.071232876712329,0,0,0.5,1.0,0.0,0,0,0.0,0.0,0.0,0.0,0.0,0.0,0.0,0.0,0.0,0,0,0,0.5,0.5,0.5,0.5,0.5,0.5,0.5,0.5,0.5,1,0,0,neutral,Unknown,individual,unknown,original,yes,0,0,0,0,0,0,0,0,0,0,0,0
365,3308,253,18535,13.075098814229248,50.78082191780822,0,0,0.5,1.0,0.0,0,0,0.0,0.0,0.0,0.0,0.0,0.0,0.0,0.0,0.0,0,0,0,0.5,0.5,0.5,0.5,0.5,0.5,0.5,0.5,0.5,1,0,0,neutral,Unknown,individual,unknown,original,yes,0,0,0,0,0,0,0,0,0,0,0,0
365,8465,1575,10672,5.374603174603174,29.23835616438356,0,0,0.5,1.0,0.0,0,0,0.0,0.0,0.0,0.0,0.0,0.0,0.0,0.0,0.0,0,0,0,0.5,0.5,0.5,0.5,0.5,0.5,0.5,0.5,0.5,1,0,0,neutral,Unknown,individual,unknown,original,yes,0,0,0,0,0,0,0,0,0,0,0,0
365,69475,884,9657,78.59162895927602,26.457534246575342,0,0,0.5,1.0,0.0,0,0,0.0,0.0,0.0,0.0,0.0,0.0,0.0,0.0,0.0,0,0,0,0.5,0.5,0.5,0.5,0.5,0.5,0.5,0.5,0.5,1,0,0,neutral,Unknown,individual,unknown,original,yes,0,0,0,0,0,0,0,0,0,0,0,0
365,3207,122,15191,26.28688524590164,41.61917808219178,0,0,0.5,1.0,0.0,0,0,0.0,0.0,0.0,0.0,0.0,0.0,0.0,0.0,0.0,0,0,0,0.5,0.5,0.5,0.5,0.5,0.5,0.5,0.5,0.5,1,0,0,neutral,Unknown,individual,unknown,original,yes,0,0,0,0,0,0,0,0,0,0,0,0
365,2782,723,593,3.847856154910097,1.6246575342465754,0,0,0.5,1.0,0.0,0,0,0.0,0.0,0.0,0.0,0.0,0.0,0.0,0.0,0.0,0,0,0,0.5,0.5,0.5,0.5,0.5,0.5,0.5,0.5,0.5,1,0,0,neutral,Unknown,individual,unknown,original,yes,0,0,0,0,0,0,0,0,0,0,0,0
365,10617,4457,19903,2.382095579986538,54.52876712328767,0,0,0.5,1.0,0.0,0,0,0.0,0.0,0.0,0.0,0.0,0.0,0.0,0.0,0.0,0,0,0,0.5,0.5,0.5,0.5,0.5,0.5,0.5,0.5,0.5,1,0,0,neutral,Unknown,individual,unknown,original,yes,0,0,0,0,0,0,0,0,0,0,0,0
365,3838,267,5935,14.374531835205993,16.26027397260274,0,0,0.5,1.0,0.0,0,0,0.0,0.0,0.0,0.0,0.0,0.0,0.0,0.0,0.0,0,0,0,0.5,0.5,0.5,0.5,0.5,0.5,0.5,0.5,0.5,1,0,0,neutral,Unknown,individual,unknown,original,yes,0,0,0,0,0,0,0,0,0,0,0,0
365,2970,1035,15655,2.869565217391304,42.89041095890411,0,0,0.5,1.0,0.0,0,0,0.0,0.0,0.0,0.0,0.0,0.0,0.0,0.0,0.0,0,0,0,0.5,0.5,0.5,0.5,0.5,0.5,0.5,0.5,0.5,1,0,0,neutral,Unknown,individual,unknown,original,yes,0,0,0,0,0,0,0,0,0,0,0,0
365,2224,1830,915,1.2153005464480875,2.506849315068493,0,0,0.5,1.0,0.0,0,0,0.0,0.0,0.0,0.0,0.0,0.0,0.0,0.0,0.0,0,0,0,0.5,0.5,0.5,0.5,0.5,0.5,0.5,0.5,0.5,1,0,0,neutral,Unknown,individual,unknown,original,yes,0,0,0,0,0,0,0,0,0,0,0,0
365,11969,1557,1043,7.687219010918433,2.8575342465753426,0,0,0.5,1.0,0.0,0,0,0.0,0.0,0.0,0.0,0.0,0.0,0.0,0.0,0.0,0,0,0,0.5,0.5,0.5,0.5,0.5,0.5,0.5,0.5,0.5,1,0,0,neutral,Unknown,individual,unknown,original,yes,0,0,0,0,0,0,0,0,0,0,0,0
365,11886,591,42445,20.111675126903553,116.28767123287672,0,0,0.5,1.0,0.0,0,0,0.0,0.0,0.0,0.0,0.0,0.0,0.0,0.0,0.0,0,0,0,0.5,0.5,0.5,0.5,0.5,0.5,0.5,0.5,0.5,1,0,0,neutral,Unknown,individual,unknown,original,yes,0,0,0,0,0,0,0,0,0,0,0,0
365,12022,566,116085,21.24028268551237,318.041095890411,0,0,0.5,1.0,0.0,0,0,0.0,0.0,0.0,0.0,0.0,0.0,0.0,0.0,0.0,0,0,0,0.5,0.5,0.5,0.5,0.5,0.5,0.5,0.5,0.5,1,0,0,neutral,Unknown,individual,unknown,original,yes,0,0,0,0,0,0,0,0,0,0,0,0
365,5181,1000,67000,5.181,183.56164383561645,0,0,0.5,1.0,0.0,0,0,0.0,0.0,0.0,0.0,0.0,0.0,0.0,0.0,0.0,0,0,0,0.5,0.5,0.5,0.5,0.5,0.5,0.5,0.5,0.5,1,0,0,neutral,Unknown,individual,unknown,original,yes,0,0,0,0,0,0,0,0,0,0,0,0
365,928,316,1894,2.9367088607594938,5.189041095890411,0,0,0.5,1.0,0.0,0,0,0.0,0.0,0.0,0.0,0.0,0.0,0.0,0.0,0.0,0,0,0,0.5,0.5,0.5,0.5,0.5,0.5,0.5,0.5,0.5,1,0,0,neutral,Unknown,individual,unknown,original,yes,0,0,0,0,0,0,0,0,0,0,0,0
365,3586,1611,5302,2.2259466170080695,14.526027397260274,0,0,0.5,1.0,0.0,0,0,0.0,0.0,0.0,0.0,0.0,0.0,0.0,0.0,0.0,0,0,0,0.5,0.5,0.5,0.5,0.5,0.5,0.5,0.5,0.5,1,0,0,neutral,Unknown,individual,unknown,original,yes,0,0,0,0,0,0,0,0,0,0,0,0
365,41425,2855,24249,14.509632224168126,66.43561643835616,0,0,0.5,1.0,0.0,0,0,0.0,0.0,0.0,0.0,0.0,0.0,0.0,0.0,0.0,0,0,0,0.5,0.5,0.5,0.5,0.5,0.5,0.5,0.5,0.5,1,0,0,neutral,Unknown,individual,unknown,original,yes,0,0,0,0,0,0,0,0,0,0,0,0
365,3858,1463,31946,2.637047163362953,87.52328767123288,0,0,0.5,1.0,0.0,0,0,0.0,0.0,0.0,0.0,0.0,0.0,0.0,0.0,0.0,0,0,0,0.5,0.5,0.5,0.5,0.5,0.5,0.5,0.5,0.5,1,0,0,neutral,Unknown,individual,unknown,original,yes,0,0,0,0,0,0,0,0,0,0,0,0
365,3381,306,5850,11.049019607843137,16.027397260273972,0,0,0.5,1.0,0.0,0,0,0.0,0.0,0.0,0.0,0.0,0.0,0.0,0.0,0.0,0,0,0,0.5,0.5,0.5,0.5,0.5,0.5,0.5,0.5,0.5,1,0,0,neutral,Unknown,individual,unknown,original,yes,0,0,0,0,0,0,0,0,0,0,0,0
365,3646,1930,10523,1.889119170984456,28.83013698630137,0,0,0.5,1.0,0.0,0,0,0.0,0.0,0.0,0.0,0.0,0.0,0.0,0.0,0.0,0,0,0,0.5,0.5,0.5,0.5,0.5,0.5,0.5,0.5,0.5,1,0,0,neutral,Unknown,individual,unknown,original,yes,0,0,0,0,0,0,0,0,0,0,0,0
365,55656,1163,34331,47.85554600171969,94.05753424657534,0,0,0.5,1.0,0.0,0,0,0.0,0.0,0.0,0.0,0.0,0.0,0.0,0.0,0.0,0,0,0,0.5,0.5,0.5,0.5,0.5,0.5,0.5,0.5,0.5,1,0,0,neutral,Unknown,individual,unknown,original,yes,0,0,0,0,0,0,0,0,0,0,0,0
365,4212,113,13785,37.27433628318584,37.76712328767123,0,0,0.5,1.0,0.0,0,0,0.0,0.0,0.0,0.0,0.0,0.0,0.0,0.0,0.0,0,0,0,0.5,0.5,0.5,0.5,0.5,0.5,0.5,0.5,0.5,1,0,0,neutral,Unknown,individual,unknown,original,yes,0,0,0,0,0,0,0,0,0,0,0,0
365,199777,8512,31699,23.47004229323308,86.84657534246575,0,0,0.5,1.0,0.0,0,0,0.0,0.0,0.0,0.0,0.0,0.0,0.0,0.0,0.0,0,0,0,0.5,0.5,0.5,0.5,0.5,0.5,0.5,0.5,0.5,1,0,0,neutral,Unknown,individual,unknown,original,yes,0,0,0,0,0,0,0,0,0,0,0,0
365,2162,2097,3042,1.0309966618979494,8.334246575342465,0,0,0.5,1.0,0.0,0,0,0.0,0.0,0.0,0.0,0.0,0.0,0.0,0.0,0.0,0,0,0,0.5,0.5,0.5,0.5,0.5,0.5,0.5,0.5,0.5,1,0,0,neutral,Unknown,individual,unknown,original,yes,0,0,0,0,0,0,0,0,0,0,0,0
365,633969,1509,26267,420.1252485089463,71.96438356164384,0,0,0.5,1.0,0.0,0,0,0.0,0.0,0.0,0.0,0.0,0.0,0.0,0.0,0.0,0,0,0,0.5,0.5,0.5,0.4,0.5,0.5,0.5,0.4600000000000001,0.5,1,0,0,neutral,Unknown,individual,unknown,original,yes,0,0,0,0,0,0,0,0,0,0,0,0
365,2230,2314,67987,0.9636992221261884,186.26575342465753,0,0,0.5,1.0,0.0,0,0,0.0,0.0,0.0,0.0,0.0,0.0,0.0,0.0,0.0,0,0,0,0.5,0.5,0.5,0.5,0.5,0.5,0.5,0.5,0.5,1,0,0,neutral,Unknown,individual,unknown,original,yes,0,0,0,0,0,0,0,0,0,0,0,0
365,14409,1879,7524,7.668440659925492,20.613698630136987,0,0,0.5,1.0,0.0,0,0,0.0,0.0,0.0,0.0,0.0,0.0,0.0,0.0,0.0,0,0,0,0.5,0.5,0.5,0.5,0.5,0.5,0.5,0.5,0.5,1,0,0,neutral,Unknown,individual,unknown,original,yes,0,0,0,0,0,0,0,0,0,0,0,0
365,32176,57,54259,564.4912280701755,148.65479452054794,0,0,0.5,1.0,0.0,0,0,0.0,0.0,0.0,0.0,0.0,0.0,0.0,0.0,0.0,0,0,0,0.5,0.5,0.5,0.4,0.5,0.5,0.5,0.4600000000000001,0.5,1,0,0,neutral,Unknown,individual,unknown,original,yes,0,0,0,0,0,0,0,0,0,0,0,0
365,16260,1070,24308,15.19626168224299,66.59726027397261,0,0,0.5,1.0,0.0,0,0,0.0,0.0,0.0,0.0,0.0,0.0,0.0,0.0,0.0,0,0,0,0.5,0.5,0.5,0.5,0.5,0.5,0.5,0.5,0.5,1,0,0,neutral,Unknown,individual,unknown,original,yes,0,0,0,0,0,0,0,0,0,0,0,0
365,8511,1153,7594,7.3816131830008676,20.805479452054794,0,0,0.5,1.0,0.0,0,0,0.0,0.0,0.0,0.0,0.0,0.0,0.0,0.0,0.0,0,0,0,0.5,0.5,0.5,0.5,0.5,0.5,0.5,0.5,0.5,1,0,0,neutral,Unknown,individual,unknown,original,yes,0,0,0,0,0,0,0,0,0,0,0,0
365,34023,847,12159,40.16883116883117,33.31232876712329,0,0,0.5,1.0,0.0,0,0,0.0,0.0,0.0,0.0,0.0,0.0,0.0,0.0,0.0,0,0,0,0.5,0.5,0.5,0.5,0.5,0.5,0.5,0.5,0.5,1,0,0,neutral,Unknown,individual,unknown,original,yes,0,0,0,0,0,0,0,0,0,0,0,0
365,1078,2320,4779,0.4646551724137931,13.093150684931507,0,0,0.5,1.0,0.0,0,0,0.0,0.0,0.0,0.0,0.0,0.0,0.0,0.0,0.0,0,0,0,0.5,0.5,0.5,0.5,0.5,0.5,0.5,0.5,0.5,1,0,0,neutral,Unknown,individual,unknown,original,yes,0,0,0,0,0,0,0,0,0,0,0,0
365,1348,448,9173,3.0089285714285716,25.13150684931507,0,0,0.5,1.0,0.0,0,0,0.0,0.0,0.0,0.0,0.0,0.0,0.0,0.0,0.0,0,0,0,0.5,0.5,0.5,0.5,0.5,0.5,0.5,0.5,0.5,1,0,0,neutral,Unknown,individual,unknown,original,yes,0,0,0,0,0,0,0,0,0,0,0,0
365,3925,1359,31901,2.8881530537159676,87.4,0,0,0.5,1.0,0.0,0,0,0.0,0.0,0.0,0.0,0.0,0.0,0.0,0.0,0.0,0,0,0,0.5,0.5,0.5,0.5,0.5,0.5,0.5,0.5,0.5,1,0,0,neutral,Unknown,individual,unknown,original,yes,0,0,0,0,0,0,0,0,0,0,0,0
365,121492,821,19950,147.98051157125457,54.657534246575345,0,0,0.5,1.0,0.0,0,0,0.0,0.0,0.0,0.0,0.0,0.0,0.0,0.0,0.0,0,0,0,0.5,0.5,0.5,0.4,0.5,0.5,0.5,0.4600000000000001,0.5,1,0,0,neutral,Unknown,individual,unknown,original,yes,0,0,0,0,0,0,0,0,0,0,0,0
365,49941,2099,30824,23.792758456407814,84.44931506849315,0,0,0.5,1.0,0.0,0,0,0.0,0.0,0.0,0.0,0.0,0.0,0.0,0.0,0.0,0,0,0,0.5,0.5,0.5,0.5,0.5,0.5,0.5,0.5,0.5,1,0,0,neutral,Unknown,individual,unknown,original,yes,0,0,0,0,0,0,0,0,0,0,0,0
365,10776,353,13292,30.526912181303118,36.416438356164385,0,0,0.5,1.0,0.0,0,0,0.0,0.0,0.0,0.0,0.0,0.0,0.0,0.0,0.0,0,0,0,0.5,0.5,0.5,0.5,0.5,0.5,0.5,0.5,0.5,1,0,0,neutral,Unknown,individual,unknown,original,yes,0,0,0,0,0,0,0,0,0,0,0,0
365,5520,918,6077,6.0130718954248366,16.649315068493152,0,0,0.5,1.0,0.0,0,0,0.0,0.0,0.0,0.0,0.0,0.0,0.0,0.0,0.0,0,0,0,0.5,0.5,0.5,0.5,0.5,0.5,0.5,0.5,0.5,1,0,0,neutral,Unknown,individual,unknown,original,yes,0,0,0,0,0,0,0,0,0,0,0,0
365,90782,242,32816,375.1322314049587,89.9068493150685,0,0,0.5,1.0,0.0,0,0,0.0,0.0,0.0,0.0,0.0,0.0,0.0,0.0,0.0,0,0,0,0.5,0.5,0.5,0.4,0.5,0.5,0.5,0.4600000000000001,0.5,1,0,0,neutral,Unknown,individual,unknown,original,yes,0,0,0,0,0,0,0,0,0,0,0,0
365,11189,2606,192186,4.2935533384497315,526.5369863013699,0,0,0.5,1.0,0.0,0,0,0.0,0.0,0.0,0.0,0.0,0.0,0.0,0.0,0.0,0,0,0,0.5,0.5,0.5,0.5,0.5,0.5,0.5,0.5,0.5,1,0,0,neutral,Unknown,individual,unknown,original,yes,0,0,0,0,0,0,0,0,0,0,0,0
365,3898,1199,18150,3.251042535446205,49.726027397260275,0,0,0.5,1.0,0.0,0,0,0.0,0.0,0.0,0.0,0.0,0.0,0.0,0.0,0.0,0,0,0,0.5,0.5,0.5,0.5,0.5,0.5,0.5,0.5,0.5,1,0,0,neutral,Unknown,individual,unknown,original,yes,0,0,0,0,0,0,0,0,0,0,0,0
365,4095,2170,6505,1.8870967741935485,17.82191780821918,0,0,0.5,1.0,0.0,0,0,0.0,0.0,0.0,0.0,0.0,0.0,0.0,0.0,0.0,0,0,0,0.5,0.5,0.5,0.5,0.5,0.5,0.5,0.5,0.5,1,0,0,neutral,Unknown,individual,unknown,original,yes,0,0,0,0,0,0,0,0,0,0,0,0
365,4262,1125,7963,3.7884444444444445,21.816438356164383,0,0,0.5,1.0,0.0,0,0,0.0,0.0,0.0,0.0,0.0,0.0,0.0,0.0,0.0,0,0,0,0.5,0.5,0.5,0.5,0.5,0.5,0.5,0.5,0.5,1,0,0,neutral,Unknown,individual,unknown,original,yes,0,0,0,0,0,0,0,0,0,0,0,0
365,79050,2145,10435,36.85314685314685,28.589041095890412,0,0,0.5,1.0,0.0,0,0,0.0,0.0,0.0,0.0,0.0,0.0,0.0,0.0,0.0,0,0,0,0.5,0.5,0.5,0.5,0.5,0.5,0.5,0.5,0.5,1,0,0,neutral,Unknown,individual,unknown,original,yes,0,0,0,0,0,0,0,0,0,0,0,0
365,5126,241,1653,21.269709543568464,4.528767123287671,0,0,0.5,1.0,0.0,0,0,0.0,0.0,0.0,0.0,0.0,0.0,0.0,0.0,0.0,0,0,0,0.5,0.5,0.5,0.5,0.5,0.5,0.5,0.5,0.5,1,0,0,neutral,Unknown,individual,unknown,original,yes,0,0,0,0,0,0,0,0,0,0,0,0
365,139203,6523,22111,21.34033420205427,60.57808219178082,0,0,0.5,1.0,0.0,0,0,0.0,0.0,0.0,0.0,0.0,0.0,0.0,0.0,0.0,0,0,0,0.5,0.5,0.5,0.5,0.5,0.5,0.5,0.5,0.5,1,0,0,neutral,Unknown,individual,unknown,original,yes,0,0,0,0,0,0,0,0,0,0,0,0
365,3283,483,16659,6.797101449275362,45.64109589041096,0,0,0.5,1.0,0.0,0,0,0.0,0.0,0.0,0.0,0.0,0.0,0.0,0.0,0.0,0,0,0,0.5,0.5,0.5,0.5,0.5,0.5,0.5,0.5,0.5,1,0,0,neutral,Unknown,individual,unknown,original,yes,0,0,0,0,0,0,0,0,0,0,0,0
365,2813,1332,1820,2.1118618618618616,4.986301369863014,0,0,0.5,1.0,0.0,0,0,0.0,0.0,0.0,0.0,0.0,0.0,0.0,0.0,0.0,0,0,0,0.5,0.5,0.5,0.5,0.5,0.5,0.5,0.5,0.5,1,0,0,neutral,Unknown,individual,unknown,original,yes,0,0,0,0,0,0,0,0,0,0,0,0
365,3771,2130,9269,1.7704225352112677,25.394520547945206,0,0,0.5,1.0,0.0,0,0,0.0,0.0,0.0,0.0,0.0,0.0,0.0,0.0,0.0,0,0,0,0.5,0.5,0.5,0.5,0.5,0.5,0.5,0.5,0.5,1,0,0,neutral,Unknown,individual,unknown,original,yes,0,0,0,0,0,0,0,0,0,0,0,0
365,24527,1583,31561,15.49399873657612,86.46849315068494,0,0,0.5,1.0,0.0,0,0,0.0,0.0,0.0,0.0,0.0,0.0,0.0,0.0,0.0,0,0,0,0.5,0.5,0.5,0.5,0.5,0.5,0.5,0.5,0.5,1,0,0,neutral,Unknown,individual,unknown,original,yes,0,0,0,0,0,0,0,0,0,0,0,0
365,859088,535,219199,1605.7719626168225,600.5452054794521,0,0,0.5,1.0,0.0,0,0,0.0,0.0,0.0,0.0,0.0,0.0,0.0,0.0,0.0,0,0,0,0.5,0.5,0.5,0.4,0.5,0.5,0.5,0.4600000000000001,0.5,1,0,0,neutral,Unknown,individual,unknown,original,yes,0,0,0,0,0,0,0,0,0,0,0,0
365,22395,4991,11022,4.487076738128631,30.197260273972603,0,0,0.5,1.0,0.0,0,0,0.0,0.0,0.0,0.0,0.0,0.0,0.0,0.0,0.0,0,0,0,0.5,0.5,0.5,0.5,0.5,0.5,0.5,0.5,0.5,1,0,0,neutral,Unknown,individual,unknown,original,yes,0,0,0,0,0,0,0,0,0,0,0,0
365,2706645,1396,2508,1938.8574498567336,6.8712328767123285,0,0,0.5,1.0,0.0,0,0,0.0,0.0,0.0,0.0,0.0,0.0,0.0,0.0,0.0,0,0,0,0.5,0.5,0.5,0.4,0.5,0.5,0.5,0.4600000000000001,0.5,1,0,0,neutral,Unknown,individual,unknown,original,yes,0,0,0,0,0,0,0,0,0,0,0,0
365,10075,3611,26739,2.7900858487953477,73.25753424657535,0,0,0.5,1.0,0.0,0,0,0.0,0.0,0.0,0.0,0.0,0.0,0.0,0.0,0.0,0,0,0,0.5,0.5,0.5,0.5,0.5,0.5,0.5,0.5,0.5,1,0,0,neutral,Unknown,individual,unknown,original,yes,0,0,0,0,0,0,0,0,0,0,0,0
365,3756,3045,11921,1.2334975369458128,32.66027397260274,0,0,0.5,1.0,0.0,0,0,0.0,0.0,0.0,0.0,0.0,0.0,0.0,0.0,0.0,0,0,0,0.5,0.5,0.5,0.5,0.5,0.5,0.5,0.5,0.5,1,0,0,neutral,Unknown,individual,unknown,original,yes,0,0,0,0,0,0,0,0,0,0,0,0
365,11065,1336,3969,8.282185628742514,10.873972602739727,0,0,0.5,1.0,0.0,0,0,0.0,0.0,0.0,0.0,0.0,0.0,0.0,0.0,0.0,0,0,0,0.5,0.5,0.5,0.5,0.5,0.5,0.5,0.5,0.5,1,0,0,neutral,Unknown,individual,unknown,original,yes,0,0,0,0,0,0,0,0,0,0,0,0
365,4871,2562,8795,1.9012490241998439,24.095890410958905,0,0,0.5,1.0,0.0,0,0,0.0,0.0,0.0,0.0,0.0,0.0,0.0,0.0,0.0,0,0,0,0.5,0.5,0.5,0.5,0.5,0.5,0.5,0.5,0.5,1,0,0,neutral,Unknown,individual,unknown,original,yes,0,0,0,0,0,0,0,0,0,0,0,0
365,6169,892,16738,6.915919282511211,45.85753424657534,0,0,0.5,1.0,0.0,0,0,0.0,0.0,0.0,0.0,0.0,0.0,0.0,0.0,0.0,0,0,0,0.5,0.5,0.5,0.5,0.5,0.5,0.5,0.5,0.5,1,0,0,neutral,Unknown,individual,unknown,original,yes,0,0,0,0,0,0,0,0,0,0,0,0
365,10276,991,70718,10.369323915237134,193.74794520547945,0,0,0.5,1.0,0.0,0,0,0.0,0.0,0.0,0.0,0.0,0.0,0.0,0.0,0.0,0,0,0,0.5,0.5,0.5,0.5,0.5,0.5,0.5,0.5,0.5,1,0,0,neutral,Unknown,individual,unknown,original,yes,0,0,0,0,0,0,0,0,0,0,0,0
365,5630,1905,6746,2.9553805774278215,18.482191780821918,0,0,0.5,1.0,0.0,0,0,0.0,0.0,0.0,0.0,0.0,0.0,0.0,0.0,0.0,0,0,0,0.5,0.5,0.5,0.5,0.5,0.5,0.5,0.5,0.5,1,0,0,neutral,Unknown,individual,unknown,original,yes,0,0,0,0,0,0,0,0,0,0,0,0
365,15346,2470,42431,6.2129554655870445,116.24931506849315,0,0,0.5,1.0,0.0,0,0,0.0,0.0,0.0,0.0,0.0,0.0,0.0,0.0,0.0,0,0,0,0.5,0.5,0.5,0.5,0.5,0.5,0.5,0.5,0.5,1,0,0,neutral,Unknown,individual,unknown,original,yes,0,0,0,0,0,0,0,0,0,0,0,0
365,17020,1963,19407,8.670402445236883,53.16986301369863,0,0,0.5,1.0,0.0,0,0,0.0,0.0,0.0,0.0,0.0,0.0,0.0,0.0,0.0,0,0,0,0.5,0.5,0.5,0.5,0.5,0.5,0.5,0.5,0.5,1,0,0,neutral,Unknown,individual,unknown,original,yes,0,0,0,0,0,0,0,0,0,0,0,0
365,4160,811,2755,5.129469790382244,7.5479452054794525,0,0,0.5,1.0,0.0,0,0,0.0,0.0,0.0,0.0,0.0,0.0,0.0,0.0,0.0,0,0,0,0.5,0.5,0.5,0.5,0.5,0.5,0.5,0.5,0.5,1,0,0,neutral,Unknown,individual,unknown,original,yes,0,0,0,0,0,0,0,0,0,0,0,0
365,2302,1105,2200,2.0832579185520363,6.027397260273973,0,0,0.5,1.0,0.0,0,0,0.0,0.0,0.0,0.0,0.0,0.0,0.0,0.0,0.0,0,0,0,0.5,0.5,0.5,0.5,0.5,0.5,0.5,0.5,0.5,1,0,0,neutral,Unknown,individual,unknown,original,yes,0,0,0,0,0,0,0,0,0,0,0,0
365,97801,68,774,1438.25,2.1205479452054794,0,0,0.5,1.0,0.0,0,0,0.0,0.0,0.0,0.0,0.0,0.0,0.0,0.0,0.0,0,0,0,0.5,0.5,0.5,0.4,0.5,0.5,0.5,0.4600000000000001,0.5,1,0,0,neutral,Unknown,individual,unknown,original,yes,0,0,0,0,0,0,0,0,0,0,0,0
365,4967,4836,2176,1.0270885028949546,5.961643835616439,0,0,0.5,1.0,0.0,0,0,0.0,0.0,0.0,0.0,0.0,0.0,0.0,0.0,0.0,0,0,0,0.5,0.5,0.5,0.5,0.5,0.5,0.5,0.5,0.5,1,0,0,neutral,Unknown,individual,unknown,original,yes,0,0,0,0,0,0,0,0,0,0,0,0
365,3371,1130,32286,2.9831858407079648,88.45479452054795,0,0,0.5,1.0,0.0,0,0,0.0,0.0,0.0,0.0,0.0,0.0,0.0,0.0,0.0,0,0,0,0.5,0.5,0.5,0.5,0.5,0.5,0.5,0.5,0.5,1,0,0,neutral,Unknown,individual,unknown,original,yes,0,0,0,0,0,0,0,0,0,0,0,0
365,17671,9895,41693,1.7858514401212733,114.22739726027397,0,0,0.5,1.0,0.0,0,0,0.0,0.0,0.0,0.0,0.0,0.0,0.0,0.0,0.0,0,0,0,0.5,0.5,0.5,0.5,0.5,0.5,0.5,0.5,0.5,1,0,0,neutral,Unknown,individual,unknown,original,yes,0,0,0,0,0,0,0,0,0,0,0,0
365,148706,1527,182786,97.38441388343156,500.78356164383564,0,0,0.5,1.0,0.0,0,0,0.0,0.0,0.0,0.0,0.0,0.0,0.0,0.0,0.0,0,0,0,0.5,0.5,0.5,0.5,0.5,0.5,0.5,0.5,0.5,1,0,0,neutral,Unknown,individual,unknown,original,yes,0,0,0,0,0,0,0,0,0,0,0,0
365,7798,974,2053,8.006160164271048,5.624657534246575,0,0,0.5,1.0,0.0,0,0,0.0,0.0,0.0,0.0,0.0,0.0,0.0,0.0,0.0,0,0,0,0.5,0.5,0.5,0.5,0.5,0.5,0.5,0.5,0.5,1,0,0,neutral,Unknown,individual,unknown,original,yes,0,0,0,0,0,0,0,0,0,0,0,0
365,60154,676,14168,88.98520710059172,38.81643835616438,0,0,0.5,1.0,0.0,0,0,0.0,0.0,0.0,0.0,0.0,0.0,0.0,0.0,0.0,0,0,0,0.5,0.5,0.5,0.5,0.5,0.5,0.5,0.5,0.5,1,0,0,neutral,Unknown,individual,unknown,original,yes,0,0,0,0,0,0,0,0,0,0,0,0
365,12254,3298,24921,3.7155852031534264,68.27671232876712,0,0,0.5,1.0,0.0,0,0,0.0,0.0,0.0,0.0,0.0,0.0,0.0,0.0,0.0,0,0,0,0.5,0.5,0.5,0.5,0.5,0.5,0.5,0.5,0.5,1,0,0,neutral,Unknown,individual,unknown,original,yes,0,0,0,0,0,0,0,0,0,0,0,0
365,483299,1759,100792,274.757816941444,276.14246575342463,0,0,0.5,1.0,0.0,0,0,0.0,0.0,0.0,0.0,0.0,0.0,0.0,0.0,0.0,0,0,0,0.5,0.5,0.5,0.4,0.5,0.5,0.5,0.4600000000000001,0.5,1,0,0,neutral,Unknown,individual,unknown,original,yes,0,0,0,0,0,0,0,0,0,0,0,0
365,58934,3148,27630,18.721092757306227,75.6986301369863,0,0,0.5,1.0,0.0,0,0,0.0,0.0,0.0,0.0,0.0,0.0,0.0,0.0,0.0,0,0,0,0.5,0.5,0.5,0.5,0.5,0.5,0.5,0.5,0.5,1,0,0,neutral,Unknown,individual,unknown,original,yes,0,0,0,0,0,0,0,0,0,0,0,0
365,4890,136,19464,35.955882352941174,53.326027397260276,0,0,0.5,1.0,0.0,0,0,0.0,0.0,0.0,0.0,0.0,0.0,0.0,0.0,0.0,0,0,0,0.5,0.5,0.5,0.5,0.5,0.5,0.5,0.5,0.5,1,0,0,neutral,Unknown,individual,unknown,original,yes,0,0,0,0,0,0,0,0,0,0,0,0
365,30255,1213,53795,24.942291838417148,147.3835616438356,0,0,0.5,1.0,0.0,0,0,0.0,0.0,0.0,0.0,0.0,0.0,0.0,0.0,0.0,0,0,0,0.5,0.5,0.5,0.5,0.5,0.5,0.5,0.5,0.5,1,0,0,neutral,Unknown,individual,unknown,original,yes,0,0,0,0,0,0,0,0,0,0,0,0
365,44745,1017,13796,43.99705014749262,37.797260273972604,0,0,0.5,1.0,0.0,0,0,0.0,0.0,0.0,0.0,0.0,0.0,0.0,0.0,0.0,0,0,0,0.5,0.5,0.5,0.5,0.5,0.5,0.5,0.5,0.5,1,0,0,neutral,Unknown,individual,unknown,original,yes,0,0,0,0,0,0,0,0,0,0,0,0
365,5315,8043,90595,0.6608230759666791,248.2054794520548,0,0,0.5,1.0,0.0,0,0,0.0,0.0,0.0,0.0,0.0,0.0,0.0,0.0,0.0,0,0,0,0.5,0.5,0.5,0.5,0.5,0.5,0.5,0.5,0.5,1,0,0,neutral,Unknown,individual,unknown,original,yes,0,0,0,0,0,0,0,0,0,0,0,0
365,22061,493,4559,44.748478701825555,12.490410958904109,0,0,0.5,1.0,0.0,0,0,0.0,0.0,0.0,0.0,0.0,0.0,0.0,0.0,0.0,0,0,0,0.5,0.5,0.5,0.5,0.5,0.5,0.5,0.5,0.5,1,0,0,neutral,Unknown,individual,unknown,original,yes,0,0,0,0,0,0,0,0,0,0,0,0
365,59470,182,6697,326.75824175824175,18.34794520547945,0,0,0.5,1.0,0.0,0,0,0.0,0.0,0.0,0.0,0.0,0.0,0.0,0.0,0.0,0,0,0,0.5,0.5,0.5,0.4,0.5,0.5,0.5,0.4600000000000001,0.5,1,0,0,neutral,Unknown,individual,unknown,original,yes,0,0,0,0,0,0,0,0,0,0,0,0
365,2920,1716,14520,1.7016317016317015,39.78082191780822,0,0,0.5,1.0,0.0,0,0,0.0,0.0,0.0,0.0,0.0,0.0,0.0,0.0,0.0,0,0,0,0.5,0.5,0.5,0.5,0.5,0.5,0.5,0.5,0.5,1,0,0,neutral,Unknown,individual,unknown,original,yes,0,0,0,0,0,0,0,0,0,0,0,0
365,5102,1275,12762,4.001568627450981,34.964383561643835,0,0,0.5,1.0,0.0,0,0,0.0,0.0,0.0,0.0,0.0,0.0,0.0,0.0,0.0,0,0,0,0.5,0.5,0.5,0.5,0.5,0.5,0.5,0.5,0.5,1,0,0,neutral,Unknown,individual,unknown,original,yes,0,0,0,0,0,0,0,0,0,0,0,0
365,1822,1961,4040,0.9291177970423253,11.068493150684931,0,0,0.5,1.0,0.0,0,0,0.0,0.0,0.0,0.0,0.0,0.0,0.0,0.0,0.0,0,0,0,0.5,0.5,0.5,0.5,0.5,0.5,0.5,0.5,0.5,1,0,0,neutral,Unknown,individual,unknown,original,yes,0,0,0,0,0,0,0,0,0,0,0,0
365,10243,752,77456,13.621010638297872,212.2082191780822,0,0,0.5,1.0,0.0,0,0,0.0,0.0,0.0,0.0,0.0,0.0,0.0,0.0,0.0,0,0,0,0.5,0.5,0.5,0.5,0.5,0.5,0.5,0.5,0.5,1,0,0,neutral,Unknown,individual,unknown,original,yes,0,0,0,0,0,0,0,0,0,0,0,0
365,5080,1212,23263,4.191419141914191,63.73424657534247,0,0,0.5,1.0,0.0,0,0,0.0,0.0,0.0,0.0,0.0,0.0,0.0,0.0,0.0,0,0,0,0.5,0.5,0.5,0.5,0.5,0.5,0.5,0.5,0.5,1,0,0,neutral,Unknown,individual,unknown,original,yes,0,0,0,0,0,0,0,0,0,0,0,0
365,3770,952,2496,3.9600840336134455,6.838356164383562,0,0,0.5,1.0,0.0,0,0,0.0,0.0,0.0,0.0,0.0,0.0,0.0,0.0,0.0,0,0,0,0.5,0.5,0.5,0.5,0.5,0.5,0.5,0.5,0.5,1,0,0,neutral,Unknown,individual,unknown,original,yes,0,0,0,0,0,0,0,0,0,0,0,0
365,5128,3634,6423,1.4111172261970282,17.5972602739726,0,0,0.5,1.0,0.0,0,0,0.0,0.0,0.0,0.0,0.0,0.0,0.0,0.0,0.0,0,0,0,0.5,0.5,0.5,0.5,0.5,0.5,0.5,0.5,0.5,1,0,0,neutral,Unknown,individual,unknown,original,yes,0,0,0,0,0,0,0,0,0,0,0,0
365,9717,729,44683,13.329218106995885,122.41917808219178,0,0,0.5,1.0,0.0,0,0,0.0,0.0,0.0,0.0,0.0,0.0,0.0,0.0,0.0,0,0,0,0.5,0.5,0.5,0.5,0.5,0.5,0.5,0.5,0.5,1,0,0,neutral,Unknown,individual,unknown,original,yes,0,0,0,0,0,0,0,0,0,0,0,0
365,302906,1546,14729,195.9288486416559,40.35342465753425,0,0,0.5,1.0,0.0,0,0,0.0,0.0,0.0,0.0,0.0,0.0,0.0,0.0,0.0,0,0,0,0.5,0.5,0.5,0.4,0.5,0.5,0.5,0.4600000000000001,0.5,1,0,0,neutral,Unknown,individual,unknown,original,yes,0,0,0,0,0,0,0,0,0,0,0,0
365,29367,377,5593,77.89655172413794,15.323287671232876,0,0,0.5,1.0,0.0,0,0,0.0,0.0,0.0,0.0,0.0,0.0,0.0,0.0,0.0,0,0,0,0.5,0.5,0.5,0.5,0.5,0.5,0.5,0.5,0.5,1,0,0,neutral,Unknown,individual,unknown,original,yes,0,0,0,0,0,0,0,0,0,0,0,0
365,2731,1198,3856,2.2796327212020033,10.564383561643835,0,0,0.5,1.0,0.0,0,0,0.0,0.0,0.0,0.0,0.0,0.0,0.0,0.0,0.0,0,0,0,0.5,0.5,0.5,0.5,0.5,0.5,0.5,0.5,0.5,1,0,0,neutral,Unknown,individual,unknown,original,yes,0,0,0,0,0,0,0,0,0,0,0,0
365,534,326,1521,1.638036809815951,4.167123287671233,0,0,0.5,1.0,0.0,0,0,0.0,0.0,0.0,0.0,0.0,0.0,0.0,0.0,0.0,0,0,0,0.5,0.5,0.5,0.5,0.5,0.5,0.5,0.5,0.5,1,0,0,neutral,Unknown,individual,unknown,original,yes,0,0,0,0,0,0,0,0,0,0,0,0
365,14144,2879,15183,4.912816950329976,41.5972602739726,0,0,0.5,1.0,0.0,0,0,0.0,0.0,0.0,0.0,0.0,0.0,0.0,0.0,0.0,0,0,0,0.5,0.5,0.5,0.5,0.5,0.5,0.5,0.5,0.5,1,0,0,neutral,Unknown,individual,unknown,original,yes,0,0,0,0,0,0,0,0,0,0,0,0
365,11024,1602,37432,6.881398252184769,102.55342465753425,0,0,0.5,1.0,0.0,0,0,0.0,0.0,0.0,0.0,0.0,0.0,0.0,0.0,0.0,0,0,0,0.5,0.5,0.5,0.5,0.5,0.5,0.5,0.5,0.5,1,0,0,neutral,Unknown,individual,unknown,original,yes,0,0,0,0,0,0,0,0,0,0,0,0
365,1115,1649,6084,0.6761673741661614,16.66849315068493,0,0,0.5,1.0,0.0,0,0,0.0,0.0,0.0,0.0,0.0,0.0,0.0,0.0,0.0,0,0,0,0.5,0.5,0.5,0.5,0.5,0.5,0.5,0.5,0.5,1,0,0,neutral,Unknown,individual,unknown,original,yes,0,0,0,0,0,0,0,0,0,0,0,0
365,114768,794,8530,144.544080604534,23.36986301369863,0,0,0.5,1.0,0.0,0,0,0.0,0.0,0.0,0.0,0.0,0.0,0.0,0.0,0.0,0,0,0,0.5,0.5,0.5,0.4,0.5,0.5,0.5,0.4600000000000001,0.5,1,0,0,neutral,Unknown,individual,unknown,original,yes,0,0,0,0,0,0,0,0,0,0,0,0
365,1779,1629,61733,1.0920810313075506,169.13150684931506,0,0,0.5,1.0,0.0,0,0,0.0,0.0,0.0,0.0,0.0,0.0,0.0,0.0,0.0,0,0,0,0.5,0.5,0.5,0.5,0.5,0.5,0.5,0.5,0.5,1,0,0,neutral,Unknown,individual,unknown,original,yes,0,0,0,0,0,0,0,0,0,0,0,0
365,13291,722,16139,18.40858725761773,44.21643835616438,0,0,0.5,1.0,0.0,0,0,0.0,0.0,0.0,0.0,0.0,0.0,0.0,0.0,0.0,0,0,0,0.5,0.5,0.5,0.5,0.5,0.5,0.5,0.5,0.5,1,0,0,neutral,Unknown,individual,unknown,original,yes,0,0,0,0,0,0,0,0,0,0,0,0
365,12842769,1455,8299,8826.645360824743,22.736986301369864,0,0,0.5,1.0,0.0,0,0,0.0,0.0,0.0,0.0,0.0,0.0,0.0,0.0,0.0,0,0,0,0.5,0.5,0.5,0.4,0.5,0.5,0.5,0.4600000000000001,0.5,1,0,0,neutral,Unknown,individual,unknown,original,yes,0,0,0,0,0,0,0,0,0,0,0,0
365,31197,1987,30025,15.700553598389533,82.26027397260275,0,0,0.5,1.0,0.0,0,0,0.0,0.0,0.0,0.0,0.0,0.0,0.0,0.0,0.0,0,0,0,0.5,0.5,0.5,0.5,0.5,0.5,0.5,0.5,0.5,1,0,0,neutral,Unknown,individual,unknown,original,yes,0,0,0,0,0,0,0,0,0,0,0,0
365,489567,234,55515,2092.1666666666665,152.0958904109589,0,0,0.5,1.0,0.0,0,0,0.0,0.0,0.0,0.0,0.0,0.0,0.0,0.0,0.0,0,0,0,0.5,0.5,0.5,0.4,0.5,0.5,0.5,0.4600000000000001,0.5,1,0,0,neutral,Unknown,individual,unknown,original,yes,0,0,0,0,0,0,0,0,0,0,0,0
365,218660,86527,19067,2.527072474487732,52.23835616438356,0,0,0.5,1.0,0.0,0,0,0.0,0.0,0.0,0.0,0.0,0.0,0.0,0.0,0.0,0,0,0,0.5,0.5,0.5,0.5,0.5,0.5,0.5,0.5,0.5,1,0,0,neutral,Unknown,individual,unknown,original,yes,0,0,0,0,0,0,0,0,0,0,0,0
365,24912,2423,16274,10.281469252992158,44.586301369863016,0,0,0.5,1.0,0.0,0,0,0.0,0.0,0.0,0.0,0.0,0.0,0.0,0.0,0.0,0,0,0,0.5,0.5,0.5,0.5,0.5,0.5,0.5,0.5,0.5,1,0,0,neutral,Unknown,individual,unknown,original,yes,0,0,0,0,0,0,0,0,0,0,0,0
365,17007,2427,66090,7.007416563658838,181.06849315068493,0,0,0.5,1.0,0.0,0,0,0.0,0.0,0.0,0.0,0.0,0.0,0.0,0.0,0.0,0,0,0,0.5,0.5,0.5,0.5,0.5,0.5,0.5,0.5,0.5,1,0,0,neutral,Unknown,individual,unknown,original,yes,0,0,0,0,0,0,0,0,0,0,0,0
365,6512,761,8194,8.557161629434955,22.44931506849315,0,0,0.5,1.0,0.0,0,0,0.0,0.0,0.0,0.0,0.0,0.0,0.0,0.0,0.0,0,0,0,0.5,0.5,0.5,0.5,0.5,0.5,0.5,0.5,0.5,1,0,0,neutral,Unknown,individual,unknown,original,yes,0,0,0,0,0,0,0,0,0,0,0,0
365,4869,1517,2389,3.2096242584047463,6.545205479452055,0,0,0.5,1.0,0.0,0,0,0.0,0.0,0.0,0.0,0.0,0.0,0.0,0.0,0.0,0,0,0,0.5,0.5,0.5,0.5,0.5,0.5,0.5,0.5,0.5,1,0,0,neutral,Unknown,individual,unknown,original,yes,0,0,0,0,0,0,0,0,0,0,0,0
365,20446,1954,21195,10.463664278403275,58.06849315068493,0,0,0.5,1.0,0.0,0,0,0.0,0.0,0.0,0.0,0.0,0.0,0.0,0.0,0.0,0,0,0,0.5,0.5,0.5,0.5,0.5,0.5,0.5,0.5,0.5,1,0,0,neutral,Unknown,individual,unknown,original,yes,0,0,0,0,0,0,0,0,0,0,0,0
365,1213,1132,5968,1.0715547703180213,16.350684931506848,0,0,0.5,1.0,0.0,0,0,0.0,0.0,0.0,0.0,0.0,0.0,0.0,0.0,0.0,0,0,0,0.5,0.5,0.5,0.5,0.5,0.5,0.5,0.5,0.5,1,0,0,neutral,Unknown,individual,unknown,original,yes,0,0,0,0,0,0,0,0,0,0,0,0
365,4578,1304,16320,3.5107361963190185,44.71232876712329,0,0,0.5,1.0,0.0,0,0,0.0,0.0,0.0,0.0,0.0,0.0,0.0,0.0,0.0,0,0,0,0.5,0.5,0.5,0.5,0.5,0.5,0.5,0.5,0.5,1,0,0,neutral,Unknown,individual,unknown,original,yes,0,0,0,0,0,0,0,0,0,0,0,0
365,15104,3121,11081,4.8394745273950655,30.35890410958904,0,0,0.5,1.0,0.0,0,0,0.0,0.0,0.0,0.0,0.0,0.0,0.0,0.0,0.0,0,0,0,0.5,0.5,0.5,0.5,0.5,0.5,0.5,0.5,0.5,1,0,0,neutral,Unknown,individual,unknown,original,yes,0,0,0,0,0,0,0,0,0,0,0,0
365,6974,1514,15606,4.606340819022457,42.75616438356165,0,0,0.5,1.0,0.0,0,0,0.0,0.0,0.0,0.0,0.0,0.0,0.0,0.0,0.0,0,0,0,0.5,0.5,0.5,0.5,0.5,0.5,0.5,0.5,0.5,1,0,0,neutral,Unknown,individual,unknown,original,yes,0,0,0,0,0,0,0,0,0,0,0,0
365,53786,3897,17072,13.801898896587119,46.772602739726025,0,0,0.5,1.0,0.0,0,0,0.0,0.0,0.0,0.0,0.0,0.0,0.0,0.0,0.0,0,0,0,0.5,0.5,0.5,0.5,0.5,0.5,0.5,0.5,0.5,1,0,0,neutral,Unknown,individual,unknown,original,yes,0,0,0,0,0,0,0,0,0,0,0,0
365,12459,1324,17998,9.41012084592145,49.30958904109589,0,0,0.5,1.0,0.0,0,0,0.0,0.0,0.0,0.0,0.0,0.0,0.0,0.0,0.0,0,0,0,0.5,0.5,0.5,0.5,0.5,0.5,0.5,0.5,0.5,1,0,0,neutral,Unknown,individual,unknown,original,yes,0,0,0,0,0,0,0,0,0,0,0,0
365,6468,4381,8496,1.4763752567906872,23.276712328767122,0,0,0.5,1.0,0.0,0,0,0.0,0.0,0.0,0.0,0.0,0.0,0.0,0.0,0.0,0,0,0,0.5,0.5,0.5,0.5,0.5,0.5,0.5,0.5,0.5,1,0,0,neutral,Unknown,individual,unknown,original,yes,0,0,0,0,0,0,0,0,0,0,0,0
365,985037,168,11147,5863.315476190476,30.53972602739726,0,0,0.5,1.0,0.0,0,0,0.0,0.0,0.0,0.0,0.0,0.0,0.0,0.0,0.0,0,0,0,0.5,0.5,0.5,0.4,0.5,0.5,0.5,0.4600000000000001,0.5,1,0,0,neutral,Unknown,individual,unknown,original,yes,0,0,0,0,0,0,0,0,0,0,0,0
365,5990,3081,11787,1.9441739694904252,32.293150684931504,0,0,0.5,1.0,0.0,0,0,0.0,0.0,0.0,0.0,0.0,0.0,0.0,0.0,0.0,0,0,0,0.5,0.5,0.5,0.5,0.5,0.5,0.5,0.5,0.5,1,0,0,neutral,Unknown,individual,unknown,original,yes,0,0,0,0,0,0,0,0,0,0,0,0
365,1204532,276,4270,4364.246376811594,11.698630136986301,0,0,0.5,1.0,0.0,0,0,0.0,0.0,0.0,0.0,0.0,0.0,0.0,0.0,0.0,0,0,0,0.5,0.5,0.5,0.4,0.5,0.5,0.5,0.4600000000000001,0.5,1,0,0,neutral,Unknown,individual,unknown,original,yes,0,0,0,0,0,0,0,0,0,0,0,0
365,72757,758,33593,95.98548812664907,92.03561643835616,0,0,0.5,1.0,0.0,0,0,0.0,0.0,0.0,0.0,0.0,0.0,0.0,0.0,0.0,0,0,0,0.5,0.5,0.5,0.5,0.5,0.5,0.5,0.5,0.5,1,0,0,neutral,Unknown,individual,unknown,original,yes,0,0,0,0,0,0,0,0,0,0,0,0
365,3309,1602,3695,2.0655430711610485,10.123287671232877,0,0,0.5,1.0,0.0,0,0,0.0,0.0,0.0,0.0,0.0,0.0,0.0,0.0,0.0,0,0,0,0.5,0.5,0.5,0.5,0.5,0.5,0.5,0.5,0.5,1,0,0,neutral,Unknown,individual,unknown,original,yes,0,0,0,0,0,0,0,0,0,0,0,0
365,16548,18137,19122,0.9123890389810884,52.38904109589041,0,0,0.5,1.0,0.0,0,0,0.0,0.0,0.0,0.0,0.0,0.0,0.0,0.0,0.0,0,0,0,0.5,0.5,0.5,0.5,0.5,0.5,0.5,0.5,0.5,1,0,0,neutral,Unknown,individual,unknown,original,yes,0,0,0,0,0,0,0,0,0,0,0,0
365,18557,859,31115,21.60302677532014,85.24657534246575,0,0,0.5,1.0,0.0,0,0,0.0,0.0,0.0,0.0,0.0,0.0,0.0,0.0,0.0,0,0,0,0.5,0.5,0.5,0.5,0.5,0.5,0.5,0.5,0.5,1,0,0,neutral,Unknown,individual,unknown,original,yes,0,0,0,0,0,0,0,0,0,0,0,0
365,5821,2001,39185,2.9090454772613694,107.35616438356165,0,0,0.5,1.0,0.0,0,0,0.0,0.0,0.0,0.0,0.0,0.0,0.0,0.0,0.0,0,0,0,0.5,0.5,0.5,0.5,0.5,0.5,0.5,0.5,0.5,1,0,0,neutral,Unknown,individual,unknown,original,yes,0,0,0,0,0,0,0,0,0,0,0,0
365,51431,678,10046,75.85693215339234,27.523287671232875,0,0,0.5,1.0,0.0,0,0,0.0,0.0,0.0,0.0,0.0,0.0,0.0,0.0,0.0,0,0,0,0.5,0.5,0.5,0.5,0.5,0.5,0.5,0.5,0.5,1,0,0,neutral,Unknown,individual,unknown,original,yes,0,0,0,0,0,0,0,0,0,0,0,0
365,1339239,3907,19236,342.7793703608907,52.701369863013696,0,0,0.5,1.0,0.0,0,0,0.0,0.0,0.0,0.0,0.0,0.0,0.0,0.0,0.0,0,0,0,0.5,0.5,0.5,0.4,0.5,0.5,0.5,0.4600000000000001,0.5,1,0,0,neutral,Unknown,individual,unknown,original,yes,0,0,0,0,0,0,0,0,0,0,0,0
365,16817,679,1638,24.767304860088366,4.487671232876712,0,0,0.5,1.0,0.0,0,0,0.0,0.0,0.0,0.0,0.0,0.0,0.0,0.0,0.0,0,0,0,0.5,0.5,0.5,0.5,0.5,0.5,0.5,0.5,0.5,1,0,0,neutral,Unknown,individual,unknown,original,yes,0,0,0,0,0,0,0,0,0,0,0,0
365,1493644,9886,129845,151.08678939915032,355.73972602739724,0,0,0.5,1.0,0.0,0,0,0.0,0.0,0.0,0.0,0.0,0.0,0.0,0.0,0.0,0,0,0,0.5,0.5,0.5,0.4,0.5,0.5,0.5,0.4600000000000001,0.5,1,0,0,neutral,Unknown,individual,unknown,original,yes,0,0,0,0,0,0,0,0,0,0,0,0
365,43388,1985,38784,21.857934508816122,106.25753424657535,0,0,0.5,1.0,0.0,0,0,0.0,0.0,0.0,0.0,0.0,0.0,0.0,0.0,0.0,0,0,0,0.5,0.5,0.5,0.5,0.5,0.5,0.5,0.5,0.5,1,0,0,neutral,Unknown,individual,unknown,original,yes,0,0,0,0,0,0,0,0,0,0,0,0
365,373,348,1041,1.0718390804597702,2.852054794520548,0,0,0.5,1.0,0.0,0,0,0.0,0.0,0.0,0.0,0.0,0.0,0.0,0.0,0.0,0,0,0,0.5,0.5,0.5,0.5,0.5,0.5,0.5,0.5,0.5,1,0,0,neutral,Unknown,individual,unknown,original,yes,0,0,0,0,0,0,0,0,0,0,0,0
365,14948,1328,1385,11.256024096385541,3.7945205479452055,0,0,0.5,1.0,0.0,0,0,0.0,0.0,0.0,0.0,0.0,0.0,0.0,0.0,0.0,0,0,0,0.5,0.5,0.5,0.5,0.5,0.5,0.5,0.5,0.5,1,0,0,neutral,Unknown,individual,unknown,original,yes,0,0,0,0,0,0,0,0,0,0,0,0
365,2216,2230,24681,0.9937219730941704,67.61917808219178,0,0,0.5,1.0,0.0,0,0,0.0,0.0,0.0,0.0,0.0,0.0,0.0,0.0,0.0,0,0,0,0.5,0.5,0.5,0.5,0.5,0.5,0.5,0.5,0.5,1,0,0,neutral,Unknown,individual,unknown,original,yes,0,0,0,0,0,0,0,0,0,0,0,0
365,6155,870,6870,7.074712643678161,18.82191780821918,0,0,0.5,1.0,0.0,0,0,0.0,0.0,0.0,0.0,0.0,0.0,0.0,0.0,0.0,0,0,0,0.5,0.5,0.5,0.5,0.5,0.5,0.5,0.5,0.5,1,0,0,neutral,Unknown,individual,unknown,original,yes,0,0,0,0,0,0,0,0,0,0,0,0
365,16091,1496,31707,10.756016042780749,86.86849315068493,0,0,0.5,1.0,0.0,0,0,0.0,0.0,0.0,0.0,0.0,0.0,0.0,0.0,0.0,0,0,0,0.5,0.5,0.5,0.5,0.5,0.5,0.5,0.5,0.5,1,0,0,neutral,Unknown,individual,unknown,original,yes,0,0,0,0,0,0,0,0,0,0,0,0
365,2428,1001,3202,2.4255744255744256,8.772602739726027,0,0,0.5,1.0,0.0,0,0,0.0,0.0,0.0,0.0,0.0,0.0,0.0,0.0,0.0,0,0,0,0.5,0.5,0.5,0.5,0.5,0.5,0.5,0.5,0.5,1,0,0,neutral,Unknown,individual,unknown,original,yes,0,0,0,0,0,0,0,0,0,0,0,0
365,28552,10527,28405,2.712263702859314,77.82191780821918,0,0,0.5,1.0,0.0,0,0,0.0,0.0,0.0,0.0,0.0,0.0,0.0,0.0,0.0,0,0,0,0.5,0.5,0.5,0.5,0.5,0.5,0.5,0.5,0.5,1,0,0,neutral,Unknown,individual,unknown,original,yes,0,0,0,0,0,0,0,0,0,0,0,0
365,29289,423,57423,69.24113475177305,157.3232876712329,0,0,0.5,1.0,0.0,0,0,0.0,0.0,0.0,0.0,0.0,0.0,0.0,0.0,0.0,0,0,0,0.5,0.5,0.5,0.5,0.5,0.5,0.5,0.5,0.5,1,0,0,neutral,Unknown,individual,unknown,original,yes,0,0,0,0,0,0,0,0,0,0,0,0
365,12920,9455,15917,1.3664727657324167,43.608219178082194,0,0,0.5,1.0,0.0,0,0,0.0,0.0,0.0,0.0,0.0,0.0,0.0,0.0,0.0,0,0,0,0.5,0.5,0.5,0.5,0.5,0.5,0.5,0.5,0.5,1,0,0,neutral,Unknown,individual,unknown,original,yes,0,0,0,0,0,0,0,0,0,0,0,0
365,3752,1071,9281,3.503267973856209,25.427397260273974,0,0,0.5,1.0,0.0,0,0,0.0,0.0,0.0,0.0,0.0,0.0,0.0,0.0,0.0,0,0,0,0.5,0.5,0.5,0.5,0.5,0.5,0.5,0.5,0.5,1,0,0,neutral,Unknown,individual,unknown,original,yes,0,0,0,0,0,0,0,0,0,0,0,0
365,1935,718,3679,2.6949860724233985,10.07945205479452,0,0,0.5,1.0,0.0,0,0,0.0,0.0,0.0,0.0,0.0,0.0,0.0,0.0,0.0,0,0,0,0.5,0.5,0.5,0.5,0.5,0.5,0.5,0.5,0.5,1,0,0,neutral,Unknown,individual,unknown,original,yes,0,0,0,0,0,0,0,0,0,0,0,0
365,7555,389,6636,19.42159383033419,18.18082191780822,0,0,0.5,1.0,0.0,0,0,0.0,0.0,0.0,0.0,0.0,0.0,0.0,0.0,0.0,0,0,0,0.5,0.5,0.5,0.5,0.5,0.5,0.5,0.5,0.5,1,0,0,neutral,Unknown,individual,unknown,original,yes,0,0,0,0,0,0,0,0,0,0,0,0
365,2448,3099,39145,0.7899322362052275,107.24657534246575,0,0,0.5,1.0,0.0,0,0,0.0,0.0,0.0,0.0,0.0,0.0,0.0,0.0,0.0,0,0,0,0.5,0.5,0.5,0.5,0.5,0.5,0.5,0.5,0.5,1,0,0,neutral,Unknown,individual,unknown,original,yes,0,0,0,0,0,0,0,0,0,0,0,0
365,64365,991,31399,64.94954591321897,86.02465753424657,0,0,0.5,1.0,0.0,0,0,0.0,0.0,0.0,0.0,0.0,0.0,0.0,0.0,0.0,0,0,0,0.5,0.5,0.5,0.5,0.5,0.5,0.5,0.5,0.5,1,0,0,neutral,Unknown,individual,unknown,original,yes,0,0,0,0,0,0,0,0,0,0,0,0
365,15244,3173,166296,4.804286164513079,455.6054794520548,0,0,0.5,1.0,0.0,0,0,0.0,0.0,0.0,0.0,0.0,0.0,0.0,0.0,0.0,0,0,0,0.5,0.5,0.5,0.5,0.5,0.5,0.5,0.5,0.5,1,0,0,neutral,Unknown,individual,unknown,original,yes,0,0,0,0,0,0,0,0,0,0,0,0
365,25905,22011,47983,1.1769115442278861,131.46027397260275,0,0,0.5,1.0,0.0,0,0,0.0,0.0,0.0,0.0,0.0,0.0,0.0,0.0,0.0,0,0,0,0.5,0.5,0.5,0.5,0.5,0.5,0.5,0.5,0.5,1,0,0,neutral,Unknown,individual,unknown,original,yes,0,0,0,0,0,0,0,0,0,0,0,0
365,5425,2997,27813,1.8101434768101434,76.2,0,0,0.5,1.0,0.0,0,0,0.0,0.0,0.0,0.0,0.0,0.0,0.0,0.0,0.0,0,0,0,0.5,0.5,0.5,0.5,0.5,0.5,0.5,0.5,0.5,1,0,0,neutral,Unknown,individual,unknown,original,yes,0,0,0,0,0,0,0,0,0,0,0,0
365,11738,10039,86784,1.1692399641398545,237.76438356164383,0,0,0.5,1.0,0.0,0,0,0.0,0.0,0.0,0.0,0.0,0.0,0.0,0.0,0.0,0,0,0,0.5,0.5,0.5,0.5,0.5,0.5,0.5,0.5,0.5,1,0,0,neutral,Unknown,individual,unknown,original,yes,0,0,0,0,0,0,0,0,0,0,0,0
365,46480,710,124893,65.46478873239437,342.172602739726,0,0,0.5,1.0,0.0,0,0,0.0,0.0,0.0,0.0,0.0,0.0,0.0,0.0,0.0,0,0,0,0.5,0.5,0.5,0.5,0.5,0.5,0.5,0.5,0.5,1,0,0,neutral,Unknown,individual,unknown,original,yes,0,0,0,0,0,0,0,0,0,0,0,0
365,176056,3602,132062,48.87729039422543,361.81369863013697,0,0,0.5,1.0,0.0,0,0,0.0,0.0,0.0,0.0,0.0,0.0,0.0,0.0,0.0,0,0,0,0.5,0.5,0.5,0.5,0.5,0.5,0.5,0.5,0.5,1,0,0,neutral,Unknown,individual,unknown,original,yes,0,0,0,0,0,0,0,0,0,0,0,0
365,7511,1634,29581,4.596695226438189,81.04383561643836,0,0,0.5,1.0,0.0,0,0,0.0,0.0,0.0,0.0,0.0,0.0,0.0,0.0,0.0,0,0,0,0.5,0.5,0.5,0.5,0.5,0.5,0.5,0.5,0.5,1,0,0,neutral,Unknown,individual,unknown,original,yes,0,0,0,0,0,0,0,0,0,0,0,0
365,1478,451,11700,3.2771618625277164,32.054794520547944,0,0,0.5,1.0,0.0,0,0,0.0,0.0,0.0,0.0,0.0,0.0,0.0,0.0,0.0,0,0,0,0.5,0.5,0.5,0.5,0.5,0.5,0.5,0.5,0.5,1,0,0,neutral,Unknown,individual,unknown,original,yes,0,0,0,0,0,0,0,0,0,0,0,0
365,26784,893,25857,29.993281075027994,70.84109589041095,0,0,0.5,1.0,0.0,0,0,0.0,0.0,0.0,0.0,0.0,0.0,0.0,0.0,0.0,0,0,0,0.5,0.5,0.5,0.5,0.5,0.5,0.5,0.5,0.5,1,0,0,neutral,Unknown,individual,unknown,original,yes,0,0,0,0,0,0,0,0,0,0,0,0
365,5010,2227,2521,2.2496632240682533,6.906849315068493,0,0,0.5,1.0,0.0,0,0,0.0,0.0,0.0,0.0,0.0,0.0,0.0,0.0,0.0,0,0,0,0.5,0.5,0.5,0.5,0.5,0.5,0.5,0.5,0.5,1,0,0,neutral,Unknown,individual,unknown,original,yes,0,0,0,0,0,0,0,0,0,0,0,0
365,2155,2074,25554,1.0390549662487947,70.01095890410959,0,0,0.5,1.0,0.0,0,0,0.0,0.0,0.0,0.0,0.0,0.0,0.0,0.0,0.0,0,0,0,0.5,0.5,0.5,0.5,0.5,0.5,0.5,0.5,0.5,1,0,0,neutral,Unknown,individual,unknown,original,yes,0,0,0,0,0,0,0,0,0,0,0,0
365,24786,387,25333,64.04651162790698,69.40547945205479,0,0,0.5,1.0,0.0,0,0,0.0,0.0,0.0,0.0,0.0,0.0,0.0,0.0,0.0,0,0,0,0.5,0.5,0.5,0.5,0.5,0.5,0.5,0.5,0.5,1,0,0,neutral,Unknown,individual,unknown,original,yes,0,0,0,0,0,0,0,0,0,0,0,0
365,7857,659,4552,11.922610015174508,12.471232876712328,0,0,0.5,1.0,0.0,0,0,0.0,0.0,0.0,0.0,0.0,0.0,0.0,0.0,0.0,0,0,0,0.5,0.5,0.5,0.5,0.5,0.5,0.5,0.5,0.5,1,0,0,neutral,Unknown,individual,unknown,original,no,0,0,0,0,0,0,0,0,0,0,0,0
365,12097,1495,17620,8.091638795986622,48.273972602739725,0,0,0.5,1.0,0.0,0,0,0.0,0.0,0.0,0.0,0.0,0.0,0.0,0.0,0.0,0,0,0,0.5,0.5,0.5,0.5,0.5,0.5,0.5,0.5,0.5,1,0,0,neutral,Unknown,individual,unknown,original,yes,0,0,0,0,0,0,0,0,0,0,0,0
365,5417,4248,5158,1.2751883239171375,14.131506849315068,0,0,0.5,1.0,0.0,0,0,0.0,0.0,0.0,0.0,0.0,0.0,0.0,0.0,0.0,0,0,0,0.5,0.5,0.5,0.5,0.5,0.5,0.5,0.5,0.5,1,0,0,neutral,Unknown,individual,unknown,original,yes,0,0,0,0,0,0,0,0,0,0,0,0
365,562851,1393,24123,404.056712132089,66.09041095890412,0,0,0.5,1.0,0.0,0,0,0.0,0.0,0.0,0.0,0.0,0.0,0.0,0.0,0.0,0,0,0,0.5,0.5,0.5,0.4,0.5,0.5,0.5,0.4600000000000001,0.5,1,0,0,neutral,Unknown,individual,unknown,original,yes,0,0,0,0,0,0,0,0,0,0,0,0
365,36844,46,10842,800.9565217391304,29.704109589041096,0,0,0.5,1.0,0.0,0,0,0.0,0.0,0.0,0.0,0.0,0.0,0.0,0.0,0.0,0,0,0,0.5,0.5,0.5,0.4,0.5,0.5,0.5,0.4600000000000001,0.5,1,0,0,neutral,Unknown,individual,unknown,original,yes,0,0,0,0,0,0,0,0,0,0,0,0
365,2256278,51085,74633,44.167133209356955,204.47397260273974,0,0,0.5,1.0,0.0,0,0,0.0,0.0,0.0,0.0,0.0,0.0,0.0,0.0,0.0,0,0,0,0.5,0.5,0.5,0.5,0.5,0.5,0.5,0.5,0.5,1,0,0,neutral,Unknown,individual,unknown,original,yes,0,0,0,0,0,0,0,0,0,0,0,0
365,22958,478,12245,48.02928870292887,33.54794520547945,0,0,0.5,1.0,0.0,0,0,0.0,0.0,0.0,0.0,0.0,0.0,0.0,0.0,0.0,0,0,0,0.5,0.5,0.5,0.5,0.5,0.5,0.5,0.5,0.5,1,0,0,neutral,Unknown,individual,unknown,original,yes,0,0,0,0,0,0,0,0,0,0,0,0
365,4000,1112,15532,3.597122302158273,42.553424657534244,0,0,0.5,1.0,0.0,0,0,0.0,0.0,0.0,0.0,0.0,0.0,0.0,0.0,0.0,0,0,0,0.5,0.5,0.5,0.5,0.5,0.5,0.5,0.5,0.5,1,0,0,neutral,Unknown,individual,unknown,original,yes,0,0,0,0,0,0,0,0,0,0,0,0
365,23982,44,11226,545.0454545454545,30.756164383561643,0,0,0.5,1.0,0.0,0,0,0.0,0.0,0.0,0.0,0.0,0.0,0.0,0.0,0.0,0,0,0,0.5,0.5,0.5,0.4,0.5,0.5,0.5,0.4600000000000001,0.5,1,0,0,neutral,Unknown,individual,unknown,original,yes,0,0,0,0,0,0,0,0,0,0,0,0
365,1816,233,35376,7.793991416309013,96.92054794520548,0,0,0.5,1.0,0.0,0,0,0.0,0.0,0.0,0.0,0.0,0.0,0.0,0.0,0.0,0,0,0,0.5,0.5,0.5,0.5,0.5,0.5,0.5,0.5,0.5,1,0,0,neutral,Unknown,individual,unknown,original,yes,0,0,0,0,0,0,0,0,0,0,0,0
365,1462,830,5763,1.76144578313253,15.789041095890411,0,0,0.5,1.0,0.0,0,0,0.0,0.0,0.0,0.0,0.0,0.0,0.0,0.0,0.0,0,0,0,0.5,0.5,0.5,0.5,0.5,0.5,0.5,0.5,0.5,1,0,0,neutral,Unknown,individual,unknown,original,yes,0,0,0,0,0,0,0,0,0,0,0,0
365,125562,270,12565,465.0444444444444,34.42465753424658,0,0,0.5,1.0,0.0,0,0,0.0,0.0,0.0,0.0,0.0,0.0,0.0,0.0,0.0,0,0,0,0.5,0.5,0.5,0.4,0.5,0.5,0.5,0.4600000000000001,0.5,1,0,0,neutral,Unknown,individual,unknown,original,yes,0,0,0,0,0,0,0,0,0,0,0,0
365,26333,1131,27379,23.28293545534925,75.01095890410959,0,0,0.5,1.0,0.0,0,0,0.0,0.0,0.0,0.0,0.0,0.0,0.0,0.0,0.0,0,0,0,0.5,0.5,0.5,0.5,0.5,0.5,0.5,0.5,0.5,1,0,0,neutral,Unknown,individual,unknown,original,yes,0,0,0,0,0,0,0,0,0,0,0,0
365,1768,661,15274,2.674735249621785,41.846575342465755,0,0,0.5,1.0,0.0,0,0,0.0,0.0,0.0,0.0,0.0,0.0,0.0,0.0,0.0,0,0,0,0.5,0.5,0.5,0.5,0.5,0.5,0.5,0.5,0.5,1,0,0,neutral,Unknown,individual,unknown,original,yes,0,0,0,0,0,0,0,0,0,0,0,0
365,84259,8950,54580,9.414413407821229,149.53424657534248,0,0,0.5,1.0,0.0,0,0,0.0,0.0,0.0,0.0,0.0,0.0,0.0,0.0,0.0,0,0,0,0.5,0.5,0.5,0.5,0.5,0.5,0.5,0.5,0.5,1,0,0,neutral,Unknown,individual,unknown,original,yes,0,0,0,0,0,0,0,0,0,0,0,0
365,3027,724,7172,4.180939226519337,19.649315068493152,0,0,0.5,1.0,0.0,0,0,0.0,0.0,0.0,0.0,0.0,0.0,0.0,0.0,0.0,0,0,0,0.5,0.5,0.5,0.5,0.5,0.5,0.5,0.5,0.5,1,0,0,neutral,Unknown,individual,unknown,original,yes,0,0,0,0,0,0,0,0,0,0,0,0
365,51082,3165,113518,16.139652448657188,311.0082191780822,0,0,0.5,1.0,0.0,0,0,0.0,0.0,0.0,0.0,0.0,0.0,0.0,0.0,0.0,0,0,0,0.5,0.5,0.5,0.5,0.5,0.5,0.5,0.5,0.5,1,0,0,neutral,Unknown,individual,unknown,original,yes,0,0,0,0,0,0,0,0,0,0,0,0
365,7946,3291,24625,2.4144636888483744,67.46575342465754,0,0,0.5,1.0,0.0,0,0,0.0,0.0,0.0,0.0,0.0,0.0,0.0,0.0,0.0,0,0,0,0.5,0.5,0.5,0.5,0.5,0.5,0.5,0.5,0.5,1,0,0,neutral,Unknown,individual,unknown,original,yes,0,0,0,0,0,0,0,0,0,0,0,0
365,253914,140,20785,1813.6714285714286,56.945205479452056,0,0,0.5,1.0,0.0,0,0,0.0,0.0,0.0,0.0,0.0,0.0,0.0,0.0,0.0,0,0,0,0.5,0.5,0.5,0.4,0.5,0.5,0.5,0.4600000000000001,0.5,1,0,0,neutral,Unknown,individual,unknown,original,yes,0,0,0,0,0,0,0,0,0,0,0,0
365,60492,5986,316,10.105579685933845,0.8657534246575342,0,0,0.5,1.0,0.0,0,0,0.0,0.0,0.0,0.0,0.0,0.0,0.0,0.0,0.0,0,0,0,0.5,0.5,0.5,0.5,0.5,0.5,0.5,0.5,0.5,1,0,0,neutral,Unknown,individual,unknown,original,yes,0,0,0,0,0,0,0,0,0,0,0,0
365,5939,1150,30270,5.164347826086956,82.93150684931507,0,0,0.5,1.0,0.0,0,0,0.0,0.0,0.0,0.0,0.0,0.0,0.0,0.0,0.0,0,0,0,0.5,0.5,0.5,0.5,0.5,0.5,0.5,0.5,0.5,1,0,0,neutral,Unknown,individual,unknown,original,yes,0,0,0,0,0,0,0,0,0,0,0,0
365,4831,354,2354,13.646892655367232,6.449315068493151,0,0,0.5,1.0,0.0,0,0,0.0,0.0,0.0,0.0,0.0,0.0,0.0,0.0,0.0,0,0,0,0.5,0.5,0.5,0.5,0.5,0.5,0.5,0.5,0.5,1,0,0,neutral,Unknown,individual,unknown,original,yes,0,0,0,0,0,0,0,0,0,0,0,0
365,2586,485,5095,5.331958762886598,13.95890410958904,0,0,0.5,1.0,0.0,0,0,0.0,0.0,0.0,0.0,0.0,0.0,0.0,0.0,0.0,0,0,0,0.5,0.5,0.5,0.5,0.5,0.5,0.5,0.5,0.5,1,0,0,neutral,Unknown,individual,unknown,original,yes,0,0,0,0,0,0,0,0,0,0,0,0
365,18104,1090,1921,16.609174311926605,5.263013698630137,0,0,0.5,1.0,0.0,0,0,0.0,0.0,0.0,0.0,0.0,0.0,0.0,0.0,0.0,0,0,0,0.5,0.5,0.5,0.5,0.5,0.5,0.5,0.5,0.5,1,0,0,neutral,Unknown,individual,unknown,original,yes,0,0,0,0,0,0,0,0,0,0,0,0
365,5059,2040,15175,2.479901960784314,41.57534246575342,0,0,0.5,1.0,0.0,0,0,0.0,0.0,0.0,0.0,0.0,0.0,0.0,0.0,0.0,0,0,0,0.5,0.5,0.5,0.5,0.5,0.5,0.5,0.5,0.5,1,0,0,neutral,Unknown,individual,unknown,original,yes,0,0,0,0,0,0,0,0,0,0,0,0
365,81881,3411,33138,24.004983875696276,90.78904109589041,0,0,0.5,1.0,0.0,0,0,0.0,0.0,0.0,0.0,0.0,0.0,0.0,0.0,0.0,0,0,0,0.5,0.5,0.5,0.5,0.5,0.5,0.5,0.5,0.5,1,0,0,neutral,Unknown,individual,unknown,original,yes,0,0,0,0,0,0,0,0,0,0,0,0
365,8168,685,23272,11.924087591240875,63.75890410958904,0,0,0.5,1.0,0.0,0,0,0.0,0.0,0.0,0.0,0.0,0.0,0.0,0.0,0.0,0,0,0,0.5,0.5,0.5,0.5,0.5,0.5,0.5,0.5,0.5,1,0,0,neutral,Unknown,individual,unknown,original,yes,0,0,0,0,0,0,0,0,0,0,0,0
365,1312130,205,372046,6400.634146341464,1019.3041095890411,0,0,0.5,1.0,0.0,0,0,0.0,0.0,0.0,0.0,0.0,0.0,0.0,0.0,0.0,0,0,0,0.5,0.5,0.5,0.4,0.5,0.5,0.5,0.4600000000000001,0.5,1,0,0,neutral,Unknown,individual,unknown,original,yes,0,0,0,0,0,0,0,0,0,0,0,0
365,41264,1458,40947,28.301783264746227,112.18356164383562,0,0,0.5,1.0,0.0,0,0,0.0,0.0,0.0,0.0,0.0,0.0,0.0,0.0,0.0,0,0,0,0.5,0.5,0.5,0.5,0.5,0.5,0.5,0.5,0.5,1,0,0,neutral,Unknown,individual,unknown,original,yes,0,0,0,0,0,0,0,0,0,0,0,0
365,3160,1017,1558,3.1071779744346117,4.2684931506849315,0,0,0.5,1.0,0.0,0,0,0.0,0.0,0.0,0.0,0.0,0.0,0.0,0.0,0.0,0,0,0,0.5,0.5,0.5,0.5,0.5,0.5,0.5,0.5,0.5,1,0,0,neutral,Unknown,individual,unknown,original,yes,0,0,0,0,0,0,0,0,0,0,0,0
365,1365,3326,35674,0.4104028863499699,97.73698630136987,0,0,0.5,1.0,0.0,0,0,0.0,0.0,0.0,0.0,0.0,0.0,0.0,0.0,0.0,0,0,0,0.5,0.5,0.5,0.5,0.5,0.5,0.5,0.5,0.5,1,0,0,neutral,Unknown,individual,unknown,original,yes,0,0,0,0,0,0,0,0,0,0,0,0
365,1140,891,1693,1.2794612794612794,4.638356164383562,0,0,0.5,1.0,0.0,0,0,0.0,0.0,0.0,0.0,0.0,0.0,0.0,0.0,0.0,0,0,0,0.5,0.5,0.5,0.5,0.5,0.5,0.5,0.5,0.5,1,0,0,neutral,Unknown,individual,unknown,original,yes,0,0,0,0,0,0,0,0,0,0,0,0
365,22687,345,7761,65.75942028985507,21.263013698630136,0,0,0.5,1.0,0.0,0,0,0.0,0.0,0.0,0.0,0.0,0.0,0.0,0.0,0.0,0,0,0,0.5,0.5,0.5,0.5,0.5,0.5,0.5,0.5,0.5,1,0,0,neutral,Unknown,individual,unknown,original,yes,0,0,0,0,0,0,0,0,0,0,0,0
365,2913,402,11769,7.246268656716418,32.24383561643835,0,0,0.5,1.0,0.0,0,0,0.0,0.0,0.0,0.0,0.0,0.0,0.0,0.0,0.0,0,0,0,0.5,0.5,0.5,0.5,0.5,0.5,0.5,0.5,0.5,1,0,0,neutral,Unknown,individual,unknown,original,yes,0,0,0,0,0,0,0,0,0,0,0,0
365,4296,2774,56008,1.5486661860129776,153.44657534246576,0,0,0.5,1.0,0.0,0,0,0.0,0.0,0.0,0.0,0.0,0.0,0.0,0.0,0.0,0,0,0,0.5,0.5,0.5,0.5,0.5,0.5,0.5,0.5,0.5,1,0,0,neutral,Unknown,individual,unknown,original,yes,0,0,0,0,0,0,0,0,0,0,0,0
365,14403,1077,7544,13.37325905292479,20.66849315068493,0,0,0.5,1.0,0.0,0,0,0.0,0.0,0.0,0.0,0.0,0.0,0.0,0.0,0.0,0,0,0,0.5,0.5,0.5,0.5,0.5,0.5,0.5,0.5,0.5,1,0,0,neutral,Unknown,individual,unknown,original,yes,0,0,0,0,0,0,0,0,0,0,0,0
365,7059,3128,24705,2.256713554987212,67.68493150684931,0,0,0.5,1.0,0.0,0,0,0.0,0.0,0.0,0.0,0.0,0.0,0.0,0.0,0.0,0,0,0,0.5,0.5,0.5,0.5,0.5,0.5,0.5,0.5,0.5,1,0,0,neutral,Unknown,individual,unknown,original,yes,0,0,0,0,0,0,0,0,0,0,0,0
365,960,1769,4338,0.542679479932165,11.884931506849314,0,0,0.5,1.0,0.0,0,0,0.0,0.0,0.0,0.0,0.0,0.0,0.0,0.0,0.0,0,0,0,0.5,0.5,0.5,0.5,0.5,0.5,0.5,0.5,0.5,1,0,0,neutral,Unknown,individual,unknown,original,yes,0,0,0,0,0,0,0,0,0,0,0,0
365,5508,1630,8404,3.3791411042944786,23.024657534246575,0,0,0.5,1.0,0.0,0,0,0.0,0.0,0.0,0.0,0.0,0.0,0.0,0.0,0.0,0,0,0,0.5,0.5,0.5,0.5,0.5,0.5,0.5,0.5,0.5,1,0,0,neutral,Unknown,individual,unknown,original,yes,0,0,0,0,0,0,0,0,0,0,0,0
365,2653,1771,8819,1.4980237154150198,24.161643835616438,0,0,0.5,1.0,0.0,0,0,0.0,0.0,0.0,0.0,0.0,0.0,0.0,0.0,0.0,0,0,0,0.5,0.5,0.5,0.5,0.5,0.5,0.5,0.5,0.5,1,0,0,neutral,Unknown,individual,unknown,original,yes,0,0,0,0,0,0,0,0,0,0,0,0
365,43758,1396,49249,31.345272206303726,134.92876712328768,0,0,0.5,1.0,0.0,0,0,0.0,0.0,0.0,0.0,0.0,0.0,0.0,0.0,0.0,0,0,0,0.5,0.5,0.5,0.5,0.5,0.5,0.5,0.5,0.5,1,0,0,neutral,Unknown,individual,unknown,original,yes,0,0,0,0,0,0,0,0,0,0,0,0
365,2332,1868,15683,1.2483940042826553,42.967123287671235,0,0,0.5,1.0,0.0,0,0,0.0,0.0,0.0,0.0,0.0,0.0,0.0,0.0,0.0,0,0,0,0.5,0.5,0.5,0.5,0.5,0.5,0.5,0.5,0.5,1,0,0,neutral,Unknown,individual,unknown,original,yes,0,0,0,0,0,0,0,0,0,0,0,0
365,4470,273,3521,16.373626373626372,9.646575342465754,0,0,0.5,1.0,0.0,0,0,0.0,0.0,0.0,0.0,0.0,0.0,0.0,0.0,0.0,0,0,0,0.5,0.5,0.5,0.5,0.5,0.5,0.5,0.5,0.5,1,0,0,neutral,Unknown,individual,unknown,original,yes,0,0,0,0,0,0,0,0,0,0,0,0
365,4275,1633,27967,2.617881200244948,76.62191780821918,0,0,0.5,1.0,0.0,0,0,0.0,0.0,0.0,0.0,0.0,0.0,0.0,0.0,0.0,0,0,0,0.5,0.5,0.5,0.5,0.5,0.5,0.5,0.5,0.5,1,0,0,neutral,Unknown,individual,unknown,original,yes,0,0,0,0,0,0,0,0,0,0,0,0
365,3546,926,5415,3.8293736501079914,14.835616438356164,0,0,0.5,1.0,0.0,0,0,0.0,0.0,0.0,0.0,0.0,0.0,0.0,0.0,0.0,0,0,0,0.5,0.5,0.5,0.5,0.5,0.5,0.5,0.5,0.5,1,0,0,neutral,Unknown,individual,unknown,original,yes,0,0,0,0,0,0,0,0,0,0,0,0
365,4866,1043,17135,4.665388302972196,46.945205479452056,0,0,0.5,1.0,0.0,0,0,0.0,0.0,0.0,0.0,0.0,0.0,0.0,0.0,0.0,0,0,0,0.5,0.5,0.5,0.5,0.5,0.5,0.5,0.5,0.5,1,0,0,neutral,Unknown,individual,unknown,original,yes,0,0,0,0,0,0,0,0,0,0,0,0
365,11197,521,9072,21.491362763915546,24.854794520547944,0,0,0.5,1.0,0.0,0,0,0.0,0.0,0.0,0.0,0.0,0.0,0.0,0.0,0.0,0,0,0,0.5,0.5,0.5,0.5,0.5,0.5,0.5,0.5,0.5,1,0,0,neutral,Unknown,individual,unknown,original,yes,0,0,0,0,0,0,0,0,0,0,0,0
365,4321,923,12516,4.681473456121344,34.29041095890411,0,0,0.5,1.0,0.0,0,0,0.0,0.0,0.0,0.0,0.0,0.0,0.0,0.0,0.0,0,0,0,0.5,0.5,0.5,0.5,0.5,0.5,0.5,0.5,0.5,1,0,0,neutral,Unknown,individual,unknown,original,yes,0,0,0,0,0,0,0,0,0,0,0,0
365,5642,740,103,7.624324324324324,0.2821917808219178,0,0,0.5,1.0,0.0,0,0,0.0,0.0,0.0,0.0,0.0,0.0,0.0,0.0,0.0,0,0,0,0.5,0.5,0.5,0.5,0.5,0.5,0.5,0.5,0.5,1,0,0,neutral,Unknown,individual,unknown,original,yes,0,0,0,0,0,0,0,0,0,0,0,0
365,39147,1903,27376,20.57120336311088,75.0027397260274,0,0,0.5,1.0,0.0,0,0,0.0,0.0,0.0,0.0,0.0,0.0,0.0,0.0,0.0,0,0,0,0.5,0.5,0.5,0.5,0.5,0.5,0.5,0.5,0.5,1,0,0,neutral,Unknown,individual,unknown,original,yes,0,0,0,0,0,0,0,0,0,0,0,0
365,29538,469,8771,62.98081023454158,24.03013698630137,0,0,0.5,1.0,0.0,0,0,0.0,0.0,0.0,0.0,0.0,0.0,0.0,0.0,0.0,0,0,0,0.5,0.5,0.5,0.5,0.5,0.5,0.5,0.5,0.5,1,0,0,neutral,Unknown,individual,unknown,original,yes,0,0,0,0,0,0,0,0,0,0,0,0
365,7158,5008,38235,1.4293130990415335,104.75342465753425,0,0,0.5,1.0,0.0,0,0,0.0,0.0,0.0,0.0,0.0,0.0,0.0,0.0,0.0,0,0,0,0.5,0.5,0.5,0.5,0.5,0.5,0.5,0.5,0.5,1,0,0,neutral,Unknown,individual,unknown,original,yes,0,0,0,0,0,0,0,0,0,0,0,0
365,17724,1887,255174,9.392686804451511,699.1068493150685,0,0,0.5,1.0,0.0,0,0,0.0,0.0,0.0,0.0,0.0,0.0,0.0,0.0,0.0,0,0,0,0.5,0.5,0.5,0.5,0.5,0.5,0.5,0.5,0.5,1,0,0,neutral,Unknown,individual,unknown,original,yes,0,0,0,0,0,0,0,0,0,0,0,0
365,114364,89563,26865,1.276911224501189,73.6027397260274,0,0,0.5,1.0,0.0,0,0,0.0,0.0,0.0,0.0,0.0,0.0,0.0,0.0,0.0,0,0,0,0.5,0.5,0.5,0.5,0.5,0.5,0.5,0.5,0.5,1,0,0,neutral,Unknown,individual,unknown,original,yes,0,0,0,0,0,0,0,0,0,0,0,0
365,1642,268,1579,6.126865671641791,4.326027397260274,0,0,0.5,1.0,0.0,0,0,0.0,0.0,0.0,0.0,0.0,0.0,0.0,0.0,0.0,0,0,0,0.5,0.5,0.5,0.5,0.5,0.5,0.5,0.5,0.5,1,0,0,neutral,Unknown,individual,unknown,original,yes,0,0,0,0,0,0,0,0,0,0,0,0
365,3867,603,43117,6.412935323383085,118.12876712328767,0,0,0.5,1.0,0.0,0,0,0.0,0.0,0.0,0.0,0.0,0.0,0.0,0.0,0.0,0,0,0,0.5,0.5,0.5,0.5,0.5,0.5,0.5,0.5,0.5,1,0,0,neutral,Unknown,individual,unknown,original,yes,0,0,0,0,0,0,0,0,0,0,0,0
365,36876,1384,30119,26.64450867052023,82.51780821917808,0,0,0.5,1.0,0.0,0,0,0.0,0.0,0.0,0.0,0.0,0.0,0.0,0.0,0.0,0,0,0,0.5,0.5,0.5,0.5,0.5,0.5,0.5,0.5,0.5,1,0,0,neutral,Unknown,individual,unknown,original,yes,0,0,0,0,0,0,0,0,0,0,0,0
365,63972,2068,5295,30.934235976789168,14.506849315068493,0,0,0.5,1.0,0.0,0,0,0.0,0.0,0.0,0.0,0.0,0.0,0.0,0.0,0.0,0,0,0,0.5,0.5,0.5,0.5,0.5,0.5,0.5,0.5,0.5,1,0,0,neutral,Unknown,individual,unknown,original,yes,0,0,0,0,0,0,0,0,0,0,0,0
365,4755,1610,33167,2.953416149068323,90.86849315068493,0,0,0.5,1.0,0.0,0,0,0.0,0.0,0.0,0.0,0.0,0.0,0.0,0.0,0.0,0,0,0,0.5,0.5,0.5,0.5,0.5,0.5,0.5,0.5,0.5,1,0,0,neutral,Unknown,individual,unknown,original,yes,0,0,0,0,0,0,0,0,0,0,0,0
365,19186,8054,29997,2.3821703501365783,82.18356164383562,0,0,0.5,1.0,0.0,0,0,0.0,0.0,0.0,0.0,0.0,0.0,0.0,0.0,0.0,0,0,0,0.5,0.5,0.5,0.5,0.5,0.5,0.5,0.5,0.5,1,0,0,neutral,Unknown,individual,unknown,original,yes,0,0,0,0,0,0,0,0,0,0,0,0
365,34011,4767,10462,7.1346758967904345,28.663013698630138,0,0,0.5,1.0,0.0,0,0,0.0,0.0,0.0,0.0,0.0,0.0,0.0,0.0,0.0,0,0,0,0.5,0.5,0.5,0.5,0.5,0.5,0.5,0.5,0.5,1,0,0,neutral,Unknown,individual,unknown,original,yes,0,0,0,0,0,0,0,0,0,0,0,0
365,313436,700,1692,447.7657142857143,4.635616438356164,0,0,0.5,1.0,0.0,0,0,0.0,0.0,0.0,0.0,0.0,0.0,0.0,0.0,0.0,0,0,0,0.5,0.5,0.5,0.4,0.5,0.5,0.5,0.4600000000000001,0.5,1,0,0,neutral,Unknown,individual,unknown,original,yes,0,0,0,0,0,0,0,0,0,0,0,0
365,16309,3993,155830,4.084397695967944,426.93150684931504,0,0,0.5,1.0,0.0,0,0,0.0,0.0,0.0,0.0,0.0,0.0,0.0,0.0,0.0,0,0,0,0.5,0.5,0.5,0.5,0.5,0.5,0.5,0.5,0.5,1,0,0,neutral,Unknown,individual,unknown,original,yes,0,0,0,0,0,0,0,0,0,0,0,0
365,10210,1424,4651,7.169943820224719,12.742465753424657,0,0,0.5,1.0,0.0,0,0,0.0,0.0,0.0,0.0,0.0,0.0,0.0,0.0,0.0,0,0,0,0.5,0.5,0.5,0.5,0.5,0.5,0.5,0.5,0.5,1,0,0,neutral,Unknown,individual,unknown,original,yes,0,0,0,0,0,0,0,0,0,0,0,0
365,2756,1609,16266,1.7128651336233685,44.56438356164384,0,0,0.5,1.0,0.0,0,0,0.0,0.0,0.0,0.0,0.0,0.0,0.0,0.0,0.0,0,0,0,0.5,0.5,0.5,0.5,0.5,0.5,0.5,0.5,0.5,1,0,0,neutral,Unknown,individual,unknown,original,yes,0,0,0,0,0,0,0,0,0,0,0,0
365,205374,17649,36404,11.636579976202619,99.73698630136987,0,0,0.5,1.0,0.0,0,0,0.0,0.0,0.0,0.0,0.0,0.0,0.0,0.0,0.0,0,0,0,0.5,0.5,0.5,0.5,0.5,0.5,0.5,0.5,0.5,1,0,0,neutral,Unknown,individual,unknown,original,yes,0,0,0,0,0,0,0,0,0,0,0,0
365,25547,592,30570,43.15371621621622,83.75342465753425,0,0,0.5,1.0,0.0,0,0,0.0,0.0,0.0,0.0,0.0,0.0,0.0,0.0,0.0,0,0,0,0.5,0.5,0.5,0.5,0.5,0.5,0.5,0.5,0.5,1,0,0,neutral,Unknown,individual,unknown,original,yes,0,0,0,0,0,0,0,0,0,0,0,0
365,23681,664,6313,35.66415662650602,17.295890410958904,0,0,0.5,1.0,0.0,0,0,0.0,0.0,0.0,0.0,0.0,0.0,0.0,0.0,0.0,0,0,0,0.5,0.5,0.5,0.5,0.5,0.5,0.5,0.5,0.5,1,0,0,neutral,Unknown,individual,unknown,original,yes,0,0,0,0,0,0,0,0,0,0,0,0
365,1330,722,4505,1.8421052631578947,12.342465753424657,0,0,0.5,1.0,0.0,0,0,0.0,0.0,0.0,0.0,0.0,0.0,0.0,0.0,0.0,0,0,0,0.5,0.5,0.5,0.5,0.5,0.5,0.5,0.5,0.5,1,0,0,neutral,Unknown,individual,unknown,original,yes,0,0,0,0,0,0,0,0,0,0,0,0
365,23853,518,40978,46.04826254826255,112.26849315068493,0,0,0.5,1.0,0.0,0,0,0.0,0.0,0.0,0.0,0.0,0.0,0.0,0.0,0.0,0,0,0,0.5,0.5,0.5,0.5,0.5,0.5,0.5,0.5,0.5,1,0,0,neutral,Unknown,individual,unknown,original,yes,0,0,0,0,0,0,0,0,0,0,0,0
365,9850,5489,33368,1.7944980870832574,91.41917808219178,0,0,0.5,1.0,0.0,0,0,0.0,0.0,0.0,0.0,0.0,0.0,0.0,0.0,0.0,0,0,0,0.5,0.5,0.5,0.5,0.5,0.5,0.5,0.5,0.5,1,0,0,neutral,Unknown,individual,unknown,original,yes,0,0,0,0,0,0,0,0,0,0,0,0
365,47309,793,67036,59.658259773013874,183.66027397260274,0,0,0.5,1.0,0.0,0,0,0.0,0.0,0.0,0.0,0.0,0.0,0.0,0.0,0.0,0,0,0,0.5,0.5,0.5,0.5,0.5,0.5,0.5,0.5,0.5,1,0,0,neutral,Unknown,individual,unknown,original,yes,0,0,0,0,0,0,0,0,0,0,0,0
365,2937,1629,2719,1.8029465930018416,7.449315068493151,0,0,0.5,1.0,0.0,0,0,0.0,0.0,0.0,0.0,0.0,0.0,0.0,0.0,0.0,0,0,0,0.5,0.5,0.5,0.5,0.5,0.5,0.5,0.5,0.5,1,0,0,neutral,Unknown,individual,unknown,original,yes,0,0,0,0,0,0,0,0,0,0,0,0
365,1363,1757,18320,0.7757541263517359,50.19178082191781,0,0,0.5,1.0,0.0,0,0,0.0,0.0,0.0,0.0,0.0,0.0,0.0,0.0,0.0,0,0,0,0.5,0.5,0.5,0.5,0.5,0.5,0.5,0.5,0.5,1,0,0,neutral,Unknown,individual,unknown,original,yes,0,0,0,0,0,0,0,0,0,0,0,0
365,4187,1756,9622,2.384396355353075,26.361643835616437,0,0,0.5,1.0,0.0,0,0,0.0,0.0,0.0,0.0,0.0,0.0,0.0,0.0,0.0,0,0,0,0.5,0.5,0.5,0.5,0.5,0.5,0.5,0.5,0.5,1,0,0,neutral,Unknown,individual,unknown,original,yes,0,0,0,0,0,0,0,0,0,0,0,0
365,365173,0,208,0.0,0.5698630136986301,0,0,0.5,1.0,0.0,0,0,0.0,0.0,0.0,0.0,0.0,0.0,0.0,0.0,0.0,0,0,0,0.5,0.5,0.5,0.3,0.5,0.5,0.5,0.42000000000000004,0.5,1,0,0,neutral,Unknown,individual,unknown,original,no,0,0,0,0,0,0,0,0,0,0,0,0
365,5728,1857,18926,3.0845449649973076,51.85205479452055,0,0,0.5,1.0,0.0,0,0,0.0,0.0,0.0,0.0,0.0,0.0,0.0,0.0,0.0,0,0,0,0.5,0.5,0.5,0.5,0.5,0.5,0.5,0.5,0.5,1,0,0,neutral,Unknown,individual,unknown,original,yes,0,0,0,0,0,0,0,0,0,0,0,0
365,7295,1034,7377,7.055125725338491,20.21095890410959,0,0,0.5,1.0,0.0,0,0,0.0,0.0,0.0,0.0,0.0,0.0,0.0,0.0,0.0,0,0,0,0.5,0.5,0.5,0.5,0.5,0.5,0.5,0.5,0.5,1,0,0,neutral,Unknown,individual,unknown,original,yes,0,0,0,0,0,0,0,0,0,0,0,0
365,2197,1881,12800,1.1679957469431153,35.06849315068493,0,0,0.5,1.0,0.0,0,0,0.0,0.0,0.0,0.0,0.0,0.0,0.0,0.0,0.0,0,0,0,0.5,0.5,0.5,0.5,0.5,0.5,0.5,0.5,0.5,1,0,0,neutral,Unknown,individual,unknown,original,yes,0,0,0,0,0,0,0,0,0,0,0,0
365,1690,813,7182,2.078720787207872,19.676712328767124,0,0,0.5,1.0,0.0,0,0,0.0,0.0,0.0,0.0,0.0,0.0,0.0,0.0,0.0,0,0,0,0.5,0.5,0.5,0.5,0.5,0.5,0.5,0.5,0.5,1,0,0,neutral,Unknown,individual,unknown,original,yes,0,0,0,0,0,0,0,0,0,0,0,0
365,5459,828,33493,6.592995169082125,91.76164383561644,0,0,0.5,1.0,0.0,0,0,0.0,0.0,0.0,0.0,0.0,0.0,0.0,0.0,0.0,0,0,0,0.5,0.5,0.5,0.5,0.5,0.5,0.5,0.5,0.5,1,0,0,neutral,Unknown,individual,unknown,original,yes,0,0,0,0,0,0,0,0,0,0,0,0
365,6656,367,6146,18.13623978201635,16.838356164383562,0,0,0.5,1.0,0.0,0,0,0.0,0.0,0.0,0.0,0.0,0.0,0.0,0.0,0.0,0,0,0,0.5,0.5,0.5,0.5,0.5,0.5,0.5,0.5,0.5,1,0,0,neutral,Unknown,individual,unknown,original,yes,0,0,0,0,0,0,0,0,0,0,0,0
365,1620,1443,6351,1.1226611226611227,17.4,0,0,0.5,1.0,0.0,0,0,0.0,0.0,0.0,0.0,0.0,0.0,0.0,0.0,0.0,0,0,0,0.5,0.5,0.5,0.5,0.5,0.5,0.5,0.5,0.5,1,0,0,neutral,Unknown,individual,unknown,original,yes,0,0,0,0,0,0,0,0,0,0,0,0
365,3336,1068,6043,3.1235955056179776,16.556164383561644,0,0,0.5,1.0,0.0,0,0,0.0,0.0,0.0,0.0,0.0,0.0,0.0,0.0,0.0,0,0,0,0.5,0.5,0.5,0.5,0.5,0.5,0.5,0.5,0.5,1,0,0,neutral,Unknown,individual,unknown,original,yes,0,0,0,0,0,0,0,0,0,0,0,0
365,10004234,101,385994,99051.82178217822,1057.517808219178,0,0,0.5,1.0,0.0,0,0,0.0,0.0,0.0,0.0,0.0,0.0,0.0,0.0,0.0,0,0,0,0.5,0.5,0.5,0.4,0.5,0.5,0.5,0.4600000000000001,0.5,1,0,0,neutral,Unknown,individual,unknown,original,yes,0,0,0,0,0,0,0,0,0,0,0,0
365,78946,1067,60868,73.9887535145267,166.76164383561644,0,0,0.5,1.0,0.0,0,0,0.0,0.0,0.0,0.0,0.0,0.0,0.0,0.0,0.0,0,0,0,0.5,0.5,0.5,0.5,0.5,0.5,0.5,0.5,0.5,1,0,0,neutral,Unknown,individual,unknown,original,yes,0,0,0,0,0,0,0,0,0,0,0,0
365,65215,316,24815,206.376582278481,67.98630136986301,0,0,0.5,1.0,0.0,0,0,0.0,0.0,0.0,0.0,0.0,0.0,0.0,0.0,0.0,0,0,0,0.5,0.5,0.5,0.4,0.5,0.5,0.5,0.4600000000000001,0.5,1,0,0,neutral,Unknown,individual,unknown,original,yes,0,0,0,0,0,0,0,0,0,0,0,0
365,19590,5264,9041,3.721504559270517,24.76986301369863,0,0,0.5,1.0,0.0,0,0,0.0,0.0,0.0,0.0,0.0,0.0,0.0,0.0,0.0,0,0,0,0.5,0.5,0.5,0.5,0.5,0.5,0.5,0.5,0.5,1,0,0,neutral,Unknown,individual,unknown,original,yes,0,0,0,0,0,0,0,0,0,0,0,0
365,5266,460,21159,11.447826086956521,57.96986301369863,0,0,0.5,1.0,0.0,0,0,0.0,0.0,0.0,0.0,0.0,0.0,0.0,0.0,0.0,0,0,0,0.5,0.5,0.5,0.5,0.5,0.5,0.5,0.5,0.5,1,0,0,neutral,Unknown,individual,unknown,original,yes,0,0,0,0,0,0,0,0,0,0,0,0
365,2514,714,3498,3.5210084033613445,9.583561643835617,0,0,0.5,1.0,0.0,0,0,0.0,0.0,0.0,0.0,0.0,0.0,0.0,0.0,0.0,0,0,0,0.5,0.5,0.5,0.5,0.5,0.5,0.5,0.5,0.5,1,0,0,neutral,Unknown,individual,unknown,original,yes,0,0,0,0,0,0,0,0,0,0,0,0
365,38074,3287,10221,11.583206571341648,28.002739726027396,0,0,0.5,1.0,0.0,0,0,0.0,0.0,0.0,0.0,0.0,0.0,0.0,0.0,0.0,0,0,0,0.5,0.5,0.5,0.5,0.5,0.5,0.5,0.5,0.5,1,0,0,neutral,Unknown,individual,unknown,original,yes,0,0,0,0,0,0,0,0,0,0,0,0
365,20151,4640,24978,4.342887931034483,68.43287671232876,0,0,0.5,1.0,0.0,0,0,0.0,0.0,0.0,0.0,0.0,0.0,0.0,0.0,0.0,0,0,0,0.5,0.5,0.5,0.5,0.5,0.5,0.5,0.5,0.5,1,0,0,neutral,Unknown,individual,unknown,original,yes,0,0,0,0,0,0,0,0,0,0,0,0
365,62656,6280,39854,9.977070063694267,109.18904109589042,0,0,0.5,1.0,0.0,0,0,0.0,0.0,0.0,0.0,0.0,0.0,0.0,0.0,0.0,0,0,0,0.5,0.5,0.5,0.5,0.5,0.5,0.5,0.5,0.5,1,0,0,neutral,Unknown,individual,unknown,original,yes,0,0,0,0,0,0,0,0,0,0,0,0
365,2058,1066,3821,1.9305816135084428,10.468493150684932,0,0,0.5,1.0,0.0,0,0,0.0,0.0,0.0,0.0,0.0,0.0,0.0,0.0,0.0,0,0,0,0.5,0.5,0.5,0.5,0.5,0.5,0.5,0.5,0.5,1,0,0,neutral,Unknown,individual,unknown,original,yes,0,0,0,0,0,0,0,0,0,0,0,0
365,16728,802,35716,20.85785536159601,97.85205479452055,0,0,0.5,1.0,0.0,0,0,0.0,0.0,0.0,0.0,0.0,0.0,0.0,0.0,0.0,0,0,0,0.5,0.5,0.5,0.5,0.5,0.5,0.5,0.5,0.5,1,0,0,neutral,Unknown,individual,unknown,original,yes,0,0,0,0,0,0,0,0,0,0,0,0
365,23992,344,2743,69.74418604651163,7.515068493150685,0,0,0.5,1.0,0.0,0,0,0.0,0.0,0.0,0.0,0.0,0.0,0.0,0.0,0.0,0,0,0,0.5,0.5,0.5,0.5,0.5,0.5,0.5,0.5,0.5,1,0,0,neutral,Unknown,individual,unknown,original,yes,0,0,0,0,0,0,0,0,0,0,0,0
365,30869,2033,7419,15.183964584358092,20.326027397260273,0,0,0.5,1.0,0.0,0,0,0.0,0.0,0.0,0.0,0.0,0.0,0.0,0.0,0.0,0,0,0,0.5,0.5,0.5,0.5,0.5,0.5,0.5,0.5,0.5,1,0,0,neutral,Unknown,individual,unknown,original,yes,0,0,0,0,0,0,0,0,0,0,0,0
365,2574,1831,4085,1.4057891862370289,11.191780821917808,0,0,0.5,1.0,0.0,0,0,0.0,0.0,0.0,0.0,0.0,0.0,0.0,0.0,0.0,0,0,0,0.5,0.5,0.5,0.5,0.5,0.5,0.5,0.5,0.5,1,0,0,neutral,Unknown,individual,unknown,original,yes,0,0,0,0,0,0,0,0,0,0,0,0
365,487302,458,13237,1063.9781659388645,36.26575342465753,0,0,0.5,1.0,0.0,0,0,0.0,0.0,0.0,0.0,0.0,0.0,0.0,0.0,0.0,0,0,0,0.5,0.5,0.5,0.4,0.5,0.5,0.5,0.4600000000000001,0.5,1,0,0,neutral,Unknown,individual,unknown,original,yes,0,0,0,0,0,0,0,0,0,0,0,0
365,6203,1908,15470,3.25104821802935,42.38356164383562,0,0,0.5,1.0,0.0,0,0,0.0,0.0,0.0,0.0,0.0,0.0,0.0,0.0,0.0,0,0,0,0.5,0.5,0.5,0.5,0.5,0.5,0.5,0.5,0.5,1,0,0,neutral,Unknown,individual,unknown,original,yes,0,0,0,0,0,0,0,0,0,0,0,0
365,118756,164,3132,724.1219512195122,8.580821917808219,0,0,0.5,1.0,0.0,0,0,0.0,0.0,0.0,0.0,0.0,0.0,0.0,0.0,0.0,0,0,0,0.5,0.5,0.5,0.4,0.5,0.5,0.5,0.4600000000000001,0.5,1,0,0,neutral,Unknown,individual,unknown,original,yes,0,0,0,0,0,0,0,0,0,0,0,0
365,2011,1953,11224,1.0296979006656426,30.75068493150685,0,0,0.5,1.0,0.0,0,0,0.0,0.0,0.0,0.0,0.0,0.0,0.0,0.0,0.0,0,0,0,0.5,0.5,0.5,0.5,0.5,0.5,0.5,0.5,0.5,1,0,0,neutral,Unknown,individual,unknown,original,yes,0,0,0,0,0,0,0,0,0,0,0,0
365,11247,989,13826,11.372093023255815,37.87945205479452,0,0,0.5,1.0,0.0,0,0,0.0,0.0,0.0,0.0,0.0,0.0,0.0,0.0,0.0,0,0,0,0.5,0.5,0.5,0.5,0.5,0.5,0.5,0.5,0.5,1,0,0,neutral,Unknown,individual,unknown,original,yes,0,0,0,0,0,0,0,0,0,0,0,0
365,2104,1151,13410,1.8279756733275412,36.73972602739726,0,0,0.5,1.0,0.0,0,0,0.0,0.0,0.0,0.0,0.0,0.0,0.0,0.0,0.0,0,0,0,0.5,0.5,0.5,0.5,0.5,0.5,0.5,0.5,0.5,1,0,0,neutral,Unknown,individual,unknown,original,yes,0,0,0,0,0,0,0,0,0,0,0,0
365,74498,4836,21379,15.404880066170389,58.57260273972603,0,0,0.5,1.0,0.0,0,0,0.0,0.0,0.0,0.0,0.0,0.0,0.0,0.0,0.0,0,0,0,0.5,0.5,0.5,0.5,0.5,0.5,0.5,0.5,0.5,1,0,0,neutral,Unknown,individual,unknown,original,yes,0,0,0,0,0,0,0,0,0,0,0,0
365,57973,2434,69385,23.817995069843878,190.0958904109589,0,0,0.5,1.0,0.0,0,0,0.0,0.0,0.0,0.0,0.0,0.0,0.0,0.0,0.0,0,0,0,0.5,0.5,0.5,0.5,0.5,0.5,0.5,0.5,0.5,1,0,0,neutral,Unknown,individual,unknown,original,yes,0,0,0,0,0,0,0,0,0,0,0,0
365,2572,152,1475,16.92105263157895,4.041095890410959,0,0,0.5,1.0,0.0,0,0,0.0,0.0,0.0,0.0,0.0,0.0,0.0,0.0,0.0,0,0,0,0.5,0.5,0.5,0.5,0.5,0.5,0.5,0.5,0.5,1,0,0,neutral,Unknown,individual,unknown,original,yes,0,0,0,0,0,0,0,0,0,0,0,0
365,74762,2653,24860,28.18017338861666,68.10958904109589,0,0,0.5,1.0,0.0,0,0,0.0,0.0,0.0,0.0,0.0,0.0,0.0,0.0,0.0,0,0,0,0.5,0.5,0.5,0.5,0.5,0.5,0.5,0.5,0.5,1,0,0,neutral,Unknown,individual,unknown,original,yes,0,0,0,0,0,0,0,0,0,0,0,0
365,9930,1385,19260,7.169675090252707,52.76712328767123,0,0,0.5,1.0,0.0,0,0,0.0,0.0,0.0,0.0,0.0,0.0,0.0,0.0,0.0,0,0,0,0.5,0.5,0.5,0.5,0.5,0.5,0.5,0.5,0.5,1,0,0,neutral,Unknown,individual,unknown,original,yes,0,0,0,0,0,0,0,0,0,0,0,0
365,82608,824,38819,100.25242718446601,106.35342465753425,0,0,0.5,1.0,0.0,0,0,0.0,0.0,0.0,0.0,0.0,0.0,0.0,0.0,0.0,0,0,0,0.5,0.5,0.5,0.4,0.5,0.5,0.5,0.4600000000000001,0.5,1,0,0,neutral,Unknown,individual,unknown,original,yes,0,0,0,0,0,0,0,0,0,0,0,0
365,10477,1647,8412,6.361262902246509,23.046575342465754,0,0,0.5,1.0,0.0,0,0,0.0,0.0,0.0,0.0,0.0,0.0,0.0,0.0,0.0,0,0,0,0.5,0.5,0.5,0.5,0.5,0.5,0.5,0.5,0.5,1,0,0,neutral,Unknown,individual,unknown,original,yes,0,0,0,0,0,0,0,0,0,0,0,0
365,14205,250,2497,56.82,6.841095890410959,0,0,0.5,1.0,0.0,0,0,0.0,0.0,0.0,0.0,0.0,0.0,0.0,0.0,0.0,0,0,0,0.5,0.5,0.5,0.5,0.5,0.5,0.5,0.5,0.5,1,0,0,neutral,Unknown,individual,unknown,original,yes,0,0,0,0,0,0,0,0,0,0,0,0
365,365372,10618,83718,34.41062346957996,229.36438356164385,0,0,0.5,1.0,0.0,0,0,0.0,0.0,0.0,0.0,0.0,0.0,0.0,0.0,0.0,0,0,0,0.5,0.5,0.5,0.5,0.5,0.5,0.5,0.5,0.5,1,0,0,neutral,Unknown,individual,unknown,original,yes,0,0,0,0,0,0,0,0,0,0,0,0
365,3362,2024,21046,1.6610671936758894,57.66027397260274,0,0,0.5,1.0,0.0,0,0,0.0,0.0,0.0,0.0,0.0,0.0,0.0,0.0,0.0,0,0,0,0.5,0.5,0.5,0.5,0.5,0.5,0.5,0.5,0.5,1,0,0,neutral,Unknown,individual,unknown,original,yes,0,0,0,0,0,0,0,0,0,0,0,0
365,25539,5149,48113,4.959992231501262,131.81643835616438,0,0,0.5,1.0,0.0,0,0,0.0,0.0,0.0,0.0,0.0,0.0,0.0,0.0,0.0,0,0,0,0.5,0.5,0.5,0.5,0.5,0.5,0.5,0.5,0.5,1,0,0,neutral,Unknown,individual,unknown,original,yes,0,0,0,0,0,0,0,0,0,0,0,0
365,57642,2824,25381,20.411473087818695,69.53698630136986,0,0,0.5,1.0,0.0,0,0,0.0,0.0,0.0,0.0,0.0,0.0,0.0,0.0,0.0,0,0,0,0.5,0.5,0.5,0.5,0.5,0.5,0.5,0.5,0.5,1,0,0,neutral,Unknown,individual,unknown,original,yes,0,0,0,0,0,0,0,0,0,0,0,0
365,2570,1649,17140,1.558520315342632,46.95890410958904,0,0,0.5,1.0,0.0,0,0,0.0,0.0,0.0,0.0,0.0,0.0,0.0,0.0,0.0,0,0,0,0.5,0.5,0.5,0.5,0.5,0.5,0.5,0.5,0.5,1,0,0,neutral,Unknown,individual,unknown,original,yes,0,0,0,0,0,0,0,0,0,0,0,0
365,3457,819,13140,4.221001221001221,36.0,0,0,0.5,1.0,0.0,0,0,0.0,0.0,0.0,0.0,0.0,0.0,0.0,0.0,0.0,0,0,0,0.5,0.5,0.5,0.5,0.5,0.5,0.5,0.5,0.5,1,0,0,neutral,Unknown,individual,unknown,original,yes,0,0,0,0,0,0,0,0,0,0,0,0
365,377966,265,13094,1426.2867924528302,35.87397260273973,0,0,0.5,1.0,0.0,0,0,0.0,0.0,0.0,0.0,0.0,0.0,0.0,0.0,0.0,0,0,0,0.5,0.5,0.5,0.4,0.5,0.5,0.5,0.4600000000000001,0.5,1,0,0,neutral,Unknown,individual,unknown,original,yes,0,0,0,0,0,0,0,0,0,0,0,0
365,62183,164,4788,379.1646341463415,13.117808219178082,0,0,0.5,1.0,0.0,0,0,0.0,0.0,0.0,0.0,0.0,0.0,0.0,0.0,0.0,0,0,0,0.5,0.5,0.5,0.4,0.5,0.5,0.5,0.4600000000000001,0.5,1,0,0,neutral,Unknown,individual,unknown,original,yes,0,0,0,0,0,0,0,0,0,0,0,0
365,21384,1183,1259,18.07607776838546,3.4493150684931506,0,0,0.5,1.0,0.0,0,0,0.0,0.0,0.0,0.0,0.0,0.0,0.0,0.0,0.0,0,0,0,0.5,0.5,0.5,0.5,0.5,0.5,0.5,0.5,0.5,1,0,0,neutral,Unknown,individual,unknown,original,yes,0,0,0,0,0,0,0,0,0,0,0,0
365,154472,428,757,360.9158878504673,2.073972602739726,0,0,0.5,1.0,0.0,0,0,0.0,0.0,0.0,0.0,0.0,0.0,0.0,0.0,0.0,0,0,0,0.5,0.5,0.5,0.4,0.5,0.5,0.5,0.4600000000000001,0.5,1,0,0,neutral,Unknown,individual,unknown,original,yes,0,0,0,0,0,0,0,0,0,0,0,0
365,33318,1046,6442,31.852772466539196,17.649315068493152,0,0,0.5,1.0,0.0,0,0,0.0,0.0,0.0,0.0,0.0,0.0,0.0,0.0,0.0,0,0,0,0.5,0.5,0.5,0.5,0.5,0.5,0.5,0.5,0.5,1,0,0,neutral,Unknown,individual,unknown,original,yes,0,0,0,0,0,0,0,0,0,0,0,0
365,2662,555,13162,4.796396396396396,36.06027397260274,0,0,0.5,1.0,0.0,0,0,0.0,0.0,0.0,0.0,0.0,0.0,0.0,0.0,0.0,0,0,0,0.5,0.5,0.5,0.5,0.5,0.5,0.5,0.5,0.5,1,0,0,neutral,Unknown,individual,unknown,original,yes,0,0,0,0,0,0,0,0,0,0,0,0
365,163286,1511,103793,108.06485771012575,284.3643835616438,0,0,0.5,1.0,0.0,0,0,0.0,0.0,0.0,0.0,0.0,0.0,0.0,0.0,0.0,0,0,0,0.5,0.5,0.5,0.4,0.5,0.5,0.5,0.4600000000000001,0.5,1,0,0,neutral,Unknown,individual,unknown,original,yes,0,0,0,0,0,0,0,0,0,0,0,0
365,20524,4221,30520,4.862354892205638,83.61643835616438,0,0,0.5,1.0,0.0,0,0,0.0,0.0,0.0,0.0,0.0,0.0,0.0,0.0,0.0,0,0,0,0.5,0.5,0.5,0.5,0.5,0.5,0.5,0.5,0.5,1,0,0,neutral,Unknown,individual,unknown,original,yes,0,0,0,0,0,0,0,0,0,0,0,0
365,42558,2608,14287,16.31825153374233,39.14246575342466,0,0,0.5,1.0,0.0,0,0,0.0,0.0,0.0,0.0,0.0,0.0,0.0,0.0,0.0,0,0,0,0.5,0.5,0.5,0.5,0.5,0.5,0.5,0.5,0.5,1,0,0,neutral,Unknown,individual,unknown,original,yes,0,0,0,0,0,0,0,0,0,0,0,0
365,1669,2046,8,0.8157380254154448,0.021917808219178082,0,0,0.5,1.0,0.0,0,0,0.0,0.0,0.0,0.0,0.0,0.0,0.0,0.0,0.0,0,0,0,0.5,0.5,0.5,0.5,0.5,0.5,0.5,0.5,0.5,1,0,0,neutral,Unknown,individual,unknown,original,yes,0,0,0,0,0,0,0,0,0,0,0,0
365,11400,641,54360,17.784711388455538,148.93150684931507,0,0,0.5,1.0,0.0,0,0,0.0,0.0,0.0,0.0,0.0,0.0,0.0,0.0,0.0,0,0,0,0.5,0.5,0.5,0.5,0.5,0.5,0.5,0.5,0.5,1,0,0,neutral,Unknown,individual,unknown,original,yes,0,0,0,0,0,0,0,0,0,0,0,0
365,2988,2678,16386,1.1157580283793875,44.893150684931506,0,0,0.5,1.0,0.0,0,0,0.0,0.0,0.0,0.0,0.0,0.0,0.0,0.0,0.0,0,0,0,0.5,0.5,0.5,0.5,0.5,0.5,0.5,0.5,0.5,1,0,0,neutral,Unknown,individual,unknown,original,yes,0,0,0,0,0,0,0,0,0,0,0,0
365,96096,494,18763,194.52631578947367,51.40547945205479,0,0,0.5,1.0,0.0,0,0,0.0,0.0,0.0,0.0,0.0,0.0,0.0,0.0,0.0,0,0,0,0.5,0.5,0.5,0.4,0.5,0.5,0.5,0.4600000000000001,0.5,1,0,0,neutral,Unknown,individual,unknown,original,yes,0,0,0,0,0,0,0,0,0,0,0,0
365,604,626,475,0.9648562300319489,1.3013698630136987,0,0,0.5,1.0,0.0,0,0,0.0,0.0,0.0,0.0,0.0,0.0,0.0,0.0,0.0,0,0,0,0.5,0.5,0.5,0.5,0.5,0.5,0.5,0.5,0.5,1,0,0,neutral,Unknown,individual,unknown,original,no,0,0,0,0,0,0,0,0,0,0,0,0
365,91397,895,4892,102.11955307262569,13.402739726027397,0,0,0.5,1.0,0.0,0,0,0.0,0.0,0.0,0.0,0.0,0.0,0.0,0.0,0.0,0,0,0,0.5,0.5,0.5,0.4,0.5,0.5,0.5,0.4600000000000001,0.5,1,0,0,neutral,Unknown,individual,unknown,original,yes,0,0,0,0,0,0,0,0,0,0,0,0
365,212697,6303,14179,33.74535935268919,38.846575342465755,0,0,0.5,1.0,0.0,0,0,0.0,0.0,0.0,0.0,0.0,0.0,0.0,0.0,0.0,0,0,0,0.5,0.5,0.5,0.5,0.5,0.5,0.5,0.5,0.5,1,0,0,neutral,Unknown,individual,unknown,original,yes,0,0,0,0,0,0,0,0,0,0,0,0
365,4358,3719,35430,1.1718203818230708,97.06849315068493,0,0,0.5,1.0,0.0,0,0,0.0,0.0,0.0,0.0,0.0,0.0,0.0,0.0,0.0,0,0,0,0.5,0.5,0.5,0.5,0.5,0.5,0.5,0.5,0.5,1,0,0,neutral,Unknown,individual,unknown,original,yes,0,0,0,0,0,0,0,0,0,0,0,0
365,6688,1041,33011,6.424591738712776,90.44109589041096,0,0,0.5,1.0,0.0,0,0,0.0,0.0,0.0,0.0,0.0,0.0,0.0,0.0,0.0,0,0,0,0.5,0.5,0.5,0.5,0.5,0.5,0.5,0.5,0.5,1,0,0,neutral,Unknown,individual,unknown,original,yes,0,0,0,0,0,0,0,0,0,0,0,0
365,1246113,409,534797,3046.7310513447433,1465.1972602739727,0,0,0.5,1.0,0.0,0,0,0.0,0.0,0.0,0.0,0.0,0.0,0.0,0.0,0.0,0,0,0,0.5,0.5,0.5,0.4,0.5,0.5,0.5,0.4600000000000001,0.5,1,0,0,neutral,Unknown,individual,unknown,original,yes,0,0,0,0,0,0,0,0,0,0,0,0
365,5036,767,9930,6.565840938722294,27.205479452054796,0,0,0.5,1.0,0.0,0,0,0.0,0.0,0.0,0.0,0.0,0.0,0.0,0.0,0.0,0,0,0,0.5,0.5,0.5,0.5,0.5,0.5,0.5,0.5,0.5,1,0,0,neutral,Unknown,individual,unknown,original,yes,0,0,0,0,0,0,0,0,0,0,0,0
365,2102,1142,9689,1.840630472854641,26.545205479452054,0,0,0.5,1.0,0.0,0,0,0.0,0.0,0.0,0.0,0.0,0.0,0.0,0.0,0.0,0,0,0,0.5,0.5,0.5,0.5,0.5,0.5,0.5,0.5,0.5,1,0,0,neutral,Unknown,individual,unknown,original,yes,0,0,0,0,0,0,0,0,0,0,0,0
365,8050,1910,9856,4.214659685863874,27.002739726027396,0,0,0.5,1.0,0.0,0,0,0.0,0.0,0.0,0.0,0.0,0.0,0.0,0.0,0.0,0,0,0,0.5,0.5,0.5,0.5,0.5,0.5,0.5,0.5,0.5,1,0,0,neutral,Unknown,individual,unknown,original,yes,0,0,0,0,0,0,0,0,0,0,0,0
365,60275,0,452,0.0,1.2383561643835617,0,0,0.5,1.0,0.0,0,0,0.0,0.0,0.0,0.0,0.0,0.0,0.0,0.0,0.0,0,0,0,0.5,0.5,0.5,0.3,0.5,0.5,0.5,0.42000000000000004,0.5,1,0,0,neutral,Unknown,individual,unknown,original,yes,0,0,0,0,0,0,0,0,0,0,0,0
365,20153,423,4878,47.643026004728135,13.364383561643836,0,0,0.5,1.0,0.0,0,0,0.0,0.0,0.0,0.0,0.0,0.0,0.0,0.0,0.0,0,0,0,0.5,0.5,0.5,0.5,0.5,0.5,0.5,0.5,0.5,1,0,0,neutral,Unknown,individual,unknown,original,yes,0,0,0,0,0,0,0,0,0,0,0,0
365,4336,1641,3383,2.6422912858013405,9.26849315068493,0,0,0.5,1.0,0.0,0,0,0.0,0.0,0.0,0.0,0.0,0.0,0.0,0.0,0.0,0,0,0,0.5,0.5,0.5,0.5,0.5,0.5,0.5,0.5,0.5,1,0,0,neutral,Unknown,individual,unknown,original,yes,0,0,0,0,0,0,0,0,0,0,0,0
365,155282,724,25023,214.47790055248618,68.55616438356165,0,0,0.5,1.0,0.0,0,0,0.0,0.0,0.0,0.0,0.0,0.0,0.0,0.0,0.0,0,0,0,0.5,0.5,0.5,0.4,0.5,0.5,0.5,0.4600000000000001,0.5,1,0,0,neutral,Unknown,individual,unknown,original,yes,0,0,0,0,0,0,0,0,0,0,0,0
365,19234,544,34670,35.356617647058826,94.98630136986301,0,0,0.5,1.0,0.0,0,0,0.0,0.0,0.0,0.0,0.0,0.0,0.0,0.0,0.0,0,0,0,0.5,0.5,0.5,0.5,0.5,0.5,0.5,0.5,0.5,1,0,0,neutral,Unknown,individual,unknown,original,yes,0,0,0,0,0,0,0,0,0,0,0,0
365,44361,1464,102468,30.30122950819672,280.73424657534247,0,0,0.5,1.0,0.0,0,0,0.0,0.0,0.0,0.0,0.0,0.0,0.0,0.0,0.0,0,0,0,0.5,0.5,0.5,0.5,0.5,0.5,0.5,0.5,0.5,1,0,0,neutral,Unknown,individual,unknown,original,yes,0,0,0,0,0,0,0,0,0,0,0,0
365,15687,1328,1379,11.8125,3.778082191780822,0,0,0.5,1.0,0.0,0,0,0.0,0.0,0.0,0.0,0.0,0.0,0.0,0.0,0.0,0,0,0,0.5,0.5,0.5,0.5,0.5,0.5,0.5,0.5,0.5,1,0,0,neutral,Unknown,individual,unknown,original,yes,0,0,0,0,0,0,0,0,0,0,0,0
365,5917,752,6358,7.868351063829787,17.41917808219178,0,0,0.5,1.0,0.0,0,0,0.0,0.0,0.0,0.0,0.0,0.0,0.0,0.0,0.0,0,0,0,0.5,0.5,0.5,0.5,0.5,0.5,0.5,0.5,0.5,1,0,0,neutral,Unknown,individual,unknown,original,yes,0,0,0,0,0,0,0,0,0,0,0,0
365,1660,510,1306,3.2549019607843137,3.578082191780822,0,0,0.5,1.0,0.0,0,0,0.0,0.0,0.0,0.0,0.0,0.0,0.0,0.0,0.0,0,0,0,0.5,0.5,0.5,0.5,0.5,0.5,0.5,0.5,0.5,1,0,0,neutral,Unknown,individual,unknown,original,yes,0,0,0,0,0,0,0,0,0,0,0,0
365,5337,2195,12765,2.4314350797266515,34.97260273972603,0,0,0.5,1.0,0.0,0,0,0.0,0.0,0.0,0.0,0.0,0.0,0.0,0.0,0.0,0,0,0,0.5,0.5,0.5,0.5,0.5,0.5,0.5,0.5,0.5,1,0,0,neutral,Unknown,individual,unknown,original,yes,0,0,0,0,0,0,0,0,0,0,0,0
365,23068,290,62225,79.54482758620689,170.4794520547945,0,0,0.5,1.0,0.0,0,0,0.0,0.0,0.0,0.0,0.0,0.0,0.0,0.0,0.0,0,0,0,0.5,0.5,0.5,0.5,0.5,0.5,0.5,0.5,0.5,1,0,0,neutral,Unknown,individual,unknown,original,yes,0,0,0,0,0,0,0,0,0,0,0,0
365,2337,1066,1322,2.1923076923076925,3.621917808219178,0,0,0.5,1.0,0.0,0,0,0.0,0.0,0.0,0.0,0.0,0.0,0.0,0.0,0.0,0,0,0,0.5,0.5,0.5,0.5,0.5,0.5,0.5,0.5,0.5,1,0,0,neutral,Unknown,individual,unknown,original,yes,0,0,0,0,0,0,0,0,0,0,0,0
365,3501,994,19534,3.522132796780684,53.51780821917808,0,0,0.5,1.0,0.0,0,0,0.0,0.0,0.0,0.0,0.0,0.0,0.0,0.0,0.0,0,0,0,0.5,0.5,0.5,0.5,0.5,0.5,0.5,0.5,0.5,1,0,0,neutral,Unknown,individual,unknown,original,yes,0,0,0,0,0,0,0,0,0,0,0,0
365,35807,976,24779,36.6875,67.88767123287671,0,0,0.5,1.0,0.0,0,0,0.0,0.0,0.0,0.0,0.0,0.0,0.0,0.0,0.0,0,0,0,0.5,0.5,0.5,0.5,0.5,0.5,0.5,0.5,0.5,1,0,0,neutral,Unknown,individual,unknown,original,yes,0,0,0,0,0,0,0,0,0,0,0,0
365,2986,235,3979,12.706382978723404,10.901369863013699,0,0,0.5,1.0,0.0,0,0,0.0,0.0,0.0,0.0,0.0,0.0,0.0,0.0,0.0,0,0,0,0.5,0.5,0.5,0.5,0.5,0.5,0.5,0.5,0.5,1,0,0,neutral,Unknown,individual,unknown,original,yes,0,0,0,0,0,0,0,0,0,0,0,0
365,19467,1053,20560,18.487179487179485,56.32876712328767,0,0,0.5,1.0,0.0,0,0,0.0,0.0,0.0,0.0,0.0,0.0,0.0,0.0,0.0,0,0,0,0.5,0.5,0.5,0.5,0.5,0.5,0.5,0.5,0.5,1,0,0,neutral,Unknown,individual,unknown,original,yes,0,0,0,0,0,0,0,0,0,0,0,0
365,439904,140,9248,3142.1714285714284,25.336986301369862,0,0,0.5,1.0,0.0,0,0,0.0,0.0,0.0,0.0,0.0,0.0,0.0,0.0,0.0,0,0,0,0.5,0.5,0.5,0.4,0.5,0.5,0.5,0.4600000000000001,0.5,1,0,0,neutral,Unknown,individual,unknown,original,yes,0,0,0,0,0,0,0,0,0,0,0,0
365,566180,766,12061,739.1383812010444,33.04383561643836,0,0,0.5,1.0,0.0,0,0,0.0,0.0,0.0,0.0,0.0,0.0,0.0,0.0,0.0,0,0,0,0.5,0.5,0.5,0.4,0.5,0.5,0.5,0.4600000000000001,0.5,1,0,0,neutral,Unknown,individual,unknown,original,yes,0,0,0,0,0,0,0,0,0,0,0,0
365,4719,1215,4745,3.8839506172839506,13.0,0,0,0.5,1.0,0.0,0,0,0.0,0.0,0.0,0.0,0.0,0.0,0.0,0.0,0.0,0,0,0,0.5,0.5,0.5,0.5,0.5,0.5,0.5,0.5,0.5,1,0,0,neutral,Unknown,individual,unknown,original,yes,0,0,0,0,0,0,0,0,0,0,0,0
365,1749,532,5172,3.287593984962406,14.169863013698631,0,0,0.5,1.0,0.0,0,0,0.0,0.0,0.0,0.0,0.0,0.0,0.0,0.0,0.0,0,0,0,0.5,0.5,0.5,0.5,0.5,0.5,0.5,0.5,0.5,1,0,0,neutral,Unknown,individual,unknown,original,yes,0,0,0,0,0,0,0,0,0,0,0,0
365,133290,1189,63324,112.10260723296888,173.4904109589041,0,0,0.5,1.0,0.0,0,0,0.0,0.0,0.0,0.0,0.0,0.0,0.0,0.0,0.0,0,0,0,0.5,0.5,0.5,0.4,0.5,0.5,0.5,0.4600000000000001,0.5,1,0,0,neutral,Unknown,individual,unknown,original,yes,0,0,0,0,0,0,0,0,0,0,0,0
365,23774,1007,23156,23.608738828202583,63.441095890410956,0,0,0.5,1.0,0.0,0,0,0.0,0.0,0.0,0.0,0.0,0.0,0.0,0.0,0.0,0,0,0,0.5,0.5,0.5,0.5,0.5,0.5,0.5,0.5,0.5,1,0,0,neutral,Unknown,individual,unknown,original,yes,0,0,0,0,0,0,0,0,0,0,0,0
365,45814,456,33682,100.46929824561404,92.27945205479452,0,0,0.5,1.0,0.0,0,0,0.0,0.0,0.0,0.0,0.0,0.0,0.0,0.0,0.0,0,0,0,0.5,0.5,0.5,0.4,0.5,0.5,0.5,0.4600000000000001,0.5,1,0,0,neutral,Unknown,individual,unknown,original,yes,0,0,0,0,0,0,0,0,0,0,0,0
365,855503,377,4002,2269.238726790451,10.964383561643835,0,0,0.5,1.0,0.0,0,0,0.0,0.0,0.0,0.0,0.0,0.0,0.0,0.0,0.0,0,0,0,0.5,0.5,0.5,0.4,0.5,0.5,0.5,0.4600000000000001,0.5,1,0,0,neutral,Unknown,individual,unknown,original,yes,0,0,0,0,0,0,0,0,0,0,0,0
365,6605,177,10118,37.31638418079096,27.720547945205478,0,0,0.5,1.0,0.0,0,0,0.0,0.0,0.0,0.0,0.0,0.0,0.0,0.0,0.0,0,0,0,0.5,0.5,0.5,0.5,0.5,0.5,0.5,0.5,0.5,1,0,0,neutral,Unknown,individual,unknown,original,yes,0,0,0,0,0,0,0,0,0,0,0,0
365,34223,34097,24076,1.0036953397659618,65.96164383561644,0,0,0.5,1.0,0.0,0,0,0.0,0.0,0.0,0.0,0.0,0.0,0.0,0.0,0.0,0,0,0,0.5,0.5,0.5,0.5,0.5,0.5,0.5,0.5,0.5,1,0,0,neutral,Unknown,individual,unknown,original,yes,0,0,0,0,0,0,0,0,0,0,0,0
365,2965,1033,17061,2.8702807357212006,46.74246575342466,0,0,0.5,1.0,0.0,0,0,0.0,0.0,0.0,0.0,0.0,0.0,0.0,0.0,0.0,0,0,0,0.5,0.5,0.5,0.5,0.5,0.5,0.5,0.5,0.5,1,0,0,neutral,Unknown,individual,unknown,original,yes,0,0,0,0,0,0,0,0,0,0,0,0
365,267359,465,258697,574.9655913978495,708.758904109589,0,0,0.5,1.0,0.0,0,0,0.0,0.0,0.0,0.0,0.0,0.0,0.0,0.0,0.0,0,0,0,0.5,0.5,0.5,0.4,0.5,0.5,0.5,0.4600000000000001,0.5,1,0,0,neutral,Unknown,individual,unknown,original,yes,0,0,0,0,0,0,0,0,0,0,0,0
365,32536,271,7674,120.0590405904059,21.024657534246575,0,0,0.5,1.0,0.0,0,0,0.0,0.0,0.0,0.0,0.0,0.0,0.0,0.0,0.0,0,0,0,0.5,0.5,0.5,0.4,0.5,0.5,0.5,0.4600000000000001,0.5,1,0,0,neutral,Unknown,individual,unknown,original,yes,0,0,0,0,0,0,0,0,0,0,0,0
365,22046,41,6805,537.7073170731708,18.643835616438356,0,0,0.5,1.0,0.0,0,0,0.0,0.0,0.0,0.0,0.0,0.0,0.0,0.0,0.0,0,0,0,0.5,0.5,0.5,0.4,0.5,0.5,0.5,0.4600000000000001,0.5,1,0,0,neutral,Unknown,individual,unknown,original,yes,0,0,0,0,0,0,0,0,0,0,0,0
365,24504,23904,10374,1.0251004016064258,28.421917808219177,0,0,0.5,1.0,0.0,0,0,0.0,0.0,0.0,0.0,0.0,0.0,0.0,0.0,0.0,0,0,0,0.5,0.5,0.5,0.5,0.5,0.5,0.5,0.5,0.5,1,0,0,neutral,Unknown,individual,unknown,original,yes,0,0,0,0,0,0,0,0,0,0,0,0
365,219,232,1481,0.9439655172413793,4.057534246575343,0,0,0.5,1.0,0.0,0,0,0.0,0.0,0.0,0.0,0.0,0.0,0.0,0.0,0.0,0,0,0,0.5,0.5,0.5,0.5,0.5,0.5,0.5,0.5,0.5,1,0,0,neutral,Unknown,individual,unknown,original,yes,0,0,0,0,0,0,0,0,0,0,0,0
365,42515,12215,81220,3.4805566925910765,222.5205479452055,0,0,0.5,1.0,0.0,0,0,0.0,0.0,0.0,0.0,0.0,0.0,0.0,0.0,0.0,0,0,0,0.5,0.5,0.5,0.5,0.5,0.5,0.5,0.5,0.5,1,0,0,neutral,Unknown,individual,unknown,original,yes,0,0,0,0,0,0,0,0,0,0,0,0
365,1729,317,7046,5.454258675078864,19.304109589041097,0,0,0.5,1.0,0.0,0,0,0.0,0.0,0.0,0.0,0.0,0.0,0.0,0.0,0.0,0,0,0,0.5,0.5,0.5,0.5,0.5,0.5,0.5,0.5,0.5,1,0,0,neutral,Unknown,individual,unknown,original,yes,0,0,0,0,0,0,0,0,0,0,0,0
365,6696,2577,66925,2.5983701979045404,183.35616438356163,0,0,0.5,1.0,0.0,0,0,0.0,0.0,0.0,0.0,0.0,0.0,0.0,0.0,0.0,0,0,0,0.5,0.5,0.5,0.5,0.5,0.5,0.5,0.5,0.5,1,0,0,neutral,Unknown,individual,unknown,original,yes,0,0,0,0,0,0,0,0,0,0,0,0
365,2085559,69,4592,30225.492753623188,12.580821917808219,0,0,0.5,1.0,0.0,0,0,0.0,0.0,0.0,0.0,0.0,0.0,0.0,0.0,0.0,0,0,0,0.5,0.5,0.5,0.4,0.5,0.5,0.5,0.4600000000000001,0.5,1,0,0,neutral,Unknown,individual,unknown,original,yes,0,0,0,0,0,0,0,0,0,0,0,0
365,42221,147,1569,287.21768707482994,4.298630136986302,0,0,0.5,1.0,0.0,0,0,0.0,0.0,0.0,0.0,0.0,0.0,0.0,0.0,0.0,0,0,0,0.5,0.5,0.5,0.4,0.5,0.5,0.5,0.4600000000000001,0.5,1,0,0,neutral,Unknown,individual,unknown,original,yes,0,0,0,0,0,0,0,0,0,0,0,0
365,2616,637,28674,4.106750392464678,78.55890410958904,0,0,0.5,1.0,0.0,0,0,0.0,0.0,0.0,0.0,0.0,0.0,0.0,0.0,0.0,0,0,0,0.5,0.5,0.5,0.5,0.5,0.5,0.5,0.5,0.5,1,0,0,neutral,Unknown,individual,unknown,original,yes,0,0,0,0,0,0,0,0,0,0,0,0
365,6443,1124,10722,5.73220640569395,29.375342465753423,0,0,0.5,1.0,0.0,0,0,0.0,0.0,0.0,0.0,0.0,0.0,0.0,0.0,0.0,0,0,0,0.5,0.5,0.5,0.5,0.5,0.5,0.5,0.5,0.5,1,0,0,neutral,Unknown,individual,unknown,original,yes,0,0,0,0,0,0,0,0,0,0,0,0
365,7376,309,543,23.870550161812297,1.4876712328767123,0,0,0.5,1.0,0.0,0,0,0.0,0.0,0.0,0.0,0.0,0.0,0.0,0.0,0.0,0,0,0,0.5,0.5,0.5,0.5,0.5,0.5,0.5,0.5,0.5,1,0,0,neutral,Unknown,individual,unknown,original,yes,0,0,0,0,0,0,0,0,0,0,0,0
365,18391,3103,3192,5.926844988720593,8.745205479452055,0,0,0.5,1.0,0.0,0,0,0.0,0.0,0.0,0.0,0.0,0.0,0.0,0.0,0.0,0,0,0,0.5,0.5,0.5,0.5,0.5,0.5,0.5,0.5,0.5,1,0,0,neutral,Unknown,individual,unknown,original,yes,0,0,0,0,0,0,0,0,0,0,0,0
365,71328,1217,4374,58.60969597370583,11.983561643835616,0,0,0.5,1.0,0.0,0,0,0.0,0.0,0.0,0.0,0.0,0.0,0.0,0.0,0.0,0,0,0,0.5,0.5,0.5,0.5,0.5,0.5,0.5,0.5,0.5,1,0,0,neutral,Unknown,individual,unknown,original,yes,0,0,0,0,0,0,0,0,0,0,0,0
365,176913,798,58015,221.6954887218045,158.94520547945206,0,0,0.5,1.0,0.0,0,0,0.0,0.0,0.0,0.0,0.0,0.0,0.0,0.0,0.0,0,0,0,0.5,0.5,0.5,0.4,0.5,0.5,0.5,0.4600000000000001,0.5,1,0,0,neutral,Unknown,individual,unknown,original,yes,0,0,0,0,0,0,0,0,0,0,0,0
365,6178,2768,19185,2.231936416184971,52.56164383561644,0,0,0.5,1.0,0.0,0,0,0.0,0.0,0.0,0.0,0.0,0.0,0.0,0.0,0.0,0,0,0,0.5,0.5,0.5,0.5,0.5,0.5,0.5,0.5,0.5,1,0,0,neutral,Unknown,individual,unknown,original,yes,0,0,0,0,0,0,0,0,0,0,0,0
365,16513,13716,60679,1.2039224263633712,166.24383561643836,0,0,0.5,1.0,0.0,0,0,0.0,0.0,0.0,0.0,0.0,0.0,0.0,0.0,0.0,0,0,0,0.5,0.5,0.5,0.5,0.5,0.5,0.5,0.5,0.5,1,0,0,neutral,Unknown,individual,unknown,original,yes,0,0,0,0,0,0,0,0,0,0,0,0
365,4452,1854,6887,2.401294498381877,18.86849315068493,0,0,0.5,1.0,0.0,0,0,0.0,0.0,0.0,0.0,0.0,0.0,0.0,0.0,0.0,0,0,0,0.5,0.5,0.5,0.5,0.5,0.5,0.5,0.5,0.5,1,0,0,neutral,Unknown,individual,unknown,original,yes,0,0,0,0,0,0,0,0,0,0,0,0
365,3477,267,2394,13.02247191011236,6.558904109589041,0,0,0.5,1.0,0.0,0,0,0.0,0.0,0.0,0.0,0.0,0.0,0.0,0.0,0.0,0,0,0,0.5,0.5,0.5,0.5,0.5,0.5,0.5,0.5,0.5,1,0,0,neutral,Unknown,individual,unknown,original,yes,0,0,0,0,0,0,0,0,0,0,0,0
365,2995,936,3550,3.199786324786325,9.726027397260275,0,0,0.5,1.0,0.0,0,0,0.0,0.0,0.0,0.0,0.0,0.0,0.0,0.0,0.0,0,0,0,0.5,0.5,0.5,0.5,0.5,0.5,0.5,0.5,0.5,1,0,0,neutral,Unknown,individual,unknown,original,yes,0,0,0,0,0,0,0,0,0,0,0,0
365,2568,1354,1837,1.896602658788774,5.032876712328767,0,0,0.5,1.0,0.0,0,0,0.0,0.0,0.0,0.0,0.0,0.0,0.0,0.0,0.0,0,0,0,0.5,0.5,0.5,0.5,0.5,0.5,0.5,0.5,0.5,1,0,0,neutral,Unknown,individual,unknown,original,yes,0,0,0,0,0,0,0,0,0,0,0,0
365,136735,371,16160,368.5579514824798,44.273972602739725,0,0,0.5,1.0,0.0,0,0,0.0,0.0,0.0,0.0,0.0,0.0,0.0,0.0,0.0,0,0,0,0.5,0.5,0.5,0.4,0.5,0.5,0.5,0.4600000000000001,0.5,1,0,0,neutral,Unknown,individual,unknown,original,yes,0,0,0,0,0,0,0,0,0,0,0,0
365,789,374,24772,2.109625668449198,67.86849315068493,0,0,0.5,1.0,0.0,0,0,0.0,0.0,0.0,0.0,0.0,0.0,0.0,0.0,0.0,0,0,0,0.5,0.5,0.5,0.5,0.5,0.5,0.5,0.5,0.5,1,0,0,neutral,Unknown,individual,unknown,original,yes,0,0,0,0,0,0,0,0,0,0,0,0
365,40230,910,52109,44.20879120879121,142.76438356164383,0,0,0.5,1.0,0.0,0,0,0.0,0.0,0.0,0.0,0.0,0.0,0.0,0.0,0.0,0,0,0,0.5,0.5,0.5,0.5,0.5,0.5,0.5,0.5,0.5,1,0,0,neutral,Unknown,individual,unknown,original,yes,0,0,0,0,0,0,0,0,0,0,0,0
365,72501,2653,39255,27.327930644553337,107.54794520547945,0,0,0.5,1.0,0.0,0,0,0.0,0.0,0.0,0.0,0.0,0.0,0.0,0.0,0.0,0,0,0,0.5,0.5,0.5,0.5,0.5,0.5,0.5,0.5,0.5,1,0,0,neutral,Unknown,individual,unknown,original,yes,0,0,0,0,0,0,0,0,0,0,0,0
365,10598,625,58243,16.9568,159.56986301369864,0,0,0.5,1.0,0.0,0,0,0.0,0.0,0.0,0.0,0.0,0.0,0.0,0.0,0.0,0,0,0,0.5,0.5,0.5,0.5,0.5,0.5,0.5,0.5,0.5,1,0,0,neutral,Unknown,individual,unknown,original,yes,0,0,0,0,0,0,0,0,0,0,0,0
365,16830,686,14280,24.533527696793,39.12328767123287,0,0,0.5,1.0,0.0,0,0,0.0,0.0,0.0,0.0,0.0,0.0,0.0,0.0,0.0,0,0,0,0.5,0.5,0.5,0.5,0.5,0.5,0.5,0.5,0.5,1,0,0,neutral,Unknown,individual,unknown,original,yes,0,0,0,0,0,0,0,0,0,0,0,0
365,94728,1790,32506,52.92067039106145,89.05753424657534,0,0,0.5,1.0,0.0,0,0,0.0,0.0,0.0,0.0,0.0,0.0,0.0,0.0,0.0,0,0,0,0.5,0.5,0.5,0.5,0.5,0.5,0.5,0.5,0.5,1,0,0,neutral,Unknown,individual,unknown,original,yes,0,0,0,0,0,0,0,0,0,0,0,0
365,173703,1370,25384,126.79051094890511,69.54520547945205,0,0,0.5,1.0,0.0,0,0,0.0,0.0,0.0,0.0,0.0,0.0,0.0,0.0,0.0,0,0,0,0.5,0.5,0.5,0.4,0.5,0.5,0.5,0.4600000000000001,0.5,1,0,0,neutral,Unknown,individual,unknown,original,yes,0,0,0,0,0,0,0,0,0,0,0,0
365,1798,1973,9927,0.9113025848960973,27.197260273972603,0,0,0.5,1.0,0.0,0,0,0.0,0.0,0.0,0.0,0.0,0.0,0.0,0.0,0.0,0,0,0,0.5,0.5,0.5,0.5,0.5,0.5,0.5,0.5,0.5,1,0,0,neutral,Unknown,individual,unknown,original,yes,0,0,0,0,0,0,0,0,0,0,0,0
365,29012,2404,13015,12.068219633943428,35.657534246575345,0,0,0.5,1.0,0.0,0,0,0.0,0.0,0.0,0.0,0.0,0.0,0.0,0.0,0.0,0,0,0,0.5,0.5,0.5,0.5,0.5,0.5,0.5,0.5,0.5,1,0,0,neutral,Unknown,individual,unknown,original,yes,0,0,0,0,0,0,0,0,0,0,0,0
365,17667,515,4160,34.30485436893204,11.397260273972602,0,0,0.5,1.0,0.0,0,0,0.0,0.0,0.0,0.0,0.0,0.0,0.0,0.0,0.0,0,0,0,0.5,0.5,0.5,0.5,0.5,0.5,0.5,0.5,0.5,1,0,0,neutral,Unknown,individual,unknown,original,yes,0,0,0,0,0,0,0,0,0,0,0,0
365,378221,2631,96035,143.75560623337134,263.1095890410959,0,0,0.5,1.0,0.0,0,0,0.0,0.0,0.0,0.0,0.0,0.0,0.0,0.0,0.0,0,0,0,0.5,0.5,0.5,0.4,0.5,0.5,0.5,0.4600000000000001,0.5,1,0,0,neutral,Unknown,individual,unknown,original,yes,0,0,0,0,0,0,0,0,0,0,0,0
365,4815,1497,39037,3.216432865731463,106.95068493150686,0,0,0.5,1.0,0.0,0,0,0.0,0.0,0.0,0.0,0.0,0.0,0.0,0.0,0.0,0,0,0,0.5,0.5,0.5,0.5,0.5,0.5,0.5,0.5,0.5,1,0,0,neutral,Unknown,individual,unknown,original,yes,0,0,0,0,0,0,0,0,0,0,0,0
365,35830,5905,29483,6.0677392040643525,80.77534246575343,0,0,0.5,1.0,0.0,0,0,0.0,0.0,0.0,0.0,0.0,0.0,0.0,0.0,0.0,0,0,0,0.5,0.5,0.5,0.5,0.5,0.5,0.5,0.5,0.5,1,0,0,neutral,Unknown,individual,unknown,original,yes,0,0,0,0,0,0,0,0,0,0,0,0
365,2848,974,30376,2.924024640657084,83.22191780821917,0,0,0.5,1.0,0.0,0,0,0.0,0.0,0.0,0.0,0.0,0.0,0.0,0.0,0.0,0,0,0,0.5,0.5,0.5,0.5,0.5,0.5,0.5,0.5,0.5,1,0,0,neutral,Unknown,individual,unknown,original,yes,0,0,0,0,0,0,0,0,0,0,0,0
365,14690,1710,17800,8.590643274853802,48.76712328767123,0,0,0.5,1.0,0.0,0,0,0.0,0.0,0.0,0.0,0.0,0.0,0.0,0.0,0.0,0,0,0,0.5,0.5,0.5,0.5,0.5,0.5,0.5,0.5,0.5,1,0,0,neutral,Unknown,individual,unknown,original,yes,0,0,0,0,0,0,0,0,0,0,0,0
365,2277,876,6184,2.5993150684931505,16.942465753424656,0,0,0.5,1.0,0.0,0,0,0.0,0.0,0.0,0.0,0.0,0.0,0.0,0.0,0.0,0,0,0,0.5,0.5,0.5,0.5,0.5,0.5,0.5,0.5,0.5,1,0,0,neutral,Unknown,individual,unknown,original,yes,0,0,0,0,0,0,0,0,0,0,0,0
365,4766,2020,1505,2.3594059405940593,4.123287671232877,0,0,0.5,1.0,0.0,0,0,0.0,0.0,0.0,0.0,0.0,0.0,0.0,0.0,0.0,0,0,0,0.5,0.5,0.5,0.5,0.5,0.5,0.5,0.5,0.5,1,0,0,neutral,Unknown,individual,unknown,original,yes,0,0,0,0,0,0,0,0,0,0,0,0
365,800,670,2645,1.1940298507462686,7.2465753424657535,0,0,0.5,1.0,0.0,0,0,0.0,0.0,0.0,0.0,0.0,0.0,0.0,0.0,0.0,0,0,0,0.5,0.5,0.5,0.5,0.5,0.5,0.5,0.5,0.5,1,0,0,neutral,Unknown,individual,unknown,original,yes,0,0,0,0,0,0,0,0,0,0,0,0
365,216789,1601,138010,135.40849469081823,378.1095890410959,0,0,0.5,1.0,0.0,0,0,0.0,0.0,0.0,0.0,0.0,0.0,0.0,0.0,0.0,0,0,0,0.5,0.5,0.5,0.4,0.5,0.5,0.5,0.4600000000000001,0.5,1,0,0,neutral,Unknown,individual,unknown,original,yes,0,0,0,0,0,0,0,0,0,0,0,0
365,5035,633,84991,7.954186413902054,232.85205479452054,0,0,0.5,1.0,0.0,0,0,0.0,0.0,0.0,0.0,0.0,0.0,0.0,0.0,0.0,0,0,0,0.5,0.5,0.5,0.5,0.5,0.5,0.5,0.5,0.5,1,0,0,neutral,Unknown,individual,unknown,original,yes,0,0,0,0,0,0,0,0,0,0,0,0
365,5880,1087,14035,5.409383624655014,38.45205479452055,0,0,0.5,1.0,0.0,0,0,0.0,0.0,0.0,0.0,0.0,0.0,0.0,0.0,0.0,0,0,0,0.5,0.5,0.5,0.5,0.5,0.5,0.5,0.5,0.5,1,0,0,neutral,Unknown,individual,unknown,original,no,0,0,0,0,0,0,0,0,0,0,0,0
365,14335,262,2737,54.713740458015266,7.498630136986302,0,0,0.5,1.0,0.0,0,0,0.0,0.0,0.0,0.0,0.0,0.0,0.0,0.0,0.0,0,0,0,0.5,0.5,0.5,0.5,0.5,0.5,0.5,0.5,0.5,1,0,0,neutral,Unknown,individual,unknown,original,yes,0,0,0,0,0,0,0,0,0,0,0,0
365,9614,427,13183,22.515222482435597,36.11780821917808,0,0,0.5,1.0,0.0,0,0,0.0,0.0,0.0,0.0,0.0,0.0,0.0,0.0,0.0,0,0,0,0.5,0.5,0.5,0.5,0.5,0.5,0.5,0.5,0.5,1,0,0,neutral,Unknown,individual,unknown,original,yes,0,0,0,0,0,0,0,0,0,0,0,0
365,66825,621,25388,107.6086956521739,69.55616438356165,0,0,0.5,1.0,0.0,0,0,0.0,0.0,0.0,0.0,0.0,0.0,0.0,0.0,0.0,0,0,0,0.5,0.5,0.5,0.4,0.5,0.5,0.5,0.4600000000000001,0.5,1,0,0,neutral,Unknown,individual,unknown,original,yes,0,0,0,0,0,0,0,0,0,0,0,0
365,7491,7777,22166,0.9632248939179632,60.728767123287675,0,0,0.5,1.0,0.0,0,0,0.0,0.0,0.0,0.0,0.0,0.0,0.0,0.0,0.0,0,0,0,0.5,0.5,0.5,0.5,0.5,0.5,0.5,0.5,0.5,1,0,0,neutral,Unknown,individual,unknown,original,yes,0,0,0,0,0,0,0,0,0,0,0,0
365,1833,784,49953,2.3380102040816326,136.85753424657534,0,0,0.5,1.0,0.0,0,0,0.0,0.0,0.0,0.0,0.0,0.0,0.0,0.0,0.0,0,0,0,0.5,0.5,0.5,0.5,0.5,0.5,0.5,0.5,0.5,1,0,0,neutral,Unknown,individual,unknown,original,yes,0,0,0,0,0,0,0,0,0,0,0,0
365,17373,880,63928,19.742045454545455,175.14520547945204,0,0,0.5,1.0,0.0,0,0,0.0,0.0,0.0,0.0,0.0,0.0,0.0,0.0,0.0,0,0,0,0.5,0.5,0.5,0.5,0.5,0.5,0.5,0.5,0.5,1,0,0,neutral,Unknown,individual,unknown,original,yes,0,0,0,0,0,0,0,0,0,0,0,0
365,19126,1992,1651,9.60140562248996,4.523287671232877,0,0,0.5,1.0,0.0,0,0,0.0,0.0,0.0,0.0,0.0,0.0,0.0,0.0,0.0,0,0,0,0.5,0.5,0.5,0.5,0.5,0.5,0.5,0.5,0.5,1,0,0,neutral,Unknown,individual,unknown,original,yes,0,0,0,0,0,0,0,0,0,0,0,0
365,4414,716,11793,6.164804469273743,32.30958904109589,0,0,0.5,1.0,0.0,0,0,0.0,0.0,0.0,0.0,0.0,0.0,0.0,0.0,0.0,0,0,0,0.5,0.5,0.5,0.5,0.5,0.5,0.5,0.5,0.5,1,0,0,neutral,Unknown,individual,unknown,original,yes,0,0,0,0,0,0,0,0,0,0,0,0
365,2534,2475,14186,1.0238383838383838,38.865753424657534,0,0,0.5,1.0,0.0,0,0,0.0,0.0,0.0,0.0,0.0,0.0,0.0,0.0,0.0,0,0,0,0.5,0.5,0.5,0.5,0.5,0.5,0.5,0.5,0.5,1,0,0,neutral,Unknown,individual,unknown,original,yes,0,0,0,0,0,0,0,0,0,0,0,0
365,29045,4248,3735,6.837335216572504,10.232876712328768,0,0,0.5,1.0,0.0,0,0,0.0,0.0,0.0,0.0,0.0,0.0,0.0,0.0,0.0,0,0,0,0.5,0.5,0.5,0.5,0.5,0.5,0.5,0.5,0.5,1,0,0,neutral,Unknown,individual,unknown,original,yes,0,0,0,0,0,0,0,0,0,0,0,0
365,13545,2898,83727,4.673913043478261,229.3890410958904,0,0,0.5,1.0,0.0,0,0,0.0,0.0,0.0,0.0,0.0,0.0,0.0,0.0,0.0,0,0,0,0.5,0.5,0.5,0.5,0.5,0.5,0.5,0.5,0.5,1,0,0,neutral,Unknown,individual,unknown,original,yes,0,0,0,0,0,0,0,0,0,0,0,0
365,16525,6208,64496,2.6618878865979383,176.7013698630137,0,0,0.5,1.0,0.0,0,0,0.0,0.0,0.0,0.0,0.0,0.0,0.0,0.0,0.0,0,0,0,0.5,0.5,0.5,0.5,0.5,0.5,0.5,0.5,0.5,1,0,0,neutral,Unknown,individual,unknown,original,yes,0,0,0,0,0,0,0,0,0,0,0,0
365,2046,952,6504,2.149159663865546,17.81917808219178,0,0,0.5,1.0,0.0,0,0,0.0,0.0,0.0,0.0,0.0,0.0,0.0,0.0,0.0,0,0,0,0.5,0.5,0.5,0.5,0.5,0.5,0.5,0.5,0.5,1,0,0,neutral,Unknown,individual,unknown,original,yes,0,0,0,0,0,0,0,0,0,0,0,0
365,4564,487,18848,9.371663244353183,51.63835616438356,0,0,0.5,1.0,0.0,0,0,0.0,0.0,0.0,0.0,0.0,0.0,0.0,0.0,0.0,0,0,0,0.5,0.5,0.5,0.5,0.5,0.5,0.5,0.5,0.5,1,0,0,neutral,Unknown,individual,unknown,original,yes,0,0,0,0,0,0,0,0,0,0,0,0
365,7680,4587,10959,1.6742969260954872,30.024657534246575,0,0,0.5,1.0,0.0,0,0,0.0,0.0,0.0,0.0,0.0,0.0,0.0,0.0,0.0,0,0,0,0.5,0.5,0.5,0.5,0.5,0.5,0.5,0.5,0.5,1,0,0,neutral,Unknown,individual,unknown,original,yes,0,0,0,0,0,0,0,0,0,0,0,0
365,11202,1157,20119,9.681936041486603,55.12054794520548,0,0,0.5,1.0,0.0,0,0,0.0,0.0,0.0,0.0,0.0,0.0,0.0,0.0,0.0,0,0,0,0.5,0.5,0.5,0.5,0.5,0.5,0.5,0.5,0.5,1,0,0,neutral,Unknown,individual,unknown,original,yes,0,0,0,0,0,0,0,0,0,0,0,0
365,3020,790,4671,3.8227848101265822,12.797260273972602,0,0,0.5,1.0,0.0,0,0,0.0,0.0,0.0,0.0,0.0,0.0,0.0,0.0,0.0,0,0,0,0.5,0.5,0.5,0.5,0.5,0.5,0.5,0.5,0.5,1,0,0,neutral,Unknown,individual,unknown,original,yes,0,0,0,0,0,0,0,0,0,0,0,0
365,4074,4239,712,0.9610757254069356,1.9506849315068493,0,0,0.5,1.0,0.0,0,0,0.0,0.0,0.0,0.0,0.0,0.0,0.0,0.0,0.0,0,0,0,0.5,0.5,0.5,0.5,0.5,0.5,0.5,0.5,0.5,1,0,0,neutral,Unknown,individual,unknown,original,yes,0,0,0,0,0,0,0,0,0,0,0,0
365,17014,2610,17452,6.518773946360153,47.81369863013698,0,0,0.5,1.0,0.0,0,0,0.0,0.0,0.0,0.0,0.0,0.0,0.0,0.0,0.0,0,0,0,0.5,0.5,0.5,0.5,0.5,0.5,0.5,0.5,0.5,1,0,0,neutral,Unknown,individual,unknown,original,yes,0,0,0,0,0,0,0,0,0,0,0,0
365,367516,20245,158301,18.15342059767844,433.7013698630137,0,0,0.5,1.0,0.0,0,0,0.0,0.0,0.0,0.0,0.0,0.0,0.0,0.0,0.0,0,0,0,0.5,0.5,0.5,0.5,0.5,0.5,0.5,0.5,0.5,1,0,0,neutral,Unknown,individual,unknown,original,yes,0,0,0,0,0,0,0,0,0,0,0,0
365,55512,11725,57015,4.734498933901919,156.2054794520548,0,0,0.5,1.0,0.0,0,0,0.0,0.0,0.0,0.0,0.0,0.0,0.0,0.0,0.0,0,0,0,0.5,0.5,0.5,0.5,0.5,0.5,0.5,0.5,0.5,1,0,0,neutral,Unknown,individual,unknown,original,yes,0,0,0,0,0,0,0,0,0,0,0,0
365,15349596,692,9798,22181.49710982659,26.843835616438355,0,0,0.5,1.0,0.0,0,0,0.0,0.0,0.0,0.0,0.0,0.0,0.0,0.0,0.0,0,0,0,0.5,0.5,0.5,0.4,0.5,0.5,0.5,0.4600000000000001,0.5,1,0,0,neutral,Unknown,individual,unknown,original,yes,0,0,0,0,0,1,0,0,0,0,0,0
365,0,44,0,0.0,0.0,0,0,0.5,1.0,0.0,0,0,0.0,0.0,0.0,0.0,0.0,0.0,0.0,0.0,0.0,0,0,0,0.5,0.5,0.5,0.8,0.5,0.5,0.5,0.6200000000000001,0.5,1,0,0,neutral,Unknown,individual,unknown,original,yes,0,0,0,0,0,1,0,0,0,0,0,0
365,762839,475,5518,1605.9768421052631,15.117808219178082,0,0,0.5,1.0,0.0,0,0,0.0,0.0,0.0,0.0,0.0,0.0,0.0,0.0,0.0,0,0,0,0.5,0.5,0.5,0.4,0.5,0.5,0.5,0.4600000000000001,0.5,1,0,0,neutral,Unknown,individual,unknown,original,yes,0,0,0,0,0,1,0,0,0,0,0,0
365,327587,4801,192876,68.23307644240784,528.427397260274,0,0,0.5,1.0,0.0,0,0,0.0,0.0,0.0,0.0,0.0,0.0,0.0,0.0,0.0,0,0,0,0.5,0.5,0.5,0.5,0.5,0.5,0.5,0.5,0.5,1,0,0,neutral,Unknown,individual,unknown,original,yes,0,0,0,0,0,1,0,0,0,0,0,0
365,13324,647,103,20.5935085007728,0.2821917808219178,0,0,0.5,1.0,0.0,0,0,0.0,0.0,0.0,0.0,0.0,0.0,0.0,0.0,0.0,0,0,0,0.5,0.5,0.5,0.5,0.5,0.5,0.5,0.5,0.5,1,0,0,neutral,Unknown,individual,unknown,original,yes,0,0,0,0,0,1,0,0,0,0,0,0
365,12601567,96,4879,131266.32291666666,13.367123287671232,0,0,0.5,1.0,0.0,0,0,0.0,0.0,0.0,0.0,0.0,0.0,0.0,0.0,0.0,0,0,0,0.5,0.5,0.5,0.4,0.5,0.5,0.5,0.4600000000000001,0.5,1,0,0,neutral,Unknown,individual,unknown,original,yes,0,0,0,0,0,1,0,0,0,0,0,0
365,112403156,295385,31055,380.5310222252315,85.08219178082192,0,0,0.5,1.0,0.0,0,0,0.0,0.0,0.0,0.0,0.0,0.0,0.0,0.0,0.0,0,0,0,0.5,0.5,0.5,0.4,0.5,0.5,0.5,0.4600000000000001,0.5,1,0,0,neutral,Unknown,individual,unknown,original,yes,0,0,0,0,0,1,0,0,0,0,0,0
365,2656850,168,1873,15814.583333333334,5.131506849315069,0,0,0.5,1.0,0.0,0,0,0.0,0.0,0.0,0.0,0.0,0.0,0.0,0.0,0.0,0,0,0,0.5,0.5,0.5,0.4,0.5,0.5,0.5,0.4600000000000001,0.5,1,0,0,neutral,Unknown,individual,unknown,original,yes,0,0,0,0,0,1,0,0,0,0,0,0
365,4,66,0,0.06060606060606061,0.0,0,0,0.5,1.0,0.0,0,0,0.0,0.0,0.0,0.0,0.0,0.0,0.0,0.0,0.0,0,0,0,0.5,0.5,0.5,0.9,0.5,0.5,0.5,0.66,0.5,1,0,0,neutral,Unknown,individual,unknown,original,yes,0,0,0,0,0,1,0,0,0,0,0,0
365,14514819,3,204827,4838273.0,561.1698630136987,0,0,0.5,1.0,0.0,0,0,0.0,0.0,0.0,0.0,0.0,0.0,0.0,0.0,0.0,0,0,0,0.5,0.5,0.5,0.4,0.5,0.5,0.5,0.4600000000000001,0.5,1,0,0,neutral,Unknown,individual,unknown,original,yes,0,0,0,0,0,1,0,0,0,0,0,0
365,3756,326,1020,11.521472392638037,2.7945205479452055,0,0,0.5,1.0,0.0,0,0,0.0,0.0,0.0,0.0,0.0,0.0,0.0,0.0,0.0,0,0,0,0.5,0.5,0.5,0.5,0.5,0.5,0.5,0.5,0.5,1,0,0,neutral,Unknown,individual,unknown,original,yes,0,0,0,0,0,1,0,0,0,0,0,0
365,189379,163965,5947,1.1549964931540269,16.293150684931508,0,0,0.5,1.0,0.0,0,0,0.0,0.0,0.0,0.0,0.0,0.0,0.0,0.0,0.0,0,0,0,0.5,0.5,0.5,0.5,0.5,0.5,0.5,0.5,0.5,1,0,0,neutral,Unknown,individual,unknown,original,yes,0,0,0,0,0,1,0,0,0,0,0,0
365,7723523,348,269504,22194.0316091954,738.3671232876712,0,0,0.5,1.0,0.0,0,0,0.0,0.0,0.0,0.0,0.0,0.0,0.0,0.0,0.0,0,0,0,0.5,0.5,0.5,0.4,0.5,0.5,0.5,0.4600000000000001,0.5,1,0,0,neutral,Unknown,individual,unknown,original,yes,0,0,0,0,0,1,0,0,0,0,0,0
365,13120,1406,44434,9.331436699857752,121.73698630136987,0,0,0.5,1.0,0.0,0,0,0.0,0.0,0.0,0.0,0.0,0.0,0.0,0.0,0.0,0,0,0,0.5,0.5,0.5,0.5,0.5,0.5,0.5,0.5,0.5,1,0,0,neutral,Unknown,individual,unknown,original,yes,0,0,0,0,0,1,0,0,0,0,0,0
365,5174221,362,10743,14293.42817679558,29.432876712328767,0,0,0.5,1.0,0.0,0,0,0.0,0.0,0.0,0.0,0.0,0.0,0.0,0.0,0.0,0,0,0,0.5,0.5,0.5,0.4,0.5,0.5,0.5,0.4600000000000001,0.5,1,0,0,neutral,Unknown,individual,unknown,original,yes,0,0,0,0,0,1,0,0,0,0,0,0
365,1468,4,81,367.0,0.2219178082191781,0,0,0.5,1.0,0.0,0,0,0.0,0.0,0.0,0.0,0.0,0.0,0.0,0.0,0.0,0,0,0,0.5,0.5,0.5,0.4,0.5,0.5,0.5,0.4600000000000001,0.5,1,0,0,neutral,Unknown,individual,unknown,original,yes,0,0,0,0,0,1,0,0,0,0,0,0
365,2829,789,211695,3.585551330798479,579.986301369863,0,0,0.5,1.0,0.0,0,0,0.0,0.0,0.0,0.0,0.0,0.0,0.0,0.0,0.0,0,0,0,0.5,0.5,0.5,0.5,0.5,0.5,0.5,0.5,0.5,1,0,0,neutral,Unknown,individual,unknown,original,yes,0,0,0,0,0,1,0,0,0,0,0,0
365,648,513,542,1.263157894736842,1.484931506849315,0,0,0.5,1.0,0.0,0,0,0.0,0.0,0.0,0.0,0.0,0.0,0.0,0.0,0.0,0,0,0,0.5,0.5,0.5,0.5,0.5,0.5,0.5,0.5,0.5,1,0,0,neutral,Unknown,individual,unknown,original,yes,0,0,0,0,0,1,0,0,0,0,0,0
365,49,369,838,0.13279132791327913,2.2958904109589042,0,0,0.5,1.0,0.0,0,0,0.0,0.0,0.0,0.0,0.0,0.0,0.0,0.0,0.0,0,0,0,0.5,0.5,0.5,0.5,0.5,0.5,0.5,0.5,0.5,1,0,0,neutral,Unknown,individual,unknown,original,yes,0,0,0,0,0,1,0,0,0,0,0,0
365,3869942,6201,28291,624.0835349137236,77.5095890410959,0,0,0.5,1.0,0.0,0,0,0.0,0.0,0.0,0.0,0.0,0.0,0.0,0.0,0.0,0,0,0,0.5,0.5,0.5,0.4,0.5,0.5,0.5,0.4600000000000001,0.5,1,0,0,neutral,Unknown,individual,unknown,original,yes,0,0,0,0,0,1,0,0,0,0,0,0
